[debug] Command-line config: ['-vU', '--js-runtimes', 'node:[REDACTED]/node', '--download-archive', '[REDACTED]', '--cookies', '[REDACTED]/cookies.txt', '--sleep-subtitles', '5', '--sleep-interval', '5', '--max-sleep-interval', '12', '--continue', '--retries', 'infinite', '--fragment-retries', 'infinite', '--file-access-retries', '10', '--retry-sleep', '3', '--extractor-retries', '10', '--socket-timeout', '30', '--write-info-json', '--write-description', '--write-thumbnail', '--sub-langs', 'all', '--write-subs', '--sub-format', 'srv3', '--ignore-errors', '--proxy', 'socks5://127.0.0.1:10808', '--write-comments', 'fBnwIw57jGo', 'AqI97zHMoQw', 'FAUrfwJqjtU']
[debug] Encodings: locale UTF-8, fs utf-8, pref UTF-8, out utf-8, error utf-8, screen utf-8
[debug] yt-dlp version nightly@2026.06.13.234541 from yt-dlp/yt-dlp-nightly-builds [b23046bbc] (zip)
[debug] Python 3.12.3 (CPython x86_64 64bit) - Linux-6.8.0-124-generic-x86_64-with-glibc2.39 (OpenSSL 3.0.13 30 Jan 2024, glibc 2.39)
[debug] exe versions: ffmpeg 6.1.1 (setts), ffprobe 6.1.1
[debug] Optional libraries: Cryptodome-3.20.0, brotli-1.1.0, certifi-2023.11.17, mutagen-1.46.0, requests-2.31.0 (unsupported), sqlite3-3.45.1, urllib3-2.0.7, websockets-10.4 (unsupported), yt_dlp_ejs-0.8.0
[debug] JS runtimes: node-26.2.0
[debug] Proxy map: {'all': 'socks5://127.0.0.1:10808'}
[debug] Request Handlers: urllib
[debug] Plugin directories: none
[debug] Loaded 1739 extractors
[debug] Loading archive file '[REDACTED]t'
[debug] Fetching release info: https://api.github.com/repos/yt-dlp/yt-dlp-nightly-builds/releases/latest
ERROR: Unable to obtain version info (HTTP Error 504: Gateway Time-out); Please try again later or visit  https://github.com/yt-dlp/yt-dlp-nightly-builds/releases/latest
[download] fBnwIw57jGo: has already been recorded in the archive
[debug] [youtube] Found YouTube account cookies
[debug] [youtube] [pot] PO Token Providers: none
[debug] [youtube] [pot] PO Token Cache Providers: memory
[debug] [youtube] [pot] PO Token Cache Spec Providers: webpo
[debug] [youtube] [jsc] JS Challenge Providers: bun (unavailable), deno (unavailable), node, quickjs (unavailable)
[youtube] Extracting URL: AqI97zHMoQw
[youtube] AqI97zHMoQw: Downloading webpage
[debug] [youtube] Forcing "main" player JS variant for player 445213fb
        original url = /s/player/445213fb/player_es6_tce.vflset/en_US/base.js
[youtube] AqI97zHMoQw: Downloading tv downgraded player API JSON
[debug] Loading youtube-sigfuncs.445213fb-main-104 from cache
[debug] Loading youtube-sigfuncs.445213fb-main-108 from cache
[youtube] AqI97zHMoQw: Downloading player 445213fb-main
[youtube] [jsc:node] Solving JS challenges using node
[debug] [youtube] [jsc:node] Using challenge solver lib script v0.8.0 (source: python package, variant: minified)
[debug] [youtube] [jsc:node] Using challenge solver core script v0.8.0 (source: python package, variant: minified)
[debug] [youtube] [jsc:node] Running node: [REDACTED]/node --permission -
[debug] [youtube] AqI97zHMoQw: Detected experiment to bind GVS PO Token to video ID for web_safari client
[youtube] AqI97zHMoQw: Downloading m3u8 information
[info] AqI97zHMoQw: Downloading subtitles: en
[debug] Sort order given by extractor: quality, res, fps, hdr:12, source, vcodec, channels, acodec, lang, proto
[debug] Formats sorted by: hasvid, ie_pref, quality, res, fps, hdr:12(7), source, vcodec, channels, acodec, lang, proto, size, br, asr, vext, aext, hasaud, id
[youtube] Downloading comment section API JSON
[youtube] Downloading ~219292 comments
[youtube] Sorting comments by newest
[youtube] Downloading comment API JSON page 1 (0/~219292)
[youtube]     Downloading comment API JSON reply thread 1 (1/~219292)
[youtube]     Downloading comment API JSON reply thread 2 (3/~219292)
[youtube]     Downloading comment API JSON reply thread 3 (11/~219292)
[youtube]     Downloading comment API JSON reply thread 4 (13/~219292)
[youtube]        Downloading comment replies API JSON page 1 (14/~219292)
[youtube]     Downloading comment API JSON reply thread 5 (17/~219292)
[youtube]        Downloading comment replies API JSON page 2 (29/~219292)
[youtube]        Downloading comment replies API JSON page 3 (39/~219292)
[youtube]        Downloading comment replies API JSON page 4 (49/~219292)
[youtube]        Downloading comment replies API JSON page 5 (60/~219292)
[youtube]        Downloading comment replies API JSON page 6 (70/~219292)
[youtube]        Downloading comment replies API JSON page 7 (80/~219292)
[youtube]        Downloading comment replies API JSON page 8 (91/~219292)
[youtube]        Downloading comment replies API JSON page 9 (101/~219292)
[youtube]        Downloading comment replies API JSON page 10 (111/~219292)
[youtube]        Downloading comment replies API JSON page 11 (121/~219292)
[youtube]        Downloading comment replies API JSON page 12 (131/~219292)
[youtube]        Downloading comment replies API JSON page 13 (141/~219292)
[youtube]        Downloading comment replies API JSON page 14 (151/~219292)
[youtube]        Downloading comment replies API JSON page 15 (161/~219292)
[youtube]        Downloading comment replies API JSON page 16 (171/~219292)
[youtube]        Downloading comment replies API JSON page 17 (181/~219292)
[youtube]        Downloading comment replies API JSON page 18 (191/~219292)
[youtube]        Downloading comment replies API JSON page 19 (201/~219292)
[youtube]        Downloading comment replies API JSON page 20 (211/~219292)
[youtube]     Downloading comment API JSON reply thread 6 (223/~219292)
[youtube] Downloading comment API JSON page 2 (239/~219292)
[youtube]     Downloading comment API JSON reply thread 1 (240/~219292)
[youtube]     Downloading comment API JSON reply thread 2 (255/~219292)
[youtube] Downloading comment API JSON page 3 (262/~219292)
[youtube]     Downloading comment API JSON reply thread 1 (265/~219292)
[youtube]     Downloading comment API JSON reply thread 2 (276/~219292)
[youtube] Downloading comment API JSON page 4 (284/~219292)
[youtube]     Downloading comment API JSON reply thread 1 (287/~219292)
[youtube]     Downloading comment API JSON reply thread 2 (296/~219292)
[youtube]     Downloading comment API JSON reply thread 3 (304/~219292)
[youtube] Downloading comment API JSON page 5 (307/~219292)
[youtube]     Downloading comment API JSON reply thread 1 (317/~219292)
[youtube]     Downloading comment API JSON reply thread 2 (328/~219292)
[youtube] Downloading comment API JSON page 6 (329/~219292)
[youtube]     Downloading comment API JSON reply thread 1 (333/~219292)
[youtube]     Downloading comment API JSON reply thread 2 (338/~219292)
[youtube]     Downloading comment API JSON reply thread 3 (344/~219292)
[youtube]     Downloading comment API JSON reply thread 4 (352/~219292)
[youtube] Downloading comment API JSON page 7 (356/~219292)
[youtube]     Downloading comment API JSON reply thread 1 (373/~219292)
[youtube] Downloading comment API JSON page 8 (377/~219292)
[youtube]     Downloading comment API JSON reply thread 1 (391/~219292)
[youtube]     Downloading comment API JSON reply thread 2 (395/~219292)
[youtube] Downloading comment API JSON page 9 (399/~219292)
[youtube]     Downloading comment API JSON reply thread 1 (400/~219292)
[youtube]     Downloading comment API JSON reply thread 2 (408/~219292)
[youtube]     Downloading comment API JSON reply thread 3 (413/~219292)
[youtube] Downloading comment API JSON page 10 (425/~219292)
[youtube] Downloading comment API JSON page 11 (445/~219292)
[youtube]     Downloading comment API JSON reply thread 1 (449/~219292)
[youtube]     Downloading comment API JSON reply thread 2 (455/~219292)
[youtube]     Downloading comment API JSON reply thread 3 (459/~219292)
[youtube]     Downloading comment API JSON reply thread 4 (462/~219292)
[youtube] Downloading comment API JSON page 12 (469/~219292)
[youtube]     Downloading comment API JSON reply thread 1 (488/~219292)
[youtube]     Downloading comment API JSON reply thread 2 (492/~219292)
[youtube] Downloading comment API JSON page 13 (494/~219292)
[youtube]     Downloading comment API JSON reply thread 1 (506/~219292)
[youtube]     Downloading comment API JSON reply thread 2 (513/~219292)
[youtube] Downloading comment API JSON page 14 (516/~219292)
[youtube]     Downloading comment API JSON reply thread 1 (526/~219292)
[youtube]     Downloading comment API JSON reply thread 2 (529/~219292)
[youtube]     Downloading comment API JSON reply thread 3 (533/~219292)
[youtube]     Downloading comment API JSON reply thread 4 (538/~219292)
[youtube] Downloading comment API JSON page 15 (542/~219292)
[youtube]     Downloading comment API JSON reply thread 1 (552/~219292)
[youtube]     Downloading comment API JSON reply thread 2 (560/~219292)
[youtube]     Downloading comment API JSON reply thread 3 (568/~219292)
WARNING: [youtube] Incomplete data received. Retrying (1/10)...
[youtube]     Downloading comment API JSON reply thread 3 (568/~219292)
WARNING: [youtube] Incomplete data received. Retrying (2/10)...
[youtube]     Downloading comment API JSON reply thread 3 (568/~219292)
WARNING: [youtube] Incomplete data received. Retrying (3/10)...
[youtube]     Downloading comment API JSON reply thread 3 (568/~219292)
WARNING: [youtube] Incomplete data received. Retrying (4/10)...
[youtube]     Downloading comment API JSON reply thread 3 (568/~219292)
WARNING: [youtube] Incomplete data received. Retrying (5/10)...
[youtube]     Downloading comment API JSON reply thread 3 (568/~219292)
WARNING: [youtube] Incomplete data received. Retrying (6/10)...
[youtube]     Downloading comment API JSON reply thread 3 (568/~219292)
WARNING: [youtube] Incomplete data received. Retrying (7/10)...
[youtube]     Downloading comment API JSON reply thread 3 (568/~219292)
WARNING: [youtube] Incomplete data received. Retrying (8/10)...
[youtube]     Downloading comment API JSON reply thread 3 (568/~219292)
WARNING: [youtube] Incomplete data received. Retrying (9/10)...
[youtube]     Downloading comment API JSON reply thread 3 (568/~219292)
WARNING: [youtube] Incomplete data received. Retrying (10/10)...
[youtube]     Downloading comment API JSON reply thread 3 (568/~219292)
WARNING: [youtube] Incomplete data received. Giving up after 10 retries
[youtube]        Downloading comment replies API JSON page 1 (570/~219292)
[youtube] Downloading comment API JSON page 16 (578/~219292)
[youtube]     Downloading comment API JSON reply thread 1 (585/~219292)
[youtube]     Downloading comment API JSON reply thread 2 (599/~219292)
[youtube] Downloading comment API JSON page 17 (601/~219292)
[youtube]     Downloading comment API JSON reply thread 1 (607/~219292)
[youtube]     Downloading comment API JSON reply thread 2 (621/~219292)
[youtube]     Downloading comment API JSON reply thread 3 (623/~219292)
[youtube]     Downloading comment API JSON reply thread 4 (626/~219292)
[youtube] Downloading comment API JSON page 18 (627/~219292)
[youtube]     Downloading comment API JSON reply thread 1 (640/~219292)
[youtube]     Downloading comment API JSON reply thread 2 (643/~219292)
[youtube]     Downloading comment API JSON reply thread 3 (646/~219292)
[youtube]     Downloading comment API JSON reply thread 4 (648/~219292)
[youtube] Downloading comment API JSON page 19 (652/~219292)
[youtube]     Downloading comment API JSON reply thread 1 (658/~219292)
[youtube]     Downloading comment API JSON reply thread 2 (661/~219292)
[youtube]     Downloading comment API JSON reply thread 3 (666/~219292)
[youtube]     Downloading comment API JSON reply thread 4 (668/~219292)
[youtube]     Downloading comment API JSON reply thread 5 (671/~219292)
[youtube]     Downloading comment API JSON reply thread 6 (676/~219292)
[youtube]     Downloading comment API JSON reply thread 7 (678/~219292)
[youtube] Downloading comment API JSON page 20 (687/~219292)
[youtube]     Downloading comment API JSON reply thread 1 (695/~219292)
[youtube]     Downloading comment API JSON reply thread 2 (697/~219292)
[youtube] Downloading comment API JSON page 21 (709/~219292)
[youtube]     Downloading comment API JSON reply thread 1 (713/~219292)
[youtube]     Downloading comment API JSON reply thread 2 (719/~219292)
[youtube] Downloading comment API JSON page 22 (732/~219292)
[youtube]     Downloading comment API JSON reply thread 1 (734/~219292)
[youtube]     Downloading comment API JSON reply thread 2 (752/~219292)
[youtube]     Downloading comment API JSON reply thread 3 (756/~219292)
[youtube] Downloading comment API JSON page 23 (757/~219292)
[youtube]     Downloading comment API JSON reply thread 1 (760/~219292)
[youtube] Downloading comment API JSON page 24 (780/~219292)
[youtube]     Downloading comment API JSON reply thread 1 (786/~219292)
[youtube]     Downloading comment API JSON reply thread 2 (790/~219292)
[youtube]     Downloading comment API JSON reply thread 3 (797/~219292)
[youtube]     Downloading comment API JSON reply thread 4 (799/~219292)
[youtube]     Downloading comment API JSON reply thread 5 (805/~219292)
[youtube] Downloading comment API JSON page 25 (807/~219292)
[youtube]     Downloading comment API JSON reply thread 1 (815/~219292)
[youtube] Downloading comment API JSON page 26 (828/~219292)
[youtube]     Downloading comment API JSON reply thread 1 (833/~219292)
[youtube]     Downloading comment API JSON reply thread 2 (845/~219292)
[youtube]     Downloading comment API JSON reply thread 3 (847/~219292)
[youtube]     Downloading comment API JSON reply thread 4 (849/~219292)
[youtube]     Downloading comment API JSON reply thread 5 (852/~219292)
[youtube] Downloading comment API JSON page 27 (855/~219292)
[youtube] Downloading comment API JSON page 28 (875/~219292)
[youtube]     Downloading comment API JSON reply thread 1 (877/~219292)
[youtube]     Downloading comment API JSON reply thread 2 (886/~219292)
[youtube] Downloading comment API JSON page 29 (897/~219292)
[youtube]     Downloading comment API JSON reply thread 1 (899/~219292)
[youtube]     Downloading comment API JSON reply thread 2 (902/~219292)
[youtube]     Downloading comment API JSON reply thread 3 (909/~219292)
[youtube]     Downloading comment API JSON reply thread 4 (918/~219292)
[youtube]     Downloading comment API JSON reply thread 5 (920/~219292)
[youtube]     Downloading comment API JSON reply thread 6 (924/~219292)
[youtube]        Downloading comment replies API JSON page 1 (934/~219292)
[youtube]        Downloading comment replies API JSON page 2 (944/~219292)
[youtube]        Downloading comment replies API JSON page 3 (954/~219292)
[youtube]        Downloading comment replies API JSON page 4 (964/~219292)
[youtube] Downloading comment API JSON page 30 (974/~219292)
[youtube] Downloading comment API JSON page 31 (994/~219292)
[youtube]     Downloading comment API JSON reply thread 1 (997/~219292)
[youtube]     Downloading comment API JSON reply thread 2 (1005/~219292)
[youtube] Downloading comment API JSON page 32 (1016/~219292)
[youtube]     Downloading comment API JSON reply thread 1 (1017/~219292)
[youtube]     Downloading comment API JSON reply thread 2 (1022/~219292)
[youtube]     Downloading comment API JSON reply thread 3 (1036/~219292)
[youtube] Downloading comment API JSON page 33 (1039/~219292)
[youtube]     Downloading comment API JSON reply thread 1 (1043/~219292)
[youtube]     Downloading comment API JSON reply thread 2 (1058/~219292)
[youtube]     Downloading comment API JSON reply thread 3 (1060/~219292)
[youtube]     Downloading comment API JSON reply thread 4 (1066/~219292)
[youtube] Downloading comment API JSON page 34 (1068/~219292)
[youtube]     Downloading comment API JSON reply thread 1 (1087/~219292)
[youtube] Downloading comment API JSON page 35 (1089/~219292)
[youtube]     Downloading comment API JSON reply thread 1 (1105/~219292)
[youtube] Downloading comment API JSON page 36 (1110/~219292)
[youtube]     Downloading comment API JSON reply thread 1 (1111/~219292)
[youtube]     Downloading comment API JSON reply thread 2 (1113/~219292)
[youtube] Downloading comment API JSON page 37 (1132/~219292)
[youtube]     Downloading comment API JSON reply thread 1 (1138/~219292)
[youtube] Downloading comment API JSON page 38 (1157/~219292)
[youtube]     Downloading comment API JSON reply thread 1 (1170/~219292)
[youtube] Downloading comment API JSON page 39 (1178/~219292)
[youtube] Downloading comment API JSON page 40 (1198/~219292)
[youtube]     Downloading comment API JSON reply thread 1 (1206/~219292)
[youtube]        Downloading comment replies API JSON page 1 (1216/~219292)
[youtube] Downloading comment API JSON page 41 (1231/~219292)
[youtube]     Downloading comment API JSON reply thread 1 (1246/~219292)
[youtube]     Downloading comment API JSON reply thread 2 (1252/~219292)
[youtube] Downloading comment API JSON page 42 (1253/~219292)
[youtube]     Downloading comment API JSON reply thread 1 (1259/~219292)
[youtube]     Downloading comment API JSON reply thread 2 (1263/~219292)
[youtube]     Downloading comment API JSON reply thread 3 (1272/~219292)
[youtube]     Downloading comment API JSON reply thread 4 (1274/~219292)
[youtube]     Downloading comment API JSON reply thread 5 (1287/~219292)
[youtube]     Downloading comment API JSON reply thread 6 (1291/~219292)
[youtube]     Downloading comment API JSON reply thread 7 (1299/~219292)
[youtube]     Downloading comment API JSON reply thread 8 (1301/~219292)
[youtube]        Downloading comment replies API JSON page 1 (1302/~219292)
[youtube]     Downloading comment API JSON reply thread 9 (1304/~219292)
[youtube] Downloading comment API JSON page 43 (1317/~219292)
[youtube]     Downloading comment API JSON reply thread 1 (1322/~219292)
[youtube]     Downloading comment API JSON reply thread 2 (1333/~219292)
[youtube]     Downloading comment API JSON reply thread 3 (1336/~219292)
[youtube] Downloading comment API JSON page 44 (1340/~219292)
[youtube]     Downloading comment API JSON reply thread 1 (1341/~219292)
[youtube]     Downloading comment API JSON reply thread 2 (1343/~219292)
[youtube]        Downloading comment replies API JSON page 1 (1353/~219292)
[youtube]     Downloading comment API JSON reply thread 3 (1364/~219292)
[youtube]     Downloading comment API JSON reply thread 4 (1374/~219292)
[youtube]     Downloading comment API JSON reply thread 5 (1381/~219292)
[youtube]        Downloading comment replies API JSON page 1 (1391/~219292)
[youtube]        Downloading comment replies API JSON page 2 (1401/~219292)
[youtube]     Downloading comment API JSON reply thread 6 (1406/~219292)
[youtube] Downloading comment API JSON page 45 (1415/~219292)
[youtube] Downloading comment API JSON page 46 (1435/~219292)
[youtube]     Downloading comment API JSON reply thread 1 (1441/~219292)
[youtube] Downloading comment API JSON page 47 (1456/~219292)
[youtube]     Downloading comment API JSON reply thread 1 (1459/~219292)
[youtube]     Downloading comment API JSON reply thread 2 (1469/~219292)
[youtube]     Downloading comment API JSON reply thread 3 (1472/~219292)
[youtube]     Downloading comment API JSON reply thread 4 (1477/~219292)
[youtube] Downloading comment API JSON page 48 (1482/~219292)
[youtube]     Downloading comment API JSON reply thread 1 (1488/~219292)
[youtube]     Downloading comment API JSON reply thread 2 (1509/~219292)
[youtube] Downloading comment API JSON page 49 (1514/~219292)
[youtube]     Downloading comment API JSON reply thread 1 (1525/~219292)
[youtube]     Downloading comment API JSON reply thread 2 (1527/~219292)
[youtube] Downloading comment API JSON page 50 (1536/~219292)
[youtube]     Downloading comment API JSON reply thread 1 (1547/~219292)
[youtube]     Downloading comment API JSON reply thread 2 (1556/~219292)
[youtube]     Downloading comment API JSON reply thread 3 (1560/~219292)
[youtube] Downloading comment API JSON page 51 (1563/~219292)
[youtube]     Downloading comment API JSON reply thread 1 (1582/~219292)
[youtube] Downloading comment API JSON page 52 (1585/~219292)
[youtube]     Downloading comment API JSON reply thread 1 (1589/~219292)
[youtube]     Downloading comment API JSON reply thread 2 (1596/~219292)
[youtube]     Downloading comment API JSON reply thread 3 (1602/~219292)
[youtube] Downloading comment API JSON page 53 (1608/~219292)
[youtube]     Downloading comment API JSON reply thread 1 (1609/~219292)
[youtube]     Downloading comment API JSON reply thread 2 (1627/~219292)
[youtube]     Downloading comment API JSON reply thread 3 (1631/~219292)
[youtube] Downloading comment API JSON page 54 (1635/~219292)
[youtube]     Downloading comment API JSON reply thread 1 (1648/~219292)
[youtube] Downloading comment API JSON page 55 (1656/~219292)
[youtube]     Downloading comment API JSON reply thread 1 (1660/~219292)
[youtube]     Downloading comment API JSON reply thread 2 (1670/~219292)
[youtube] Downloading comment API JSON page 56 (1678/~219292)
[youtube]     Downloading comment API JSON reply thread 1 (1686/~219292)
[youtube] Downloading comment API JSON page 57 (1700/~219292)
[youtube] Downloading comment API JSON page 58 (1720/~219292)
[youtube]     Downloading comment API JSON reply thread 1 (1729/~219292)
[youtube] Downloading comment API JSON page 59 (1741/~219292)
[youtube]     Downloading comment API JSON reply thread 1 (1742/~219292)
[youtube]     Downloading comment API JSON reply thread 2 (1746/~219292)
[youtube]     Downloading comment API JSON reply thread 3 (1754/~219292)
[youtube]     Downloading comment API JSON reply thread 4 (1766/~219292)
[youtube] Downloading comment API JSON page 60 (1768/~219292)
[youtube]     Downloading comment API JSON reply thread 1 (1776/~219292)
[youtube]     Downloading comment API JSON reply thread 2 (1779/~219292)
[youtube] Downloading comment API JSON page 61 (1790/~219292)
[youtube]     Downloading comment API JSON reply thread 1 (1806/~219292)
[youtube]     Downloading comment API JSON reply thread 2 (1810/~219292)
[youtube] Downloading comment API JSON page 62 (1812/~219292)
[youtube]     Downloading comment API JSON reply thread 1 (1827/~219292)
[youtube]     Downloading comment API JSON reply thread 2 (1833/~219292)
[youtube] Downloading comment API JSON page 63 (1834/~219292)
[youtube] Downloading comment API JSON page 64 (1854/~219292)
[youtube] Downloading comment API JSON page 65 (1874/~219292)
[youtube]     Downloading comment API JSON reply thread 1 (1878/~219292)
[youtube]     Downloading comment API JSON reply thread 2 (1880/~219292)
[youtube]     Downloading comment API JSON reply thread 3 (1885/~219292)
[youtube] Downloading comment API JSON page 66 (1899/~219292)
[youtube]     Downloading comment API JSON reply thread 1 (1914/~219292)
[youtube] Downloading comment API JSON page 67 (1920/~219292)
[youtube]     Downloading comment API JSON reply thread 1 (1937/~219292)
[youtube]     Downloading comment API JSON reply thread 2 (1939/~219292)
[youtube]     Downloading comment API JSON reply thread 3 (1941/~219292)
[youtube]     Downloading comment API JSON reply thread 4 (1943/~219292)
[youtube] Downloading comment API JSON page 68 (1944/~219292)
[youtube]     Downloading comment API JSON reply thread 1 (1946/~219292)
[youtube]     Downloading comment API JSON reply thread 2 (1953/~219292)
[youtube] Downloading comment API JSON page 69 (1967/~219292)
[youtube]     Downloading comment API JSON reply thread 1 (1968/~219292)
[youtube]     Downloading comment API JSON reply thread 2 (1983/~219292)
[youtube]     Downloading comment API JSON reply thread 3 (1988/~219292)
[youtube] Downloading comment API JSON page 70 (1991/~219292)
[youtube]     Downloading comment API JSON reply thread 1 (1998/~219292)
[youtube]     Downloading comment API JSON reply thread 2 (2003/~219292)
[youtube]     Downloading comment API JSON reply thread 3 (2005/~219292)
WARNING: [youtube] Incomplete data received. Retrying (1/10)...
[youtube]     Downloading comment API JSON reply thread 3 (2005/~219292)
WARNING: [youtube] Incomplete data received. Retrying (2/10)...
[youtube]     Downloading comment API JSON reply thread 3 (2005/~219292)
WARNING: [youtube] Incomplete data received. Retrying (3/10)...
[youtube]     Downloading comment API JSON reply thread 3 (2005/~219292)
WARNING: [youtube] Incomplete data received. Retrying (4/10)...
[youtube]     Downloading comment API JSON reply thread 3 (2005/~219292)
WARNING: [youtube] Incomplete data received. Retrying (5/10)...
[youtube]     Downloading comment API JSON reply thread 3 (2005/~219292)
WARNING: [youtube] Incomplete data received. Retrying (6/10)...
[youtube]     Downloading comment API JSON reply thread 3 (2005/~219292)
WARNING: [youtube] Incomplete data received. Retrying (7/10)...
[youtube]     Downloading comment API JSON reply thread 3 (2005/~219292)
WARNING: [youtube] Incomplete data received. Retrying (8/10)...
[youtube]     Downloading comment API JSON reply thread 3 (2005/~219292)
WARNING: [youtube] Incomplete data received. Retrying (9/10)...
[youtube]     Downloading comment API JSON reply thread 3 (2005/~219292)
WARNING: [youtube] Incomplete data received. Retrying (10/10)...
[youtube]     Downloading comment API JSON reply thread 3 (2005/~219292)
WARNING: [youtube] Incomplete data received. Giving up after 10 retries
[youtube]     Downloading comment API JSON reply thread 4 (2013/~219292)
[youtube] Downloading comment API JSON page 71 (2015/~219292)
[youtube]     Downloading comment API JSON reply thread 1 (2019/~219292)
[youtube] Downloading comment API JSON page 72 (2036/~219292)
[youtube] Downloading comment API JSON page 73 (2056/~219292)
[youtube]     Downloading comment API JSON reply thread 1 (2059/~219292)
[youtube]     Downloading comment API JSON reply thread 2 (2062/~219292)
[youtube] Downloading comment API JSON page 74 (2085/~219292)
[youtube]     Downloading comment API JSON reply thread 1 (2096/~219292)
[youtube]     Downloading comment API JSON reply thread 2 (2100/~219292)
[youtube]     Downloading comment API JSON reply thread 3 (2111/~219292)
[youtube] Downloading comment API JSON page 75 (2115/~219292)
[youtube]     Downloading comment API JSON reply thread 1 (2117/~219292)
[youtube]     Downloading comment API JSON reply thread 2 (2124/~219292)
[youtube] Downloading comment API JSON page 76 (2140/~219292)
[youtube] Downloading comment API JSON page 77 (2160/~219292)
[youtube]     Downloading comment API JSON reply thread 1 (2170/~219292)
[youtube] Downloading comment API JSON page 78 (2181/~219292)
[youtube]     Downloading comment API JSON reply thread 1 (2189/~219292)
[youtube] Downloading comment API JSON page 79 (2202/~219292)
[youtube] Downloading comment API JSON page 80 (2222/~219292)
[youtube]     Downloading comment API JSON reply thread 1 (2229/~219292)
[youtube] Downloading comment API JSON page 81 (2245/~219292)
[youtube]     Downloading comment API JSON reply thread 1 (2253/~219292)
[youtube] Downloading comment API JSON page 82 (2268/~219292)
[youtube] Downloading comment API JSON page 83 (2288/~219292)
[youtube] Downloading comment API JSON page 84 (2308/~219292)
[youtube]     Downloading comment API JSON reply thread 1 (2314/~219292)
[youtube] Downloading comment API JSON page 85 (2329/~219292)
[youtube] Downloading comment API JSON page 86 (2349/~219292)
[youtube]     Downloading comment API JSON reply thread 1 (2350/~219292)
[youtube] Downloading comment API JSON page 87 (2370/~219292)
[youtube] Downloading comment API JSON page 88 (2390/~219292)
[youtube] Downloading comment API JSON page 89 (2410/~219292)
[youtube]     Downloading comment API JSON reply thread 1 (2430/~219292)
[youtube] Downloading comment API JSON page 90 (2431/~219292)
[youtube]     Downloading comment API JSON reply thread 1 (2435/~219292)
[youtube] Downloading comment API JSON page 91 (2452/~219292)
[youtube] Downloading comment API JSON page 92 (2472/~219292)
[youtube] Downloading comment API JSON page 93 (2491/~219292)
[youtube] Downloading comment API JSON page 94 (2511/~219292)
[youtube] Downloading comment API JSON page 95 (2531/~219292)
[youtube] Downloading comment API JSON page 96 (2551/~219292)
[youtube] Downloading comment API JSON page 97 (2571/~219292)
[youtube]     Downloading comment API JSON reply thread 1 (2581/~219292)
[youtube] Downloading comment API JSON page 98 (2592/~219292)
[youtube]     Downloading comment API JSON reply thread 1 (2594/~219292)
[youtube]     Downloading comment API JSON reply thread 2 (2603/~219292)
[youtube] Downloading comment API JSON page 99 (2614/~219292)
[youtube]     Downloading comment API JSON reply thread 1 (2623/~219292)
[youtube]     Downloading comment API JSON reply thread 2 (2626/~219292)
[youtube]     Downloading comment API JSON reply thread 3 (2629/~219292)
[youtube] Downloading comment API JSON page 100 (2639/~219292)
[youtube]     Downloading comment API JSON reply thread 1 (2641/~219292)
[youtube]     Downloading comment API JSON reply thread 2 (2643/~219292)
[youtube] Downloading comment API JSON page 101 (2662/~219292)
[youtube] Downloading comment API JSON page 102 (2682/~219292)
[youtube] Downloading comment API JSON page 103 (2702/~219292)
[youtube] Downloading comment API JSON page 104 (2722/~219292)
[youtube] Downloading comment API JSON page 105 (2742/~219292)
[youtube] Downloading comment API JSON page 106 (2762/~219292)
[youtube] Downloading comment API JSON page 107 (2782/~219292)
[youtube]     Downloading comment API JSON reply thread 1 (2792/~219292)
[youtube]     Downloading comment API JSON reply thread 2 (2794/~219292)
[youtube] Downloading comment API JSON page 108 (2804/~219292)
[youtube]     Downloading comment API JSON reply thread 1 (2813/~219292)
[youtube] Downloading comment API JSON page 109 (2825/~219292)
[youtube] Downloading comment API JSON page 110 (2845/~219292)
[youtube] Downloading comment API JSON page 111 (2865/~219292)
[youtube]     Downloading comment API JSON reply thread 1 (2866/~219292)
[youtube]     Downloading comment API JSON reply thread 2 (2868/~219292)
[youtube]     Downloading comment API JSON reply thread 3 (2873/~219292)
[youtube] Downloading comment API JSON page 112 (2891/~219292)
[youtube] Downloading comment API JSON page 113 (2911/~219292)
[youtube] Downloading comment API JSON page 114 (2931/~219292)
[youtube] Downloading comment API JSON page 115 (2951/~219292)
[youtube]     Downloading comment API JSON reply thread 1 (2967/~219292)
[youtube] Downloading comment API JSON page 116 (2972/~219292)
[youtube]     Downloading comment API JSON reply thread 1 (2978/~219292)
[youtube]     Downloading comment API JSON reply thread 2 (2980/~219292)
[youtube] Downloading comment API JSON page 117 (2996/~219292)
[youtube] Downloading comment API JSON page 118 (3016/~219292)
[youtube] Downloading comment API JSON page 119 (3036/~219292)
[youtube]     Downloading comment API JSON reply thread 1 (3051/~219292)
[youtube]     Downloading comment API JSON reply thread 2 (3057/~219292)
[youtube] Downloading comment API JSON page 120 (3060/~219292)
[youtube]     Downloading comment API JSON reply thread 1 (3072/~219292)
[youtube]     Downloading comment API JSON reply thread 2 (3088/~219292)
[youtube] Downloading comment API JSON page 121 (3091/~219292)
[youtube]     Downloading comment API JSON reply thread 1 (3095/~219292)
[youtube] Downloading comment API JSON page 122 (3112/~219292)
[youtube]     Downloading comment API JSON reply thread 1 (3120/~219292)
[youtube]     Downloading comment API JSON reply thread 2 (3128/~219292)
[youtube]     Downloading comment API JSON reply thread 3 (3130/~219292)
[youtube]     Downloading comment API JSON reply thread 4 (3132/~219292)
[youtube]     Downloading comment API JSON reply thread 5 (3137/~219292)
[youtube]     Downloading comment API JSON reply thread 6 (3140/~219292)
[youtube]     Downloading comment API JSON reply thread 7 (3143/~219292)
[youtube] Downloading comment API JSON page 123 (3145/~219292)
[youtube]     Downloading comment API JSON reply thread 1 (3156/~219292)
[youtube] Downloading comment API JSON page 124 (3167/~219292)
[youtube] Downloading comment API JSON page 125 (3187/~219292)
[youtube] Downloading comment API JSON page 126 (3207/~219292)
[youtube] Downloading comment API JSON page 127 (3227/~219292)
[youtube] Downloading comment API JSON page 128 (3247/~219292)
[youtube]     Downloading comment API JSON reply thread 1 (3258/~219292)
[youtube]     Downloading comment API JSON reply thread 2 (3266/~219292)
[youtube]        Downloading comment replies API JSON page 1 (3269/~219292)
[youtube]        Downloading comment replies API JSON page 2 (3279/~219292)
[youtube]        Downloading comment replies API JSON page 3 (3289/~219292)
[youtube]        Downloading comment replies API JSON page 4 (3299/~219292)
[youtube]     Downloading comment API JSON reply thread 3 (3309/~219292)
[youtube]        Downloading comment replies API JSON page 5 (3312/~219292)
[youtube]        Downloading comment replies API JSON page 6 (3322/~219292)
[youtube] Downloading comment API JSON page 129 (3335/~219292)
[youtube] Downloading comment API JSON page 130 (3355/~219292)
[youtube]     Downloading comment API JSON reply thread 1 (3373/~219292)
[youtube] Downloading comment API JSON page 131 (3376/~219292)
[youtube] Downloading comment API JSON page 132 (3396/~219292)
[youtube]     Downloading comment API JSON reply thread 1 (3405/~219292)
[youtube]     Downloading comment API JSON reply thread 2 (3408/~219292)
[youtube]     Downloading comment API JSON reply thread 3 (3414/~219292)
[youtube] Downloading comment API JSON page 133 (3419/~219292)
[youtube] Downloading comment API JSON page 134 (3439/~219292)
[youtube]     Downloading comment API JSON reply thread 1 (3440/~219292)
[youtube]     Downloading comment API JSON reply thread 2 (3442/~219292)
[youtube]     Downloading comment API JSON reply thread 3 (3461/~219292)
[youtube] Downloading comment API JSON page 135 (3465/~219292)
[youtube]     Downloading comment API JSON reply thread 1 (3478/~219292)
[youtube]     Downloading comment API JSON reply thread 2 (3480/~219292)
[youtube] Downloading comment API JSON page 136 (3488/~219292)
[youtube] Downloading comment API JSON page 137 (3508/~219292)
[youtube]     Downloading comment API JSON reply thread 1 (3526/~219292)
[youtube] Downloading comment API JSON page 138 (3529/~219292)
[youtube] Downloading comment API JSON page 139 (3549/~219292)
[youtube] Downloading comment API JSON page 140 (3569/~219292)
[youtube]     Downloading comment API JSON reply thread 1 (3573/~219292)
[youtube]     Downloading comment API JSON reply thread 2 (3581/~219292)
[youtube]        Downloading comment replies API JSON page 1 (3584/~219292)
[youtube] Downloading comment API JSON page 141 (3605/~219292)
[youtube]     Downloading comment API JSON reply thread 1 (3618/~219292)
[youtube] Downloading comment API JSON page 142 (3626/~219292)
[youtube] Downloading comment API JSON page 143 (3646/~219292)
[youtube] Downloading comment API JSON page 144 (3666/~219292)
[youtube] Downloading comment API JSON page 145 (3686/~219292)
[youtube] Downloading comment API JSON page 146 (3706/~219292)
[youtube]     Downloading comment API JSON reply thread 1 (3711/~219292)
[youtube]     Downloading comment API JSON reply thread 2 (3717/~219292)
[youtube] Downloading comment API JSON page 147 (3728/~219292)
[youtube]     Downloading comment API JSON reply thread 1 (3737/~219292)
[youtube] Downloading comment API JSON page 148 (3749/~219292)
[youtube] Downloading comment API JSON page 149 (3769/~219292)
[youtube]     Downloading comment API JSON reply thread 1 (3772/~219292)
[youtube]     Downloading comment API JSON reply thread 2 (3787/~219292)
[youtube] Downloading comment API JSON page 150 (3792/~219292)
[youtube]     Downloading comment API JSON reply thread 1 (3798/~219292)
[youtube]     Downloading comment API JSON reply thread 2 (3809/~219292)
[youtube] Downloading comment API JSON page 151 (3815/~219292)
[youtube] Downloading comment API JSON page 152 (3835/~219292)
[youtube] Downloading comment API JSON page 153 (3855/~219292)
[youtube] Downloading comment API JSON page 154 (3875/~219292)
[youtube]     Downloading comment API JSON reply thread 1 (3880/~219292)
[youtube] Downloading comment API JSON page 155 (3896/~219292)
[youtube]     Downloading comment API JSON reply thread 1 (3907/~219292)
[youtube] Downloading comment API JSON page 156 (3919/~219292)
[youtube]     Downloading comment API JSON reply thread 1 (3924/~219292)
[youtube] Downloading comment API JSON page 157 (3940/~219292)
[youtube]     Downloading comment API JSON reply thread 1 (3941/~219292)
[youtube] Downloading comment API JSON page 158 (3961/~219292)
[youtube] Downloading comment API JSON page 159 (3981/~219292)
[youtube] Downloading comment API JSON page 160 (4001/~219292)
[youtube] Downloading comment API JSON page 161 (4021/~219292)
[youtube]     Downloading comment API JSON reply thread 1 (4036/~219292)
[youtube] Downloading comment API JSON page 162 (4042/~219292)
[youtube] Downloading comment API JSON page 163 (4062/~219292)
[youtube] Downloading comment API JSON page 164 (4082/~219292)
[youtube] Downloading comment API JSON page 165 (4102/~219292)
[youtube] Downloading comment API JSON page 166 (4122/~219292)
[youtube]     Downloading comment API JSON reply thread 1 (4135/~219292)
[youtube] Downloading comment API JSON page 167 (4147/~219292)
[youtube] Downloading comment API JSON page 168 (4167/~219292)
[youtube]     Downloading comment API JSON reply thread 1 (4185/~219292)
[youtube] Downloading comment API JSON page 169 (4188/~219292)
[youtube] Downloading comment API JSON page 170 (4208/~219292)
[youtube]     Downloading comment API JSON reply thread 1 (4209/~219292)
[youtube] Downloading comment API JSON page 171 (4230/~219292)
[youtube] Downloading comment API JSON page 172 (4250/~219292)
[youtube] Downloading comment API JSON page 173 (4270/~219292)
[youtube] Downloading comment API JSON page 174 (4290/~219292)
[youtube] Downloading comment API JSON page 175 (4310/~219292)
[youtube]     Downloading comment API JSON reply thread 1 (4323/~219292)
[youtube] Downloading comment API JSON page 176 (4332/~219292)
[youtube]     Downloading comment API JSON reply thread 1 (4336/~219292)
[youtube] Downloading comment API JSON page 177 (4355/~219292)
[youtube] Downloading comment API JSON page 178 (4375/~219292)
[youtube] Downloading comment API JSON page 179 (4395/~219292)
[youtube] Downloading comment API JSON page 180 (4415/~219292)
[youtube] Downloading comment API JSON page 181 (4435/~219292)
[youtube]     Downloading comment API JSON reply thread 1 (4447/~219292)
[youtube] Downloading comment API JSON page 182 (4456/~219292)
[youtube]     Downloading comment API JSON reply thread 1 (4467/~219292)
[youtube] Downloading comment API JSON page 183 (4477/~219292)
[youtube]     Downloading comment API JSON reply thread 1 (4492/~219292)
[youtube] Downloading comment API JSON page 184 (4498/~219292)
[youtube] Downloading comment API JSON page 185 (4518/~219292)
[youtube] Downloading comment API JSON page 186 (4538/~219292)
[youtube]     Downloading comment API JSON reply thread 1 (4541/~219292)
[youtube] Downloading comment API JSON page 187 (4559/~219292)
[youtube]     Downloading comment API JSON reply thread 1 (4566/~219292)
[youtube]     Downloading comment API JSON reply thread 2 (4574/~219292)
[youtube] Downloading comment API JSON page 188 (4581/~219292)
[youtube] Downloading comment API JSON page 189 (4601/~219292)
[youtube]     Downloading comment API JSON reply thread 1 (4602/~219292)
[youtube] Downloading comment API JSON page 190 (4622/~219292)
[youtube] Downloading comment API JSON page 191 (4642/~219292)
[youtube]     Downloading comment API JSON reply thread 1 (4656/~219292)
[youtube]     Downloading comment API JSON reply thread 2 (4662/~219292)
[youtube] Downloading comment API JSON page 192 (4666/~219292)
[youtube] Downloading comment API JSON page 193 (4686/~219292)
[youtube] Downloading comment API JSON page 194 (4706/~219292)
[youtube]     Downloading comment API JSON reply thread 1 (4711/~219292)
[youtube]     Downloading comment API JSON reply thread 2 (4725/~219292)
[youtube] Downloading comment API JSON page 195 (4728/~219292)
[youtube]     Downloading comment API JSON reply thread 1 (4745/~219292)
[youtube] Downloading comment API JSON page 196 (4750/~219292)
[youtube]     Downloading comment API JSON reply thread 1 (4765/~219292)
[youtube]     Downloading comment API JSON reply thread 2 (4768/~219292)
[youtube]        Downloading comment replies API JSON page 1 (4778/~219292)
[youtube]     Downloading comment API JSON reply thread 3 (4782/~219292)
[youtube]     Downloading comment API JSON reply thread 4 (4797/~219292)
[youtube]        Downloading comment replies API JSON page 1 (4798/~219292)
[youtube]     Downloading comment API JSON reply thread 5 (4802/~219292)
[youtube]        Downloading comment replies API JSON page 2 (4811/~219292)
[youtube]        Downloading comment replies API JSON page 3 (4821/~219292)
[youtube]        Downloading comment replies API JSON page 4 (4831/~219292)
[youtube]        Downloading comment replies API JSON page 5 (4841/~219292)
[youtube]     Downloading comment API JSON reply thread 6 (4847/~219292)
WARNING: [youtube] Incomplete data received. Retrying (1/10)...
[youtube]     Downloading comment API JSON reply thread 6 (4847/~219292)
WARNING: [youtube] Incomplete data received. Retrying (2/10)...
[youtube]     Downloading comment API JSON reply thread 6 (4847/~219292)
WARNING: [youtube] Incomplete data received. Retrying (3/10)...
[youtube]     Downloading comment API JSON reply thread 6 (4847/~219292)
WARNING: [youtube] Incomplete data received. Retrying (4/10)...
[youtube]     Downloading comment API JSON reply thread 6 (4847/~219292)
WARNING: [youtube] Incomplete data received. Retrying (5/10)...
[youtube]     Downloading comment API JSON reply thread 6 (4847/~219292)
WARNING: [youtube] Incomplete data received. Retrying (6/10)...
[youtube]     Downloading comment API JSON reply thread 6 (4847/~219292)
WARNING: [youtube] Incomplete data received. Retrying (7/10)...
[youtube]     Downloading comment API JSON reply thread 6 (4847/~219292)
WARNING: [youtube] Incomplete data received. Retrying (8/10)...
[youtube]     Downloading comment API JSON reply thread 6 (4847/~219292)
WARNING: [youtube] Incomplete data received. Retrying (9/10)...
[youtube]     Downloading comment API JSON reply thread 6 (4847/~219292)
WARNING: [youtube] Incomplete data received. Retrying (10/10)...
[youtube]     Downloading comment API JSON reply thread 6 (4847/~219292)
WARNING: [youtube] Incomplete data received. Giving up after 10 retries
[youtube]        Downloading comment replies API JSON page 6 (4852/~219292)
[youtube]        Downloading comment replies API JSON page 7 (4862/~219292)
[youtube]        Downloading comment replies API JSON page 8 (4873/~219292)
[youtube]        Downloading comment replies API JSON page 9 (4883/~219292)
[youtube]        Downloading comment replies API JSON page 10 (4893/~219292)
[youtube]        Downloading comment replies API JSON page 11 (4903/~219292)
[youtube]        Downloading comment replies API JSON page 12 (4913/~219292)
[youtube]     Downloading comment API JSON reply thread 7 (4924/~219292)
[youtube]        Downloading comment replies API JSON page 13 (4926/~219292)
[youtube]        Downloading comment replies API JSON page 14 (4936/~219292)
[youtube]        Downloading comment replies API JSON page 15 (4946/~219292)
[youtube]        Downloading comment replies API JSON page 16 (4956/~219292)
[youtube]        Downloading comment replies API JSON page 17 (4966/~219292)
[youtube]        Downloading comment replies API JSON page 18 (4976/~219292)
[youtube]        Downloading comment replies API JSON page 19 (4986/~219292)
[youtube]        Downloading comment replies API JSON page 20 (4996/~219292)
[youtube]        Downloading comment replies API JSON page 21 (5006/~219292)
[youtube]        Downloading comment replies API JSON page 22 (5016/~219292)
[youtube]        Downloading comment replies API JSON page 23 (5026/~219292)
[youtube]        Downloading comment replies API JSON page 24 (5036/~219292)
[youtube]        Downloading comment replies API JSON page 25 (5046/~219292)
[youtube]        Downloading comment replies API JSON page 26 (5056/~219292)
[youtube] Downloading comment API JSON page 197 (5071/~219292)
[youtube] Downloading comment API JSON page 198 (5091/~219292)
[youtube] Downloading comment API JSON page 199 (5111/~219292)
[youtube]     Downloading comment API JSON reply thread 1 (5121/~219292)
[youtube] Downloading comment API JSON page 200 (5132/~219292)
[youtube]     Downloading comment API JSON reply thread 1 (5145/~219292)
[youtube] Downloading comment API JSON page 201 (5153/~219292)
[youtube] Downloading comment API JSON page 202 (5173/~219292)
[youtube]     Downloading comment API JSON reply thread 1 (5180/~219292)
WARNING: [youtube] Incomplete data received. Retrying (1/10)...
[youtube]     Downloading comment API JSON reply thread 1 (5180/~219292)
WARNING: [youtube] Incomplete data received. Retrying (2/10)...
[youtube]     Downloading comment API JSON reply thread 1 (5180/~219292)
WARNING: [youtube] Incomplete data received. Retrying (3/10)...
[youtube]     Downloading comment API JSON reply thread 1 (5180/~219292)
WARNING: [youtube] Incomplete data received. Retrying (4/10)...
[youtube]     Downloading comment API JSON reply thread 1 (5180/~219292)
WARNING: [youtube] Incomplete data received. Retrying (5/10)...
[youtube]     Downloading comment API JSON reply thread 1 (5180/~219292)
WARNING: [youtube] Incomplete data received. Retrying (6/10)...
[youtube]     Downloading comment API JSON reply thread 1 (5180/~219292)
WARNING: [youtube] Incomplete data received. Retrying (7/10)...
[youtube]     Downloading comment API JSON reply thread 1 (5180/~219292)
WARNING: [youtube] Incomplete data received. Retrying (8/10)...
[youtube]     Downloading comment API JSON reply thread 1 (5180/~219292)
WARNING: [youtube] Incomplete data received. Retrying (9/10)...
[youtube]     Downloading comment API JSON reply thread 1 (5180/~219292)
WARNING: [youtube] Incomplete data received. Retrying (10/10)...
[youtube]     Downloading comment API JSON reply thread 1 (5180/~219292)
WARNING: [youtube] Incomplete data received. Giving up after 10 retries
[youtube]     Downloading comment API JSON reply thread 2 (5185/~219292)
[youtube] Downloading comment API JSON page 203 (5194/~219292)
[youtube]     Downloading comment API JSON reply thread 1 (5196/~219292)
[youtube]     Downloading comment API JSON reply thread 2 (5198/~219292)
[youtube] Downloading comment API JSON page 204 (5218/~219292)
[youtube] Downloading comment API JSON page 205 (5238/~219292)
[youtube]     Downloading comment API JSON reply thread 1 (5246/~219292)
[youtube] Downloading comment API JSON page 206 (5259/~219292)
[youtube] Downloading comment API JSON page 207 (5279/~219292)
[youtube] Downloading comment API JSON page 208 (5299/~219292)
[youtube]     Downloading comment API JSON reply thread 1 (5303/~219292)
[youtube]     Downloading comment API JSON reply thread 2 (5311/~219292)
[youtube] Downloading comment API JSON page 209 (5321/~219292)
[youtube]     Downloading comment API JSON reply thread 1 (5326/~219292)
[youtube]     Downloading comment API JSON reply thread 2 (5335/~219292)
[youtube]     Downloading comment API JSON reply thread 3 (5340/~219292)
[youtube] Downloading comment API JSON page 210 (5346/~219292)
[youtube]     Downloading comment API JSON reply thread 1 (5351/~219292)
[youtube] Downloading comment API JSON page 211 (5367/~219292)
[youtube] Downloading comment API JSON page 212 (5387/~219292)
[youtube]     Downloading comment API JSON reply thread 1 (5395/~219292)
[youtube] Downloading comment API JSON page 213 (5409/~219292)
[youtube]     Downloading comment API JSON reply thread 1 (5424/~219292)
[youtube] Downloading comment API JSON page 214 (5430/~219292)
[youtube]     Downloading comment API JSON reply thread 1 (5435/~219292)
[youtube]     Downloading comment API JSON reply thread 2 (5441/~219292)
[youtube] Downloading comment API JSON page 215 (5452/~219292)
[youtube] Downloading comment API JSON page 216 (5472/~219292)
[youtube]     Downloading comment API JSON reply thread 1 (5491/~219292)
[youtube]     Downloading comment API JSON reply thread 2 (5499/~219292)
[youtube]        Downloading comment replies API JSON page 1 (5509/~219292)
[youtube]        Downloading comment replies API JSON page 1 (5516/~219292)
[youtube]        Downloading comment replies API JSON page 2 (5526/~219292)
[youtube] Downloading comment API JSON page 217 (5529/~219292)
[youtube] Downloading comment API JSON page 218 (5549/~219292)
[youtube] Downloading comment API JSON page 219 (5569/~219292)
[youtube] Downloading comment API JSON page 220 (5589/~219292)
[youtube] Downloading comment API JSON page 221 (5609/~219292)
[youtube] Downloading comment API JSON page 222 (5629/~219292)
[youtube]     Downloading comment API JSON reply thread 1 (5639/~219292)
[youtube] Downloading comment API JSON page 223 (5650/~219292)
[youtube] Downloading comment API JSON page 224 (5670/~219292)
[youtube] Downloading comment API JSON page 225 (5690/~219292)
[youtube]     Downloading comment API JSON reply thread 1 (5704/~219292)
[youtube] Downloading comment API JSON page 226 (5714/~219292)
[youtube]     Downloading comment API JSON reply thread 1 (5717/~219292)
[youtube]     Downloading comment API JSON reply thread 2 (5722/~219292)
WARNING: [youtube] Incomplete data received. Retrying (1/10)...
[youtube]     Downloading comment API JSON reply thread 2 (5722/~219292)
WARNING: [youtube] Incomplete data received. Retrying (2/10)...
[youtube]     Downloading comment API JSON reply thread 2 (5722/~219292)
WARNING: [youtube] Incomplete data received. Retrying (3/10)...
[youtube]     Downloading comment API JSON reply thread 2 (5722/~219292)
WARNING: [youtube] Incomplete data received. Retrying (4/10)...
[youtube]     Downloading comment API JSON reply thread 2 (5722/~219292)
WARNING: [youtube] Incomplete data received. Retrying (5/10)...
[youtube]     Downloading comment API JSON reply thread 2 (5722/~219292)
WARNING: [youtube] Incomplete data received. Retrying (6/10)...
[youtube]     Downloading comment API JSON reply thread 2 (5722/~219292)
WARNING: [youtube] Incomplete data received. Retrying (7/10)...
[youtube]     Downloading comment API JSON reply thread 2 (5722/~219292)
WARNING: [youtube] Incomplete data received. Retrying (8/10)...
[youtube]     Downloading comment API JSON reply thread 2 (5722/~219292)
WARNING: [youtube] Incomplete data received. Retrying (9/10)...
[youtube]     Downloading comment API JSON reply thread 2 (5722/~219292)
WARNING: [youtube] Incomplete data received. Retrying (10/10)...
[youtube]     Downloading comment API JSON reply thread 2 (5722/~219292)
WARNING: [youtube] Incomplete data received. Giving up after 10 retries
[youtube]     Downloading comment API JSON reply thread 3 (5727/~219292)
[youtube] Downloading comment API JSON page 227 (5736/~219292)
[youtube]     Downloading comment API JSON reply thread 1 (5746/~219292)
[youtube]     Downloading comment API JSON reply thread 2 (5750/~219292)
[youtube]     Downloading comment API JSON reply thread 3 (5756/~219292)
[youtube] Downloading comment API JSON page 228 (5760/~219292)
[youtube] Downloading comment API JSON page 229 (5780/~219292)
[youtube]     Downloading comment API JSON reply thread 1 (5790/~219292)
[youtube]     Downloading comment API JSON reply thread 2 (5793/~219292)
[youtube] Downloading comment API JSON page 230 (5804/~219292)
[youtube]     Downloading comment API JSON reply thread 1 (5807/~219292)
[youtube]     Downloading comment API JSON reply thread 2 (5813/~219292)
[youtube]     Downloading comment API JSON reply thread 3 (5824/~219292)
[youtube] Downloading comment API JSON page 231 (5829/~219292)
[youtube] Downloading comment API JSON page 232 (5849/~219292)
[youtube]     Downloading comment API JSON reply thread 1 (5850/~219292)
[youtube] Downloading comment API JSON page 233 (5870/~219292)
[youtube]     Downloading comment API JSON reply thread 1 (5876/~219292)
[youtube]     Downloading comment API JSON reply thread 2 (5881/~219292)
[youtube]     Downloading comment API JSON reply thread 3 (5884/~219292)
[youtube]     Downloading comment API JSON reply thread 4 (5887/~219292)
[youtube]     Downloading comment API JSON reply thread 5 (5889/~219292)
[youtube] Downloading comment API JSON page 234 (5895/~219292)
[youtube] Downloading comment API JSON page 235 (5915/~219292)
[youtube] Downloading comment API JSON page 236 (5935/~219292)
[youtube] Downloading comment API JSON page 237 (5955/~219292)
[youtube]     Downloading comment API JSON reply thread 1 (5956/~219292)
[youtube] Downloading comment API JSON page 238 (5976/~219292)
[youtube] Downloading comment API JSON page 239 (5996/~219292)
[youtube] Downloading comment API JSON page 240 (6016/~219292)
[youtube]     Downloading comment API JSON reply thread 1 (6023/~219292)
[youtube] Downloading comment API JSON page 241 (6037/~219292)
[youtube] Downloading comment API JSON page 242 (6057/~219292)
[youtube]     Downloading comment API JSON reply thread 1 (6073/~219292)
[youtube] Downloading comment API JSON page 243 (6078/~219292)
[youtube]     Downloading comment API JSON reply thread 1 (6082/~219292)
[youtube] Downloading comment API JSON page 244 (6099/~219292)
[youtube] Downloading comment API JSON page 245 (6119/~219292)
[youtube]     Downloading comment API JSON reply thread 1 (6121/~219292)
[youtube] Downloading comment API JSON page 246 (6140/~219292)
[youtube]     Downloading comment API JSON reply thread 1 (6146/~219292)
[youtube]     Downloading comment API JSON reply thread 2 (6151/~219292)
[youtube]     Downloading comment API JSON reply thread 3 (6153/~219292)
[youtube]     Downloading comment API JSON reply thread 4 (6156/~219292)
[youtube]     Downloading comment API JSON reply thread 5 (6160/~219292)
[youtube]     Downloading comment API JSON reply thread 6 (6164/~219292)
[youtube]        Downloading comment replies API JSON page 1 (6174/~219292)
[youtube]        Downloading comment replies API JSON page 2 (6186/~219292)
[youtube]        Downloading comment replies API JSON page 3 (6196/~219292)
[youtube]        Downloading comment replies API JSON page 4 (6206/~219292)
[youtube]        Downloading comment replies API JSON page 5 (6217/~219292)
[youtube]        Downloading comment replies API JSON page 6 (6227/~219292)
[youtube]        Downloading comment replies API JSON page 7 (6238/~219292)
[youtube] Downloading comment API JSON page 247 (6254/~219292)
[youtube] Downloading comment API JSON page 248 (6274/~219292)
[youtube] Downloading comment API JSON page 249 (6294/~219292)
[youtube] Downloading comment API JSON page 250 (6314/~219292)
[youtube]     Downloading comment API JSON reply thread 1 (6331/~219292)
[youtube] Downloading comment API JSON page 251 (6335/~219292)
[youtube] Downloading comment API JSON page 252 (6355/~219292)
[youtube]     Downloading comment API JSON reply thread 1 (6367/~219292)
[youtube]     Downloading comment API JSON reply thread 2 (6369/~219292)
WARNING: [youtube] Incomplete data received. Retrying (1/10)...
[youtube]     Downloading comment API JSON reply thread 2 (6369/~219292)
WARNING: [youtube] Incomplete data received. Retrying (2/10)...
[youtube]     Downloading comment API JSON reply thread 2 (6369/~219292)
WARNING: [youtube] Incomplete data received. Retrying (3/10)...
[youtube]     Downloading comment API JSON reply thread 2 (6369/~219292)
WARNING: [youtube] Incomplete data received. Retrying (4/10)...
[youtube]     Downloading comment API JSON reply thread 2 (6369/~219292)
WARNING: [youtube] Incomplete data received. Retrying (5/10)...
[youtube]     Downloading comment API JSON reply thread 2 (6369/~219292)
WARNING: [youtube] Incomplete data received. Retrying (6/10)...
[youtube]     Downloading comment API JSON reply thread 2 (6369/~219292)
WARNING: [youtube] Incomplete data received. Retrying (7/10)...
[youtube]     Downloading comment API JSON reply thread 2 (6369/~219292)
WARNING: [youtube] Incomplete data received. Retrying (8/10)...
[youtube]     Downloading comment API JSON reply thread 2 (6369/~219292)
WARNING: [youtube] Incomplete data received. Retrying (9/10)...
[youtube]     Downloading comment API JSON reply thread 2 (6369/~219292)
WARNING: [youtube] Incomplete data received. Retrying (10/10)...
[youtube]     Downloading comment API JSON reply thread 2 (6369/~219292)
WARNING: [youtube] Incomplete data received. Giving up after 10 retries
[youtube]     Downloading comment API JSON reply thread 3 (6373/~219292)
[youtube] Downloading comment API JSON page 253 (6377/~219292)
[youtube]     Downloading comment API JSON reply thread 1 (6391/~219292)
[youtube] Downloading comment API JSON page 254 (6398/~219292)
[youtube] Downloading comment API JSON page 255 (6418/~219292)
[youtube] Downloading comment API JSON page 256 (6438/~219292)
[youtube] Downloading comment API JSON page 257 (6458/~219292)
[youtube]     Downloading comment API JSON reply thread 1 (6468/~219292)
[youtube]     Downloading comment API JSON reply thread 2 (6481/~219292)
[youtube] Downloading comment API JSON page 258 (6491/~219292)
[youtube] Downloading comment API JSON page 259 (6511/~219292)
[youtube] Downloading comment API JSON page 260 (6531/~219292)
[youtube]     Downloading comment API JSON reply thread 1 (6541/~219292)
[youtube] Downloading comment API JSON page 261 (6552/~219292)
[youtube] Downloading comment API JSON page 262 (6572/~219292)
[youtube]     Downloading comment API JSON reply thread 1 (6578/~219292)
[youtube]     Downloading comment API JSON reply thread 2 (6587/~219292)
[youtube] Downloading comment API JSON page 263 (6595/~219292)
[youtube]     Downloading comment API JSON reply thread 1 (6599/~219292)
[youtube]     Downloading comment API JSON reply thread 2 (6611/~219292)
[youtube]     Downloading comment API JSON reply thread 3 (6613/~219292)
[youtube] Downloading comment API JSON page 264 (6619/~219292)
[youtube]     Downloading comment API JSON reply thread 1 (6629/~219292)
[youtube] Downloading comment API JSON page 265 (6640/~219292)
[youtube] Downloading comment API JSON page 266 (6660/~219292)
[youtube]     Downloading comment API JSON reply thread 1 (6678/~219292)
[youtube]     Downloading comment API JSON reply thread 2 (6680/~219292)
[youtube] Downloading comment API JSON page 267 (6684/~219292)
[youtube]     Downloading comment API JSON reply thread 1 (6694/~219292)
[youtube]     Downloading comment API JSON reply thread 2 (6696/~219292)
[youtube]     Downloading comment API JSON reply thread 3 (6703/~219292)
[youtube]     Downloading comment API JSON reply thread 4 (6710/~219292)
[youtube] Downloading comment API JSON page 268 (6711/~219292)
[youtube]     Downloading comment API JSON reply thread 1 (6714/~219292)
[youtube]     Downloading comment API JSON reply thread 2 (6723/~219292)
[youtube] Downloading comment API JSON page 269 (6734/~219292)
[youtube]     Downloading comment API JSON reply thread 1 (6740/~219292)
[youtube] Downloading comment API JSON page 270 (6755/~219292)
[youtube]     Downloading comment API JSON reply thread 1 (6758/~219292)
[youtube]     Downloading comment API JSON reply thread 2 (6763/~219292)
[youtube]     Downloading comment API JSON reply thread 3 (6773/~219292)
[youtube]     Downloading comment API JSON reply thread 4 (6780/~219292)
[youtube] Downloading comment API JSON page 271 (6782/~219292)
[youtube]     Downloading comment API JSON reply thread 1 (6796/~219292)
[youtube]     Downloading comment API JSON reply thread 2 (6798/~219292)
[youtube] Downloading comment API JSON page 272 (6804/~219292)
[youtube] Downloading comment API JSON page 273 (6824/~219292)
[youtube] Downloading comment API JSON page 274 (6844/~219292)
[youtube] Downloading comment API JSON page 275 (6864/~219292)
[youtube]     Downloading comment API JSON reply thread 1 (6866/~219292)
[youtube] Downloading comment API JSON page 276 (6885/~219292)
[youtube]     Downloading comment API JSON reply thread 1 (6892/~219292)
[youtube] Downloading comment API JSON page 277 (6909/~219292)
[youtube]     Downloading comment API JSON reply thread 1 (6916/~219292)
[youtube]     Downloading comment API JSON reply thread 2 (6927/~219292)
[youtube]     Downloading comment API JSON reply thread 3 (6932/~219292)
[youtube] Downloading comment API JSON page 278 (6935/~219292)
[youtube]     Downloading comment API JSON reply thread 1 (6944/~219292)
[youtube] Downloading comment API JSON page 279 (6957/~219292)
[youtube]     Downloading comment API JSON reply thread 1 (6976/~219292)
[youtube]     Downloading comment API JSON reply thread 2 (6978/~219292)
WARNING: [youtube] Incomplete data received. Retrying (1/10)...
[youtube]     Downloading comment API JSON reply thread 2 (6978/~219292)
WARNING: [youtube] Incomplete data received. Retrying (2/10)...
[youtube]     Downloading comment API JSON reply thread 2 (6978/~219292)
WARNING: [youtube] Incomplete data received. Retrying (3/10)...
[youtube]     Downloading comment API JSON reply thread 2 (6978/~219292)
WARNING: [youtube] Incomplete data received. Retrying (4/10)...
[youtube]     Downloading comment API JSON reply thread 2 (6978/~219292)
WARNING: [youtube] Incomplete data received. Retrying (5/10)...
[youtube]     Downloading comment API JSON reply thread 2 (6978/~219292)
WARNING: [youtube] Incomplete data received. Retrying (6/10)...
[youtube]     Downloading comment API JSON reply thread 2 (6978/~219292)
WARNING: [youtube] Incomplete data received. Retrying (7/10)...
[youtube]     Downloading comment API JSON reply thread 2 (6978/~219292)
WARNING: [youtube] Incomplete data received. Retrying (8/10)...
[youtube]     Downloading comment API JSON reply thread 2 (6978/~219292)
WARNING: [youtube] Incomplete data received. Retrying (9/10)...
[youtube]     Downloading comment API JSON reply thread 2 (6978/~219292)
WARNING: [youtube] Incomplete data received. Retrying (10/10)...
[youtube]     Downloading comment API JSON reply thread 2 (6978/~219292)
WARNING: [youtube] Incomplete data received. Giving up after 10 retries
[youtube] Downloading comment API JSON page 280 (6980/~219292)
[youtube]     Downloading comment API JSON reply thread 1 (7000/~219292)
[youtube] Downloading comment API JSON page 281 (7002/~219292)
[youtube] Downloading comment API JSON page 282 (7022/~219292)
[youtube]     Downloading comment API JSON reply thread 1 (7038/~219292)
[youtube] Downloading comment API JSON page 283 (7043/~219292)
[youtube]     Downloading comment API JSON reply thread 1 (7050/~219292)
[youtube]     Downloading comment API JSON reply thread 2 (7066/~219292)
[youtube] Downloading comment API JSON page 284 (7068/~219292)
[youtube]     Downloading comment API JSON reply thread 1 (7072/~219292)
[youtube]     Downloading comment API JSON reply thread 2 (7075/~219292)
[youtube] Downloading comment API JSON page 285 (7090/~219292)
[youtube]     Downloading comment API JSON reply thread 1 (7097/~219292)
[youtube]     Downloading comment API JSON reply thread 2 (7105/~219292)
[youtube] Downloading comment API JSON page 286 (7113/~219292)
[youtube]     Downloading comment API JSON reply thread 1 (7118/~219292)
[youtube]     Downloading comment API JSON reply thread 2 (7121/~219292)
[youtube]     Downloading comment API JSON reply thread 3 (7123/~219292)
[youtube]     Downloading comment API JSON reply thread 4 (7134/~219292)
[youtube] Downloading comment API JSON page 287 (7141/~219292)
[youtube]     Downloading comment API JSON reply thread 1 (7142/~219292)
[youtube]     Downloading comment API JSON reply thread 2 (7151/~219292)
[youtube]     Downloading comment API JSON reply thread 3 (7158/~219292)
[youtube]     Downloading comment API JSON reply thread 4 (7160/~219292)
WARNING: [youtube] Incomplete data received. Retrying (1/10)...
[youtube]     Downloading comment API JSON reply thread 4 (7160/~219292)
WARNING: [youtube] Incomplete data received. Retrying (2/10)...
[youtube]     Downloading comment API JSON reply thread 4 (7160/~219292)
WARNING: [youtube] Incomplete data received. Retrying (3/10)...
[youtube]     Downloading comment API JSON reply thread 4 (7160/~219292)
WARNING: [youtube] Incomplete data received. Retrying (4/10)...
[youtube]     Downloading comment API JSON reply thread 4 (7160/~219292)
WARNING: [youtube] Incomplete data received. Retrying (5/10)...
[youtube]     Downloading comment API JSON reply thread 4 (7160/~219292)
WARNING: [youtube] Incomplete data received. Retrying (6/10)...
[youtube]     Downloading comment API JSON reply thread 4 (7160/~219292)
WARNING: [youtube] Incomplete data received. Retrying (7/10)...
[youtube]     Downloading comment API JSON reply thread 4 (7160/~219292)
WARNING: [youtube] Incomplete data received. Retrying (8/10)...
[youtube]     Downloading comment API JSON reply thread 4 (7160/~219292)
WARNING: [youtube] Incomplete data received. Retrying (9/10)...
[youtube]     Downloading comment API JSON reply thread 4 (7160/~219292)
WARNING: [youtube] Incomplete data received. Retrying (10/10)...
[youtube]     Downloading comment API JSON reply thread 4 (7160/~219292)
WARNING: [youtube] Incomplete data received. Giving up after 10 retries
[youtube]     Downloading comment API JSON reply thread 5 (7162/~219292)
[youtube] Downloading comment API JSON page 288 (7166/~219292)
[youtube]     Downloading comment API JSON reply thread 1 (7172/~219292)
[youtube]     Downloading comment API JSON reply thread 2 (7182/~219292)
[youtube]     Downloading comment API JSON reply thread 3 (7186/~219292)
[youtube]     Downloading comment API JSON reply thread 4 (7188/~219292)
[youtube]     Downloading comment API JSON reply thread 5 (7193/~219292)
[youtube] Downloading comment API JSON page 289 (7195/~219292)
[youtube] Downloading comment API JSON page 290 (7215/~219292)
[youtube]     Downloading comment API JSON reply thread 1 (7220/~219292)
[youtube] Downloading comment API JSON page 291 (7236/~219292)
[youtube]     Downloading comment API JSON reply thread 1 (7242/~219292)
[youtube]     Downloading comment API JSON reply thread 2 (7248/~219292)
[youtube]     Downloading comment API JSON reply thread 3 (7259/~219292)
[youtube] Downloading comment API JSON page 292 (7267/~219292)
[youtube]     Downloading comment API JSON reply thread 1 (7275/~219292)
[youtube]     Downloading comment API JSON reply thread 2 (7280/~219292)
[youtube] Downloading comment API JSON page 293 (7290/~219292)
[youtube]     Downloading comment API JSON reply thread 1 (7294/~219292)
[youtube]        Downloading comment replies API JSON page 1 (7304/~219292)
[youtube]     Downloading comment API JSON reply thread 2 (7319/~219292)
[youtube]     Downloading comment API JSON reply thread 3 (7330/~219292)
[youtube]     Downloading comment API JSON reply thread 4 (7333/~219292)
[youtube] Downloading comment API JSON page 294 (7335/~219292)
[youtube]     Downloading comment API JSON reply thread 1 (7341/~219292)
[youtube]     Downloading comment API JSON reply thread 2 (7356/~219292)
[youtube] Downloading comment API JSON page 295 (7361/~219292)
[youtube]     Downloading comment API JSON reply thread 1 (7363/~219292)
[youtube]     Downloading comment API JSON reply thread 2 (7371/~219292)
[youtube]     Downloading comment API JSON reply thread 3 (7377/~219292)
[youtube]     Downloading comment API JSON reply thread 4 (7385/~219292)
[youtube]     Downloading comment API JSON reply thread 5 (7391/~219292)
[youtube] Downloading comment API JSON page 296 (7393/~219292)
[youtube]     Downloading comment API JSON reply thread 1 (7396/~219292)
[youtube] Downloading comment API JSON page 297 (7415/~219292)
[youtube]     Downloading comment API JSON reply thread 1 (7419/~219292)
[youtube]     Downloading comment API JSON reply thread 2 (7424/~219292)
[youtube] Downloading comment API JSON page 298 (7437/~219292)
[youtube]     Downloading comment API JSON reply thread 1 (7438/~219292)
[youtube]     Downloading comment API JSON reply thread 2 (7448/~219292)
[youtube]     Downloading comment API JSON reply thread 3 (7455/~219292)
[youtube] Downloading comment API JSON page 299 (7461/~219292)
[youtube]     Downloading comment API JSON reply thread 1 (7478/~219292)
[youtube] Downloading comment API JSON page 300 (7482/~219292)
[youtube]     Downloading comment API JSON reply thread 1 (7485/~219292)
[youtube]     Downloading comment API JSON reply thread 2 (7492/~219292)
[youtube]     Downloading comment API JSON reply thread 3 (7495/~219292)
[youtube]     Downloading comment API JSON reply thread 4 (7509/~219292)
[youtube]     Downloading comment API JSON reply thread 5 (7512/~219292)
[youtube] Downloading comment API JSON page 301 (7516/~219292)
[youtube]     Downloading comment API JSON reply thread 1 (7524/~219292)
[youtube]     Downloading comment API JSON reply thread 2 (7533/~219292)
[youtube]     Downloading comment API JSON reply thread 3 (7541/~219292)
[youtube]     Downloading comment API JSON reply thread 4 (7544/~219292)
[youtube]     Downloading comment API JSON reply thread 5 (7548/~219292)
[youtube] Downloading comment API JSON page 302 (7550/~219292)
[youtube]     Downloading comment API JSON reply thread 1 (7557/~219292)
[youtube]     Downloading comment API JSON reply thread 2 (7566/~219292)
[youtube]     Downloading comment API JSON reply thread 3 (7580/~219292)
[youtube] Downloading comment API JSON page 303 (7583/~219292)
[youtube]     Downloading comment API JSON reply thread 1 (7593/~219292)
[youtube]     Downloading comment API JSON reply thread 2 (7602/~219292)
[youtube] Downloading comment API JSON page 304 (7606/~219292)
[youtube]     Downloading comment API JSON reply thread 1 (7607/~219292)
[youtube]     Downloading comment API JSON reply thread 2 (7619/~219292)
[youtube]     Downloading comment API JSON reply thread 3 (7624/~219292)
[youtube]     Downloading comment API JSON reply thread 4 (7627/~219292)
[youtube]     Downloading comment API JSON reply thread 5 (7630/~219292)
[youtube] Downloading comment API JSON page 305 (7633/~219292)
[youtube]     Downloading comment API JSON reply thread 1 (7651/~219292)
[youtube] Downloading comment API JSON page 306 (7654/~219292)
[youtube]     Downloading comment API JSON reply thread 1 (7657/~219292)
[youtube]     Downloading comment API JSON reply thread 2 (7664/~219292)
[youtube]     Downloading comment API JSON reply thread 3 (7668/~219292)
[youtube] Downloading comment API JSON page 307 (7683/~219292)
[youtube]     Downloading comment API JSON reply thread 1 (7687/~219292)
[youtube]     Downloading comment API JSON reply thread 2 (7699/~219292)
[youtube]     Downloading comment API JSON reply thread 3 (7703/~219292)
[youtube]     Downloading comment API JSON reply thread 4 (7714/~219292)
[youtube] Downloading comment API JSON page 308 (7715/~219292)
[youtube]     Downloading comment API JSON reply thread 1 (7723/~219292)
[youtube]     Downloading comment API JSON reply thread 2 (7725/~219292)
[youtube]     Downloading comment API JSON reply thread 3 (7734/~219292)
[youtube]     Downloading comment API JSON reply thread 4 (7737/~219292)
[youtube]     Downloading comment API JSON reply thread 5 (7739/~219292)
[youtube]        Downloading comment replies API JSON page 1 (7749/~219292)
[youtube]        Downloading comment replies API JSON page 2 (7759/~219292)
[youtube]        Downloading comment replies API JSON page 3 (7769/~219292)
[youtube] Downloading comment API JSON page 309 (7774/~219292)
[youtube]     Downloading comment API JSON reply thread 1 (7775/~219292)
[youtube]     Downloading comment API JSON reply thread 2 (7780/~219292)
[youtube]     Downloading comment API JSON reply thread 3 (7785/~219292)
[youtube]     Downloading comment API JSON reply thread 4 (7792/~219292)
[youtube] Downloading comment API JSON page 310 (7798/~219292)
[youtube]     Downloading comment API JSON reply thread 1 (7808/~219292)
[youtube]     Downloading comment API JSON reply thread 2 (7811/~219292)
[youtube]     Downloading comment API JSON reply thread 3 (7821/~219292)
[youtube] Downloading comment API JSON page 311 (7824/~219292)
[youtube]     Downloading comment API JSON reply thread 1 (7831/~219292)
[youtube]     Downloading comment API JSON reply thread 2 (7838/~219292)
[youtube]     Downloading comment API JSON reply thread 3 (7842/~219292)
[youtube]     Downloading comment API JSON reply thread 4 (7845/~219292)
[youtube] Downloading comment API JSON page 312 (7852/~219292)
[youtube] Downloading comment API JSON page 313 (7872/~219292)
[youtube] Downloading comment API JSON page 314 (7892/~219292)
[youtube]     Downloading comment API JSON reply thread 1 (7898/~219292)
[youtube]     Downloading comment API JSON reply thread 2 (7906/~219292)
[youtube] Downloading comment API JSON page 315 (7915/~219292)
[youtube]     Downloading comment API JSON reply thread 1 (7918/~219292)
[youtube]     Downloading comment API JSON reply thread 2 (7932/~219292)
[youtube] Downloading comment API JSON page 316 (7937/~219292)
[youtube]     Downloading comment API JSON reply thread 1 (7950/~219292)
[youtube]     Downloading comment API JSON reply thread 2 (7958/~219292)
[youtube] Downloading comment API JSON page 317 (7959/~219292)
[youtube]     Downloading comment API JSON reply thread 1 (7967/~219292)
[youtube] Downloading comment API JSON page 318 (7983/~219292)
[youtube]     Downloading comment API JSON reply thread 1 (7985/~219292)
[youtube]     Downloading comment API JSON reply thread 2 (7990/~219292)
[youtube]     Downloading comment API JSON reply thread 3 (7995/~219292)
[youtube]     Downloading comment API JSON reply thread 4 (8007/~219292)
[youtube]     Downloading comment API JSON reply thread 5 (8011/~219292)
[youtube]     Downloading comment API JSON reply thread 6 (8013/~219292)
[youtube] Downloading comment API JSON page 319 (8014/~219292)
[youtube]     Downloading comment API JSON reply thread 1 (8018/~219292)
[youtube]     Downloading comment API JSON reply thread 2 (8024/~219292)
[youtube]     Downloading comment API JSON reply thread 3 (8028/~219292)
[youtube] Downloading comment API JSON page 320 (8039/~219292)
[youtube]     Downloading comment API JSON reply thread 1 (8054/~219292)
[youtube]     Downloading comment API JSON reply thread 2 (8058/~219292)
[youtube]     Downloading comment API JSON reply thread 3 (8060/~219292)
[youtube] Downloading comment API JSON page 321 (8067/~219292)
[youtube]     Downloading comment API JSON reply thread 1 (8071/~219292)
[youtube]     Downloading comment API JSON reply thread 2 (8077/~219292)
[youtube]     Downloading comment API JSON reply thread 3 (8087/~219292)
[youtube] Downloading comment API JSON page 322 (8093/~219292)
[youtube]     Downloading comment API JSON reply thread 1 (8095/~219292)
[youtube]     Downloading comment API JSON reply thread 2 (8112/~219292)
[youtube]     Downloading comment API JSON reply thread 3 (8117/~219292)
[youtube] Downloading comment API JSON page 323 (8128/~219292)
[youtube]     Downloading comment API JSON reply thread 1 (8134/~219292)
[youtube]     Downloading comment API JSON reply thread 2 (8139/~219292)
[youtube] Downloading comment API JSON page 324 (8153/~219292)
[youtube]     Downloading comment API JSON reply thread 1 (8154/~219292)
[youtube]     Downloading comment API JSON reply thread 2 (8163/~219292)
[youtube]     Downloading comment API JSON reply thread 3 (8167/~219292)
[youtube] Downloading comment API JSON page 325 (8182/~219292)
[youtube]     Downloading comment API JSON reply thread 1 (8191/~219292)
[youtube]     Downloading comment API JSON reply thread 2 (8194/~219292)
[youtube]     Downloading comment API JSON reply thread 3 (8198/~219292)
[youtube]     Downloading comment API JSON reply thread 4 (8207/~219292)
[youtube] Downloading comment API JSON page 326 (8208/~219292)
[youtube]     Downloading comment API JSON reply thread 1 (8210/~219292)
[youtube]     Downloading comment API JSON reply thread 2 (8213/~219292)
[youtube] Downloading comment API JSON page 327 (8232/~219292)
[youtube]     Downloading comment API JSON reply thread 1 (8239/~219292)
[youtube]     Downloading comment API JSON reply thread 2 (8247/~219292)
[youtube]     Downloading comment API JSON reply thread 3 (8250/~219292)
[youtube] Downloading comment API JSON page 328 (8258/~219292)
[youtube]     Downloading comment API JSON reply thread 1 (8273/~219292)
[youtube] Downloading comment API JSON page 329 (8281/~219292)
[youtube]     Downloading comment API JSON reply thread 1 (8296/~219292)
[youtube] Downloading comment API JSON page 330 (8309/~219292)
[youtube]     Downloading comment API JSON reply thread 1 (8318/~219292)
[youtube]     Downloading comment API JSON reply thread 2 (8324/~219292)
[youtube]     Downloading comment API JSON reply thread 3 (8326/~219292)
[youtube]     Downloading comment API JSON reply thread 4 (8333/~219292)
[youtube]     Downloading comment API JSON reply thread 5 (8335/~219292)
[youtube] Downloading comment API JSON page 331 (8337/~219292)
[youtube]     Downloading comment API JSON reply thread 1 (8342/~219292)
[youtube]     Downloading comment API JSON reply thread 2 (8350/~219292)
[youtube]     Downloading comment API JSON reply thread 3 (8354/~219292)
[youtube]     Downloading comment API JSON reply thread 4 (8360/~219292)
[youtube] Downloading comment API JSON page 332 (8366/~219292)
[youtube]     Downloading comment API JSON reply thread 1 (8367/~219292)
[youtube]     Downloading comment API JSON reply thread 2 (8379/~219292)
[youtube]     Downloading comment API JSON reply thread 3 (8388/~219292)
[youtube]     Downloading comment API JSON reply thread 4 (8390/~219292)
[youtube] Downloading comment API JSON page 333 (8391/~219292)
[youtube]     Downloading comment API JSON reply thread 1 (8394/~219292)
[youtube]        Downloading comment replies API JSON page 1 (8404/~219292)
[youtube]        Downloading comment replies API JSON page 2 (8414/~219292)
[youtube]        Downloading comment replies API JSON page 3 (8424/~219292)
[youtube]        Downloading comment replies API JSON page 4 (8434/~219292)
[youtube]     Downloading comment API JSON reply thread 2 (8458/~219292)
[youtube] Downloading comment API JSON page 334 (8465/~219292)
[youtube]     Downloading comment API JSON reply thread 1 (8470/~219292)
[youtube]     Downloading comment API JSON reply thread 2 (8491/~219292)
[youtube] Downloading comment API JSON page 335 (8493/~219292)
[youtube]     Downloading comment API JSON reply thread 1 (8495/~219292)
[youtube]     Downloading comment API JSON reply thread 2 (8497/~219292)
[youtube]     Downloading comment API JSON reply thread 3 (8500/~219292)
[youtube]        Downloading comment replies API JSON page 1 (8510/~219292)
[youtube]        Downloading comment replies API JSON page 2 (8520/~219292)
[youtube]     Downloading comment API JSON reply thread 4 (8528/~219292)
[youtube] Downloading comment API JSON page 336 (8544/~219292)
[youtube] Downloading comment API JSON page 337 (8564/~219292)
[youtube]     Downloading comment API JSON reply thread 1 (8571/~219292)
[youtube] Downloading comment API JSON page 338 (8585/~219292)
[youtube]     Downloading comment API JSON reply thread 1 (8586/~219292)
[youtube]     Downloading comment API JSON reply thread 2 (8595/~219292)
[youtube]     Downloading comment API JSON reply thread 3 (8599/~219292)
[youtube]     Downloading comment API JSON reply thread 4 (8601/~219292)
[youtube] Downloading comment API JSON page 339 (8611/~219292)
[youtube]     Downloading comment API JSON reply thread 1 (8631/~219292)
[youtube] Downloading comment API JSON page 340 (8632/~219292)
[youtube]     Downloading comment API JSON reply thread 1 (8636/~219292)
[youtube]     Downloading comment API JSON reply thread 2 (8649/~219292)
[youtube] Downloading comment API JSON page 341 (8654/~219292)
[youtube]     Downloading comment API JSON reply thread 1 (8659/~219292)
[youtube]     Downloading comment API JSON reply thread 2 (8663/~219292)
[youtube]     Downloading comment API JSON reply thread 3 (8673/~219292)
[youtube]     Downloading comment API JSON reply thread 4 (8675/~219292)
[youtube]     Downloading comment API JSON reply thread 5 (8678/~219292)
[youtube]     Downloading comment API JSON reply thread 6 (8685/~219292)
[youtube] Downloading comment API JSON page 342 (8697/~219292)
[youtube]     Downloading comment API JSON reply thread 1 (8702/~219292)
[youtube]     Downloading comment API JSON reply thread 2 (8704/~219292)
[youtube]     Downloading comment API JSON reply thread 3 (8712/~219292)
[youtube]        Downloading comment replies API JSON page 1 (8715/~219292)
[youtube]     Downloading comment API JSON reply thread 4 (8725/~219292)
[youtube] Downloading comment API JSON page 343 (8743/~219292)
[youtube]     Downloading comment API JSON reply thread 1 (8751/~219292)
[youtube]     Downloading comment API JSON reply thread 2 (8760/~219292)
[youtube]     Downloading comment API JSON reply thread 3 (8765/~219292)
[youtube] Downloading comment API JSON page 344 (8770/~219292)
[youtube]     Downloading comment API JSON reply thread 1 (8780/~219292)
[youtube]     Downloading comment API JSON reply thread 2 (8786/~219292)
[youtube]        Downloading comment replies API JSON page 1 (8791/~219292)
[youtube]     Downloading comment API JSON reply thread 3 (8808/~219292)
[youtube] Downloading comment API JSON page 345 (8813/~219292)
[youtube]     Downloading comment API JSON reply thread 1 (8830/~219292)
[youtube]     Downloading comment API JSON reply thread 2 (8833/~219292)
[youtube] Downloading comment API JSON page 346 (8836/~219292)
[youtube] Downloading comment API JSON page 347 (8856/~219292)
[youtube]     Downloading comment API JSON reply thread 1 (8865/~219292)
[youtube]     Downloading comment API JSON reply thread 2 (8873/~219292)
[youtube] Downloading comment API JSON page 348 (8884/~219292)
[youtube]     Downloading comment API JSON reply thread 1 (8885/~219292)
[youtube]     Downloading comment API JSON reply thread 2 (8904/~219292)
[youtube] Downloading comment API JSON page 349 (8906/~219292)
[youtube]     Downloading comment API JSON reply thread 1 (8911/~219292)
[youtube]     Downloading comment API JSON reply thread 2 (8920/~219292)
[youtube]     Downloading comment API JSON reply thread 3 (8922/~219292)
[youtube]     Downloading comment API JSON reply thread 4 (8931/~219292)
[youtube] Downloading comment API JSON page 350 (8934/~219292)
[youtube]     Downloading comment API JSON reply thread 1 (8948/~219292)
[youtube]     Downloading comment API JSON reply thread 2 (8952/~219292)
[youtube]     Downloading comment API JSON reply thread 3 (8954/~219292)
[youtube]     Downloading comment API JSON reply thread 4 (8962/~219292)
[youtube] Downloading comment API JSON page 351 (8965/~219292)
[youtube]     Downloading comment API JSON reply thread 1 (8972/~219292)
[youtube]     Downloading comment API JSON reply thread 2 (8975/~219292)
[youtube]     Downloading comment API JSON reply thread 3 (8979/~219292)
[youtube] Downloading comment API JSON page 352 (8990/~219292)
[youtube]     Downloading comment API JSON reply thread 1 (9006/~219292)
[youtube]     Downloading comment API JSON reply thread 2 (9011/~219292)
[youtube] Downloading comment API JSON page 353 (9021/~219292)
[youtube]     Downloading comment API JSON reply thread 1 (9040/~219292)
[youtube] Downloading comment API JSON page 354 (9042/~219292)
[youtube]     Downloading comment API JSON reply thread 1 (9044/~219292)
[youtube]     Downloading comment API JSON reply thread 2 (9046/~219292)
[youtube]     Downloading comment API JSON reply thread 3 (9049/~219292)
[youtube]     Downloading comment API JSON reply thread 4 (9065/~219292)
[youtube] Downloading comment API JSON page 355 (9066/~219292)
[youtube]     Downloading comment API JSON reply thread 1 (9069/~219292)
[youtube]     Downloading comment API JSON reply thread 2 (9073/~219292)
[youtube]     Downloading comment API JSON reply thread 3 (9078/~219292)
[youtube]     Downloading comment API JSON reply thread 4 (9081/~219292)
[youtube] Downloading comment API JSON page 356 (9092/~219292)
[youtube]     Downloading comment API JSON reply thread 1 (9093/~219292)
[youtube]     Downloading comment API JSON reply thread 2 (9103/~219292)
[youtube]     Downloading comment API JSON reply thread 3 (9108/~219292)
WARNING: [youtube] Incomplete data received. Retrying (1/10)...
[youtube]     Downloading comment API JSON reply thread 3 (9108/~219292)
WARNING: [youtube] Incomplete data received. Retrying (2/10)...
[youtube]     Downloading comment API JSON reply thread 3 (9108/~219292)
WARNING: [youtube] Incomplete data received. Retrying (3/10)...
[youtube]     Downloading comment API JSON reply thread 3 (9108/~219292)
WARNING: [youtube] Incomplete data received. Retrying (4/10)...
[youtube]     Downloading comment API JSON reply thread 3 (9108/~219292)
WARNING: [youtube] Incomplete data received. Retrying (5/10)...
[youtube]     Downloading comment API JSON reply thread 3 (9108/~219292)
WARNING: [youtube] Incomplete data received. Retrying (6/10)...
[youtube]     Downloading comment API JSON reply thread 3 (9108/~219292)
WARNING: [youtube] Incomplete data received. Retrying (7/10)...
[youtube]     Downloading comment API JSON reply thread 3 (9108/~219292)
WARNING: [youtube] Incomplete data received. Retrying (8/10)...
[youtube]     Downloading comment API JSON reply thread 3 (9108/~219292)
WARNING: [youtube] Incomplete data received. Retrying (9/10)...
[youtube]     Downloading comment API JSON reply thread 3 (9108/~219292)
WARNING: [youtube] Incomplete data received. Retrying (10/10)...
[youtube]     Downloading comment API JSON reply thread 3 (9108/~219292)
WARNING: [youtube] Incomplete data received. Giving up after 10 retries
[youtube]     Downloading comment API JSON reply thread 4 (9117/~219292)
[youtube] Downloading comment API JSON page 357 (9120/~219292)
[youtube]     Downloading comment API JSON reply thread 1 (9127/~219292)
[youtube]     Downloading comment API JSON reply thread 2 (9130/~219292)
[youtube]     Downloading comment API JSON reply thread 3 (9135/~219292)
[youtube]     Downloading comment API JSON reply thread 4 (9139/~219292)
[youtube] Downloading comment API JSON page 358 (9148/~219292)
[youtube]     Downloading comment API JSON reply thread 1 (9153/~219292)
[youtube]     Downloading comment API JSON reply thread 2 (9156/~219292)
[youtube] Downloading comment API JSON page 359 (9171/~219292)
[youtube]     Downloading comment API JSON reply thread 1 (9173/~219292)
[youtube]     Downloading comment API JSON reply thread 2 (9176/~219292)
[youtube]     Downloading comment API JSON reply thread 3 (9190/~219292)
[youtube] Downloading comment API JSON page 360 (9196/~219292)
[youtube]     Downloading comment API JSON reply thread 1 (9198/~219292)
[youtube]     Downloading comment API JSON reply thread 2 (9200/~219292)
[youtube]     Downloading comment API JSON reply thread 3 (9205/~219292)
[youtube]     Downloading comment API JSON reply thread 4 (9213/~219292)
[youtube]     Downloading comment API JSON reply thread 5 (9217/~219292)
[youtube]     Downloading comment API JSON reply thread 6 (9221/~219292)
[youtube]     Downloading comment API JSON reply thread 7 (9223/~219292)
[youtube] Downloading comment API JSON page 361 (9225/~219292)
[youtube]     Downloading comment API JSON reply thread 1 (9230/~219292)
[youtube]     Downloading comment API JSON reply thread 2 (9232/~219292)
[youtube]     Downloading comment API JSON reply thread 3 (9240/~219292)
[youtube] Downloading comment API JSON page 362 (9249/~219292)
[youtube]     Downloading comment API JSON reply thread 1 (9255/~219292)
[youtube]     Downloading comment API JSON reply thread 2 (9260/~219292)
[youtube]     Downloading comment API JSON reply thread 3 (9266/~219292)
[youtube]     Downloading comment API JSON reply thread 4 (9270/~219292)
[youtube]     Downloading comment API JSON reply thread 5 (9273/~219292)
[youtube] Downloading comment API JSON page 363 (9276/~219292)
[youtube]     Downloading comment API JSON reply thread 1 (9282/~219292)
[youtube]     Downloading comment API JSON reply thread 2 (9287/~219292)
[youtube]     Downloading comment API JSON reply thread 3 (9293/~219292)
[youtube]     Downloading comment API JSON reply thread 4 (9297/~219292)
[youtube]     Downloading comment API JSON reply thread 5 (9299/~219292)
[youtube]     Downloading comment API JSON reply thread 6 (9305/~219292)
[youtube] Downloading comment API JSON page 364 (9307/~219292)
[youtube]     Downloading comment API JSON reply thread 1 (9317/~219292)
[youtube]     Downloading comment API JSON reply thread 2 (9320/~219292)
[youtube]     Downloading comment API JSON reply thread 3 (9324/~219292)
[youtube] Downloading comment API JSON page 365 (9332/~219292)
[youtube]     Downloading comment API JSON reply thread 1 (9333/~219292)
[youtube]     Downloading comment API JSON reply thread 2 (9335/~219292)
[youtube]     Downloading comment API JSON reply thread 3 (9340/~219292)
[youtube]     Downloading comment API JSON reply thread 4 (9344/~219292)
[youtube]     Downloading comment API JSON reply thread 5 (9355/~219292)
[youtube]     Downloading comment API JSON reply thread 6 (9359/~219292)
[youtube]     Downloading comment API JSON reply thread 7 (9362/~219292)
[youtube] Downloading comment API JSON page 366 (9363/~219292)
[youtube]     Downloading comment API JSON reply thread 1 (9364/~219292)
[youtube]     Downloading comment API JSON reply thread 2 (9368/~219292)
[youtube]     Downloading comment API JSON reply thread 3 (9371/~219292)
[youtube]     Downloading comment API JSON reply thread 4 (9377/~219292)
[youtube]     Downloading comment API JSON reply thread 5 (9383/~219292)
[youtube]     Downloading comment API JSON reply thread 6 (9389/~219292)
[youtube]     Downloading comment API JSON reply thread 7 (9393/~219292)
[youtube]     Downloading comment API JSON reply thread 8 (9395/~219292)
[youtube]     Downloading comment API JSON reply thread 9 (9403/~219292)
[youtube] Downloading comment API JSON page 367 (9408/~219292)
[youtube]     Downloading comment API JSON reply thread 1 (9412/~219292)
[youtube]     Downloading comment API JSON reply thread 2 (9421/~219292)
[youtube]     Downloading comment API JSON reply thread 3 (9424/~219292)
[youtube]     Downloading comment API JSON reply thread 4 (9428/~219292)
[youtube]     Downloading comment API JSON reply thread 5 (9430/~219292)
[youtube]     Downloading comment API JSON reply thread 6 (9432/~219292)
[youtube]     Downloading comment API JSON reply thread 7 (9434/~219292)
[youtube] Downloading comment API JSON page 368 (9444/~219292)
[youtube]     Downloading comment API JSON reply thread 1 (9446/~219292)
[youtube]     Downloading comment API JSON reply thread 2 (9449/~219292)
[youtube]     Downloading comment API JSON reply thread 3 (9454/~219292)
[youtube]     Downloading comment API JSON reply thread 4 (9464/~219292)
[youtube]     Downloading comment API JSON reply thread 5 (9470/~219292)
[youtube] Downloading comment API JSON page 369 (9475/~219292)
[youtube]     Downloading comment API JSON reply thread 1 (9478/~219292)
[youtube]     Downloading comment API JSON reply thread 2 (9488/~219292)
[youtube]     Downloading comment API JSON reply thread 3 (9490/~219292)
[youtube]     Downloading comment API JSON reply thread 4 (9498/~219292)
[youtube]     Downloading comment API JSON reply thread 5 (9502/~219292)
[youtube]     Downloading comment API JSON reply thread 6 (9505/~219292)
[youtube] Downloading comment API JSON page 370 (9509/~219292)
[youtube]     Downloading comment API JSON reply thread 1 (9510/~219292)
[youtube]     Downloading comment API JSON reply thread 2 (9513/~219292)
[youtube]     Downloading comment API JSON reply thread 3 (9519/~219292)
[youtube]     Downloading comment API JSON reply thread 4 (9523/~219292)
[youtube]     Downloading comment API JSON reply thread 5 (9531/~219292)
[youtube]     Downloading comment API JSON reply thread 6 (9535/~219292)
[youtube]     Downloading comment API JSON reply thread 7 (9539/~219292)
[youtube]     Downloading comment API JSON reply thread 8 (9546/~219292)
[youtube] Downloading comment API JSON page 371 (9551/~219292)
[youtube]     Downloading comment API JSON reply thread 1 (9552/~219292)
[youtube]     Downloading comment API JSON reply thread 2 (9556/~219292)
[youtube]     Downloading comment API JSON reply thread 3 (9562/~219292)
[youtube]     Downloading comment API JSON reply thread 4 (9565/~219292)
[youtube]     Downloading comment API JSON reply thread 5 (9569/~219292)
[youtube]     Downloading comment API JSON reply thread 6 (9573/~219292)
[youtube]     Downloading comment API JSON reply thread 7 (9580/~219292)
[youtube]     Downloading comment API JSON reply thread 8 (9583/~219292)
[youtube]     Downloading comment API JSON reply thread 9 (9588/~219292)
[youtube]     Downloading comment API JSON reply thread 10 (9592/~219292)
[youtube] Downloading comment API JSON page 372 (9594/~219292)
[youtube]     Downloading comment API JSON reply thread 1 (9598/~219292)
[youtube]     Downloading comment API JSON reply thread 2 (9605/~219292)
[youtube]     Downloading comment API JSON reply thread 3 (9610/~219292)
[youtube]     Downloading comment API JSON reply thread 4 (9613/~219292)
[youtube] Downloading comment API JSON page 373 (9621/~219292)
[youtube]     Downloading comment API JSON reply thread 1 (9622/~219292)
[youtube]     Downloading comment API JSON reply thread 2 (9629/~219292)
[youtube]     Downloading comment API JSON reply thread 3 (9632/~219292)
[youtube]     Downloading comment API JSON reply thread 4 (9635/~219292)
[youtube]     Downloading comment API JSON reply thread 5 (9637/~219292)
[youtube]     Downloading comment API JSON reply thread 6 (9639/~219292)
[youtube]     Downloading comment API JSON reply thread 7 (9642/~219292)
[youtube]     Downloading comment API JSON reply thread 8 (9644/~219292)
[youtube]     Downloading comment API JSON reply thread 9 (9649/~219292)
[youtube]     Downloading comment API JSON reply thread 10 (9654/~219292)
[youtube]     Downloading comment API JSON reply thread 11 (9659/~219292)
[youtube]     Downloading comment API JSON reply thread 12 (9662/~219292)
[youtube] Downloading comment API JSON page 374 (9669/~219292)
[youtube]     Downloading comment API JSON reply thread 1 (9671/~219292)
[youtube]     Downloading comment API JSON reply thread 2 (9676/~219292)
[youtube]     Downloading comment API JSON reply thread 3 (9679/~219292)
[youtube]     Downloading comment API JSON reply thread 4 (9690/~219292)
[youtube]     Downloading comment API JSON reply thread 5 (9694/~219292)
[youtube]     Downloading comment API JSON reply thread 6 (9697/~219292)
[youtube]     Downloading comment API JSON reply thread 7 (9701/~219292)
[youtube]     Downloading comment API JSON reply thread 8 (9704/~219292)
[youtube] Downloading comment API JSON page 375 (9705/~219292)
[youtube]     Downloading comment API JSON reply thread 1 (9706/~219292)
[youtube]     Downloading comment API JSON reply thread 2 (9708/~219292)
[youtube]     Downloading comment API JSON reply thread 3 (9711/~219292)
[youtube]     Downloading comment API JSON reply thread 4 (9716/~219292)
[youtube]     Downloading comment API JSON reply thread 5 (9719/~219292)
[youtube]     Downloading comment API JSON reply thread 6 (9722/~219292)
[youtube]     Downloading comment API JSON reply thread 7 (9727/~219292)
[youtube]     Downloading comment API JSON reply thread 8 (9732/~219292)
[youtube]     Downloading comment API JSON reply thread 9 (9736/~219292)
[youtube]     Downloading comment API JSON reply thread 10 (9738/~219292)
[youtube]     Downloading comment API JSON reply thread 11 (9744/~219292)
[youtube] Downloading comment API JSON page 376 (9747/~219292)
[youtube]     Downloading comment API JSON reply thread 1 (9748/~219292)
[youtube]     Downloading comment API JSON reply thread 2 (9751/~219292)
[youtube]     Downloading comment API JSON reply thread 3 (9755/~219292)
[youtube]     Downloading comment API JSON reply thread 4 (9759/~219292)
[youtube]     Downloading comment API JSON reply thread 5 (9763/~219292)
[youtube]     Downloading comment API JSON reply thread 6 (9767/~219292)
[youtube]     Downloading comment API JSON reply thread 7 (9773/~219292)
[youtube]     Downloading comment API JSON reply thread 8 (9777/~219292)
[youtube]     Downloading comment API JSON reply thread 9 (9781/~219292)
[youtube] Downloading comment API JSON page 377 (9782/~219292)
[youtube]     Downloading comment API JSON reply thread 1 (9783/~219292)
[youtube]     Downloading comment API JSON reply thread 2 (9785/~219292)
[youtube]     Downloading comment API JSON reply thread 3 (9795/~219292)
[youtube]     Downloading comment API JSON reply thread 4 (9798/~219292)
[youtube]     Downloading comment API JSON reply thread 5 (9806/~219292)
[youtube]     Downloading comment API JSON reply thread 6 (9809/~219292)
[youtube]     Downloading comment API JSON reply thread 7 (9811/~219292)
[youtube] Downloading comment API JSON page 378 (9812/~219292)
[youtube]     Downloading comment API JSON reply thread 1 (9813/~219292)
[youtube]     Downloading comment API JSON reply thread 2 (9816/~219292)
[youtube]     Downloading comment API JSON reply thread 3 (9821/~219292)
[youtube]     Downloading comment API JSON reply thread 4 (9829/~219292)
[youtube]     Downloading comment API JSON reply thread 5 (9836/~219292)
[youtube] Downloading comment API JSON page 379 (9840/~219292)
[youtube]     Downloading comment API JSON reply thread 1 (9852/~219292)
[youtube]     Downloading comment API JSON reply thread 2 (9856/~219292)
[youtube] Downloading comment API JSON page 380 (9862/~219292)
[youtube]     Downloading comment API JSON reply thread 1 (9863/~219292)
[youtube]     Downloading comment API JSON reply thread 2 (9870/~219292)
[youtube]     Downloading comment API JSON reply thread 3 (9874/~219292)
[youtube] Downloading comment API JSON page 381 (9885/~219292)
[youtube]     Downloading comment API JSON reply thread 1 (9889/~219292)
[youtube]     Downloading comment API JSON reply thread 2 (9894/~219292)
[youtube]     Downloading comment API JSON reply thread 3 (9905/~219292)
[youtube]     Downloading comment API JSON reply thread 4 (9907/~219292)
[youtube]     Downloading comment API JSON reply thread 5 (9912/~219292)
[youtube]     Downloading comment API JSON reply thread 6 (9916/~219292)
[youtube]     Downloading comment API JSON reply thread 7 (9919/~219292)
[youtube]     Downloading comment API JSON reply thread 8 (9921/~219292)
[youtube] Downloading comment API JSON page 382 (9922/~219292)
[youtube]     Downloading comment API JSON reply thread 1 (9923/~219292)
[youtube]     Downloading comment API JSON reply thread 2 (9925/~219292)
[youtube]     Downloading comment API JSON reply thread 3 (9929/~219292)
[youtube]     Downloading comment API JSON reply thread 4 (9936/~219292)
[youtube]     Downloading comment API JSON reply thread 5 (9938/~219292)
[youtube]     Downloading comment API JSON reply thread 6 (9941/~219292)
[youtube]     Downloading comment API JSON reply thread 7 (9949/~219292)
[youtube] Downloading comment API JSON page 383 (9955/~219292)
[youtube]     Downloading comment API JSON reply thread 1 (9958/~219292)
[youtube]     Downloading comment API JSON reply thread 2 (9961/~219292)
[youtube]     Downloading comment API JSON reply thread 3 (9968/~219292)
[youtube]     Downloading comment API JSON reply thread 4 (9973/~219292)
[youtube]     Downloading comment API JSON reply thread 5 (9978/~219292)
[youtube]     Downloading comment API JSON reply thread 6 (9980/~219292)
[youtube]     Downloading comment API JSON reply thread 7 (9982/~219292)
[youtube] Downloading comment API JSON page 384 (9988/~219292)
[youtube]     Downloading comment API JSON reply thread 1 (9989/~219292)
[youtube]     Downloading comment API JSON reply thread 2 (10004/~219292)
[youtube]     Downloading comment API JSON reply thread 3 (10010/~219292)
[youtube]     Downloading comment API JSON reply thread 4 (10012/~219292)
[youtube] Downloading comment API JSON page 385 (10014/~219292)
[youtube]     Downloading comment API JSON reply thread 1 (10025/~219292)
[youtube]     Downloading comment API JSON reply thread 2 (10027/~219292)
[youtube]     Downloading comment API JSON reply thread 3 (10036/~219292)
[youtube]     Downloading comment API JSON reply thread 4 (10039/~219292)
[youtube]     Downloading comment API JSON reply thread 5 (10042/~219292)
[youtube]     Downloading comment API JSON reply thread 6 (10045/~219292)
[youtube]     Downloading comment API JSON reply thread 7 (10048/~219292)
[youtube] Downloading comment API JSON page 386 (10050/~219292)
[youtube]     Downloading comment API JSON reply thread 1 (10052/~219292)
[youtube]     Downloading comment API JSON reply thread 2 (10055/~219292)
[youtube]     Downloading comment API JSON reply thread 3 (10059/~219292)
[youtube]     Downloading comment API JSON reply thread 4 (10066/~219292)
[youtube]     Downloading comment API JSON reply thread 5 (10068/~219292)
[youtube]     Downloading comment API JSON reply thread 6 (10071/~219292)
[youtube]     Downloading comment API JSON reply thread 7 (10080/~219292)
[youtube]     Downloading comment API JSON reply thread 8 (10082/~219292)
[youtube]     Downloading comment API JSON reply thread 9 (10088/~219292)
[youtube] Downloading comment API JSON page 387 (10091/~219292)
[youtube]     Downloading comment API JSON reply thread 1 (10092/~219292)
[youtube]     Downloading comment API JSON reply thread 2 (10095/~219292)
[youtube]     Downloading comment API JSON reply thread 3 (10099/~219292)
[youtube]     Downloading comment API JSON reply thread 4 (10107/~219292)
[youtube]     Downloading comment API JSON reply thread 5 (10110/~219292)
[youtube]     Downloading comment API JSON reply thread 6 (10114/~219292)
[youtube]     Downloading comment API JSON reply thread 7 (10118/~219292)
[youtube]     Downloading comment API JSON reply thread 8 (10127/~219292)
[youtube]     Downloading comment API JSON reply thread 9 (10130/~219292)
[youtube] Downloading comment API JSON page 388 (10134/~219292)
[youtube]     Downloading comment API JSON reply thread 1 (10146/~219292)
[youtube]     Downloading comment API JSON reply thread 2 (10148/~219292)
[youtube]     Downloading comment API JSON reply thread 3 (10157/~219292)
[youtube] Downloading comment API JSON page 389 (10159/~219292)
[youtube]     Downloading comment API JSON reply thread 1 (10160/~219292)
[youtube]     Downloading comment API JSON reply thread 2 (10162/~219292)
[youtube]     Downloading comment API JSON reply thread 3 (10168/~219292)
[youtube]     Downloading comment API JSON reply thread 4 (10170/~219292)
[youtube]     Downloading comment API JSON reply thread 5 (10174/~219292)
[youtube]     Downloading comment API JSON reply thread 6 (10176/~219292)
[youtube]     Downloading comment API JSON reply thread 7 (10180/~219292)
[youtube]     Downloading comment API JSON reply thread 8 (10182/~219292)
[youtube]     Downloading comment API JSON reply thread 9 (10191/~219292)
[youtube] Downloading comment API JSON page 390 (10196/~219292)
[youtube]     Downloading comment API JSON reply thread 1 (10198/~219292)
[youtube]     Downloading comment API JSON reply thread 2 (10200/~219292)
[youtube]     Downloading comment API JSON reply thread 3 (10202/~219292)
[youtube]     Downloading comment API JSON reply thread 4 (10207/~219292)
[youtube]     Downloading comment API JSON reply thread 5 (10210/~219292)
[youtube]     Downloading comment API JSON reply thread 6 (10215/~219292)
[youtube]     Downloading comment API JSON reply thread 7 (10224/~219292)
[youtube]     Downloading comment API JSON reply thread 8 (10234/~219292)
[youtube]     Downloading comment API JSON reply thread 9 (10236/~219292)
[youtube] Downloading comment API JSON page 391 (10237/~219292)
[youtube]     Downloading comment API JSON reply thread 1 (10238/~219292)
[youtube]     Downloading comment API JSON reply thread 2 (10242/~219292)
[youtube]     Downloading comment API JSON reply thread 3 (10252/~219292)
[youtube]     Downloading comment API JSON reply thread 4 (10258/~219292)
[youtube]     Downloading comment API JSON reply thread 5 (10261/~219292)
[youtube]     Downloading comment API JSON reply thread 6 (10270/~219292)
[youtube]     Downloading comment API JSON reply thread 7 (10275/~219292)
[youtube] Downloading comment API JSON page 392 (10281/~219292)
[youtube]     Downloading comment API JSON reply thread 1 (10295/~219292)
[youtube]     Downloading comment API JSON reply thread 2 (10297/~219292)
[youtube]     Downloading comment API JSON reply thread 3 (10304/~219292)
[youtube] Downloading comment API JSON page 393 (10308/~219292)
[youtube]     Downloading comment API JSON reply thread 1 (10314/~219292)
[youtube]     Downloading comment API JSON reply thread 2 (10320/~219292)
[youtube]     Downloading comment API JSON reply thread 3 (10328/~219292)
[youtube]     Downloading comment API JSON reply thread 4 (10332/~219292)
[youtube] Downloading comment API JSON page 394 (10334/~219292)
[youtube]     Downloading comment API JSON reply thread 1 (10335/~219292)
[youtube]     Downloading comment API JSON reply thread 2 (10342/~219292)
[youtube]     Downloading comment API JSON reply thread 3 (10345/~219292)
[youtube]     Downloading comment API JSON reply thread 4 (10351/~219292)
[youtube]     Downloading comment API JSON reply thread 5 (10355/~219292)
[youtube]     Downloading comment API JSON reply thread 6 (10360/~219292)
[youtube]     Downloading comment API JSON reply thread 7 (10364/~219292)
[youtube]     Downloading comment API JSON reply thread 8 (10367/~219292)
[youtube] Downloading comment API JSON page 395 (10370/~219292)
[youtube]     Downloading comment API JSON reply thread 1 (10374/~219292)
[youtube]     Downloading comment API JSON reply thread 2 (10382/~219292)
[youtube]     Downloading comment API JSON reply thread 3 (10384/~219292)
[youtube]     Downloading comment API JSON reply thread 4 (10392/~219292)
[youtube]     Downloading comment API JSON reply thread 5 (10394/~219292)
[youtube] Downloading comment API JSON page 396 (10398/~219292)
[youtube]     Downloading comment API JSON reply thread 1 (10399/~219292)
[youtube]     Downloading comment API JSON reply thread 2 (10406/~219292)
[youtube]     Downloading comment API JSON reply thread 3 (10409/~219292)
[youtube]     Downloading comment API JSON reply thread 4 (10415/~219292)
[youtube]     Downloading comment API JSON reply thread 5 (10420/~219292)
[youtube] Downloading comment API JSON page 397 (10429/~219292)
[youtube]     Downloading comment API JSON reply thread 1 (10435/~219292)
[youtube]     Downloading comment API JSON reply thread 2 (10439/~219292)
[youtube]     Downloading comment API JSON reply thread 3 (10449/~219292)
[youtube]     Downloading comment API JSON reply thread 4 (10451/~219292)
[youtube]     Downloading comment API JSON reply thread 5 (10456/~219292)
[youtube]     Downloading comment API JSON reply thread 6 (10459/~219292)
[youtube] Downloading comment API JSON page 398 (10462/~219292)
[youtube]     Downloading comment API JSON reply thread 1 (10465/~219292)
[youtube]     Downloading comment API JSON reply thread 2 (10471/~219292)
[youtube]     Downloading comment API JSON reply thread 3 (10474/~219292)
[youtube]     Downloading comment API JSON reply thread 4 (10483/~219292)
[youtube]     Downloading comment API JSON reply thread 5 (10486/~219292)
[youtube]     Downloading comment API JSON reply thread 6 (10493/~219292)
[youtube] Downloading comment API JSON page 399 (10498/~219292)
[youtube]     Downloading comment API JSON reply thread 1 (10499/~219292)
[youtube]     Downloading comment API JSON reply thread 2 (10502/~219292)
[youtube]     Downloading comment API JSON reply thread 3 (10510/~219292)
[youtube]     Downloading comment API JSON reply thread 4 (10517/~219292)
[youtube]     Downloading comment API JSON reply thread 5 (10526/~219292)
[youtube]     Downloading comment API JSON reply thread 6 (10530/~219292)
[youtube] Downloading comment API JSON page 400 (10531/~219292)
[youtube]     Downloading comment API JSON reply thread 1 (10535/~219292)
[youtube]     Downloading comment API JSON reply thread 2 (10542/~219292)
[youtube]     Downloading comment API JSON reply thread 3 (10550/~219292)
[youtube]     Downloading comment API JSON reply thread 4 (10556/~219292)
[youtube] Downloading comment API JSON page 401 (10562/~219292)
[youtube]     Downloading comment API JSON reply thread 1 (10565/~219292)
[youtube]     Downloading comment API JSON reply thread 2 (10576/~219292)
[youtube]     Downloading comment API JSON reply thread 3 (10580/~219292)
[youtube] Downloading comment API JSON page 402 (10588/~219292)
[youtube]     Downloading comment API JSON reply thread 1 (10591/~219292)
[youtube]     Downloading comment API JSON reply thread 2 (10596/~219292)
[youtube]     Downloading comment API JSON reply thread 3 (10601/~219292)
[youtube]     Downloading comment API JSON reply thread 4 (10608/~219292)
[youtube] Downloading comment API JSON page 403 (10614/~219292)
[youtube]     Downloading comment API JSON reply thread 1 (10624/~219292)
[youtube]     Downloading comment API JSON reply thread 2 (10635/~219292)
[youtube] Downloading comment API JSON page 404 (10636/~219292)
[youtube]     Downloading comment API JSON reply thread 1 (10637/~219292)
[youtube]     Downloading comment API JSON reply thread 2 (10639/~219292)
[youtube]     Downloading comment API JSON reply thread 3 (10641/~219292)
[youtube]     Downloading comment API JSON reply thread 4 (10643/~219292)
[youtube]     Downloading comment API JSON reply thread 5 (10646/~219292)
[youtube]     Downloading comment API JSON reply thread 6 (10648/~219292)
[youtube]     Downloading comment API JSON reply thread 7 (10650/~219292)
[youtube]     Downloading comment API JSON reply thread 8 (10653/~219292)
[youtube]     Downloading comment API JSON reply thread 9 (10658/~219292)
[youtube]     Downloading comment API JSON reply thread 10 (10661/~219292)
[youtube]     Downloading comment API JSON reply thread 11 (10663/~219292)
[youtube]     Downloading comment API JSON reply thread 12 (10665/~219292)
[youtube]     Downloading comment API JSON reply thread 13 (10667/~219292)
[youtube]     Downloading comment API JSON reply thread 14 (10670/~219292)
[youtube]        Downloading comment replies API JSON page 1 (10679/~219292)
[youtube]     Downloading comment API JSON reply thread 15 (10689/~219292)
[youtube] Downloading comment API JSON page 405 (10696/~219292)
[youtube]     Downloading comment API JSON reply thread 1 (10697/~219292)
[youtube]     Downloading comment API JSON reply thread 2 (10707/~219292)
[youtube]     Downloading comment API JSON reply thread 3 (10712/~219292)
[youtube]     Downloading comment API JSON reply thread 4 (10719/~219292)
[youtube]     Downloading comment API JSON reply thread 5 (10725/~219292)
[youtube] Downloading comment API JSON page 406 (10726/~219292)
[youtube]     Downloading comment API JSON reply thread 1 (10727/~219292)
[youtube]     Downloading comment API JSON reply thread 2 (10732/~219292)
[youtube]     Downloading comment API JSON reply thread 3 (10735/~219292)
[youtube]     Downloading comment API JSON reply thread 4 (10749/~219292)
[youtube] Downloading comment API JSON page 407 (10751/~219292)
[youtube]     Downloading comment API JSON reply thread 1 (10755/~219292)
[youtube]     Downloading comment API JSON reply thread 2 (10765/~219292)
[youtube]     Downloading comment API JSON reply thread 3 (10768/~219292)
[youtube]     Downloading comment API JSON reply thread 4 (10771/~219292)
[youtube]     Downloading comment API JSON reply thread 5 (10773/~219292)
[youtube]     Downloading comment API JSON reply thread 6 (10776/~219292)
[youtube] Downloading comment API JSON page 408 (10781/~219292)
[youtube]     Downloading comment API JSON reply thread 1 (10793/~219292)
[youtube]     Downloading comment API JSON reply thread 2 (10798/~219292)
[youtube]     Downloading comment API JSON reply thread 3 (10802/~219292)
[youtube]        Downloading comment replies API JSON page 1 (10812/~219292)
[youtube]        Downloading comment replies API JSON page 2 (10822/~219292)
[youtube] Downloading comment API JSON page 409 (10835/~219292)
[youtube]     Downloading comment API JSON reply thread 1 (10844/~219292)
[youtube]     Downloading comment API JSON reply thread 2 (10849/~219292)
[youtube]     Downloading comment API JSON reply thread 3 (10852/~219292)
[youtube]     Downloading comment API JSON reply thread 4 (10855/~219292)
[youtube] Downloading comment API JSON page 410 (10861/~219292)
[youtube]     Downloading comment API JSON reply thread 1 (10867/~219292)
[youtube]     Downloading comment API JSON reply thread 2 (10869/~219292)
[youtube]     Downloading comment API JSON reply thread 3 (10874/~219292)
[youtube]     Downloading comment API JSON reply thread 4 (10887/~219292)
[youtube]     Downloading comment API JSON reply thread 5 (10892/~219292)
[youtube]     Downloading comment API JSON reply thread 6 (10896/~219292)
[youtube]     Downloading comment API JSON reply thread 7 (10898/~219292)
[youtube]     Downloading comment API JSON reply thread 8 (10900/~219292)
[youtube] Downloading comment API JSON page 411 (10901/~219292)
[youtube]     Downloading comment API JSON reply thread 1 (10902/~219292)
[youtube]     Downloading comment API JSON reply thread 2 (10905/~219292)
[youtube]     Downloading comment API JSON reply thread 3 (10914/~219292)
[youtube]     Downloading comment API JSON reply thread 4 (10918/~219292)
[youtube]     Downloading comment API JSON reply thread 5 (10921/~219292)
[youtube]     Downloading comment API JSON reply thread 6 (10925/~219292)
[youtube]     Downloading comment API JSON reply thread 7 (10927/~219292)
[youtube]     Downloading comment API JSON reply thread 8 (10930/~219292)
[youtube]     Downloading comment API JSON reply thread 9 (10932/~219292)
[youtube]     Downloading comment API JSON reply thread 10 (10934/~219292)
[youtube] Downloading comment API JSON page 412 (10937/~219292)
[youtube]     Downloading comment API JSON reply thread 1 (10938/~219292)
[youtube]     Downloading comment API JSON reply thread 2 (10943/~219292)
[youtube]     Downloading comment API JSON reply thread 3 (10949/~219292)
[youtube]     Downloading comment API JSON reply thread 4 (10953/~219292)
[youtube]     Downloading comment API JSON reply thread 5 (10957/~219292)
[youtube]     Downloading comment API JSON reply thread 6 (10961/~219292)
[youtube]     Downloading comment API JSON reply thread 7 (10964/~219292)
[youtube]     Downloading comment API JSON reply thread 8 (10973/~219292)
[youtube] Downloading comment API JSON page 413 (10977/~219292)
[youtube]     Downloading comment API JSON reply thread 1 (10979/~219292)
[youtube]     Downloading comment API JSON reply thread 2 (10984/~219292)
[youtube]     Downloading comment API JSON reply thread 3 (10994/~219292)
[youtube]     Downloading comment API JSON reply thread 4 (11001/~219292)
[youtube] Downloading comment API JSON page 414 (11005/~219292)
[youtube]     Downloading comment API JSON reply thread 1 (11016/~219292)
WARNING: [youtube] Incomplete data received. Retrying (1/10)...
[youtube]     Downloading comment API JSON reply thread 1 (11016/~219292)
WARNING: [youtube] Incomplete data received. Retrying (2/10)...
[youtube]     Downloading comment API JSON reply thread 1 (11016/~219292)
WARNING: [youtube] Incomplete data received. Retrying (3/10)...
[youtube]     Downloading comment API JSON reply thread 1 (11016/~219292)
WARNING: [youtube] Incomplete data received. Retrying (4/10)...
[youtube]     Downloading comment API JSON reply thread 1 (11016/~219292)
WARNING: [youtube] Incomplete data received. Retrying (5/10)...
[youtube]     Downloading comment API JSON reply thread 1 (11016/~219292)
WARNING: [youtube] Incomplete data received. Retrying (6/10)...
[youtube]     Downloading comment API JSON reply thread 1 (11016/~219292)
WARNING: [youtube] Incomplete data received. Retrying (7/10)...
[youtube]     Downloading comment API JSON reply thread 1 (11016/~219292)
WARNING: [youtube] Incomplete data received. Retrying (8/10)...
[youtube]     Downloading comment API JSON reply thread 1 (11016/~219292)
WARNING: [youtube] Incomplete data received. Retrying (9/10)...
[youtube]     Downloading comment API JSON reply thread 1 (11016/~219292)
WARNING: [youtube] Incomplete data received. Retrying (10/10)...
[youtube]     Downloading comment API JSON reply thread 1 (11016/~219292)
WARNING: [youtube] Incomplete data received. Giving up after 10 retries
[youtube]     Downloading comment API JSON reply thread 2 (11020/~219292)
[youtube] Downloading comment API JSON page 415 (11026/~219292)
[youtube]     Downloading comment API JSON reply thread 1 (11036/~219292)
[youtube] Downloading comment API JSON page 416 (11050/~219292)
[youtube]     Downloading comment API JSON reply thread 1 (11060/~219292)
[youtube]     Downloading comment API JSON reply thread 2 (11064/~219292)
[youtube] Downloading comment API JSON page 417 (11073/~219292)
[youtube]     Downloading comment API JSON reply thread 1 (11074/~219292)
[youtube]     Downloading comment API JSON reply thread 2 (11082/~219292)
[youtube]     Downloading comment API JSON reply thread 3 (11086/~219292)
[youtube] Downloading comment API JSON page 418 (11098/~219292)
[youtube]     Downloading comment API JSON reply thread 1 (11109/~219292)
[youtube] Downloading comment API JSON page 419 (11120/~219292)
[youtube]     Downloading comment API JSON reply thread 1 (11123/~219292)
[youtube] Downloading comment API JSON page 420 (11142/~219292)
[youtube]     Downloading comment API JSON reply thread 1 (11143/~219292)
[youtube]     Downloading comment API JSON reply thread 2 (11145/~219292)
[youtube]     Downloading comment API JSON reply thread 3 (11162/~219292)
[youtube]        Downloading comment replies API JSON page 1 (11172/~219292)
[youtube] Downloading comment API JSON page 421 (11185/~219292)
[youtube]     Downloading comment API JSON reply thread 1 (11203/~219292)
[youtube]     Downloading comment API JSON reply thread 2 (11210/~219292)
[youtube] Downloading comment API JSON page 422 (11213/~219292)
[youtube]     Downloading comment API JSON reply thread 1 (11214/~219292)
[youtube]     Downloading comment API JSON reply thread 2 (11218/~219292)
[youtube]     Downloading comment API JSON reply thread 3 (11221/~219292)
[youtube]     Downloading comment API JSON reply thread 4 (11227/~219292)
[youtube]     Downloading comment API JSON reply thread 5 (11235/~219292)
[youtube]     Downloading comment API JSON reply thread 6 (11241/~219292)
[youtube] Downloading comment API JSON page 423 (11243/~219292)
[youtube]     Downloading comment API JSON reply thread 1 (11255/~219292)
[youtube]     Downloading comment API JSON reply thread 2 (11257/~219292)
[youtube]     Downloading comment API JSON reply thread 3 (11264/~219292)
[youtube]     Downloading comment API JSON reply thread 4 (11268/~219292)
[youtube]     Downloading comment API JSON reply thread 5 (11270/~219292)
[youtube]     Downloading comment API JSON reply thread 6 (11274/~219292)
[youtube] Downloading comment API JSON page 424 (11279/~219292)
[youtube]     Downloading comment API JSON reply thread 1 (11281/~219292)
[youtube]     Downloading comment API JSON reply thread 2 (11284/~219292)
[youtube]     Downloading comment API JSON reply thread 3 (11288/~219292)
[youtube]     Downloading comment API JSON reply thread 4 (11292/~219292)
[youtube]     Downloading comment API JSON reply thread 5 (11303/~219292)
[youtube] Downloading comment API JSON page 425 (11311/~219292)
[youtube]     Downloading comment API JSON reply thread 1 (11317/~219292)
[youtube]     Downloading comment API JSON reply thread 2 (11324/~219292)
[youtube]     Downloading comment API JSON reply thread 3 (11328/~219292)
[youtube]        Downloading comment replies API JSON page 1 (11338/~219292)
[youtube]        Downloading comment replies API JSON page 2 (11348/~219292)
[youtube]     Downloading comment API JSON reply thread 4 (11361/~219292)
[youtube]     Downloading comment API JSON reply thread 5 (11368/~219292)
[youtube] Downloading comment API JSON page 426 (11369/~219292)
[youtube]     Downloading comment API JSON reply thread 1 (11370/~219292)
[youtube]     Downloading comment API JSON reply thread 2 (11380/~219292)
[youtube]     Downloading comment API JSON reply thread 3 (11385/~219292)
[youtube]     Downloading comment API JSON reply thread 4 (11387/~219292)
[youtube] Downloading comment API JSON page 427 (11394/~219292)
[youtube]     Downloading comment API JSON reply thread 1 (11409/~219292)
[youtube]     Downloading comment API JSON reply thread 2 (11417/~219292)
[youtube]     Downloading comment API JSON reply thread 3 (11422/~219292)
[youtube]        Downloading comment replies API JSON page 1 (11426/~219292)
[youtube]        Downloading comment replies API JSON page 2 (11437/~219292)
[youtube] Downloading comment API JSON page 428 (11443/~219292)
[youtube]     Downloading comment API JSON reply thread 1 (11448/~219292)
[youtube]     Downloading comment API JSON reply thread 2 (11456/~219292)
[youtube]     Downloading comment API JSON reply thread 3 (11463/~219292)
[youtube]     Downloading comment API JSON reply thread 4 (11467/~219292)
[youtube] Downloading comment API JSON page 429 (11470/~219292)
[youtube]     Downloading comment API JSON reply thread 1 (11471/~219292)
[youtube]     Downloading comment API JSON reply thread 2 (11474/~219292)
[youtube]     Downloading comment API JSON reply thread 3 (11477/~219292)
[youtube]     Downloading comment API JSON reply thread 4 (11495/~219292)
[youtube] Downloading comment API JSON page 430 (11497/~219292)
[youtube]     Downloading comment API JSON reply thread 1 (11499/~219292)
[youtube]     Downloading comment API JSON reply thread 2 (11502/~219292)
[youtube]     Downloading comment API JSON reply thread 3 (11506/~219292)
[youtube]     Downloading comment API JSON reply thread 4 (11508/~219292)
[youtube]     Downloading comment API JSON reply thread 5 (11511/~219292)
[youtube] Downloading comment API JSON page 431 (11527/~219292)
[youtube]     Downloading comment API JSON reply thread 1 (11531/~219292)
[youtube]     Downloading comment API JSON reply thread 2 (11537/~219292)
[youtube]     Downloading comment API JSON reply thread 3 (11540/~219292)
[youtube] Downloading comment API JSON page 432 (11551/~219292)
[youtube]     Downloading comment API JSON reply thread 1 (11555/~219292)
[youtube]     Downloading comment API JSON reply thread 2 (11561/~219292)
[youtube]     Downloading comment API JSON reply thread 3 (11566/~219292)
[youtube]     Downloading comment API JSON reply thread 4 (11573/~219292)
[youtube]     Downloading comment API JSON reply thread 5 (11576/~219292)
[youtube]     Downloading comment API JSON reply thread 6 (11580/~219292)
[youtube] Downloading comment API JSON page 433 (11585/~219292)
[youtube]     Downloading comment API JSON reply thread 1 (11586/~219292)
[youtube]     Downloading comment API JSON reply thread 2 (11598/~219292)
[youtube]     Downloading comment API JSON reply thread 3 (11607/~219292)
[youtube] Downloading comment API JSON page 434 (11608/~219292)
[youtube]     Downloading comment API JSON reply thread 1 (11619/~219292)
[youtube]     Downloading comment API JSON reply thread 2 (11622/~219292)
[youtube]     Downloading comment API JSON reply thread 3 (11624/~219292)
[youtube]     Downloading comment API JSON reply thread 4 (11626/~219292)
[youtube]     Downloading comment API JSON reply thread 5 (11628/~219292)
[youtube]     Downloading comment API JSON reply thread 6 (11630/~219292)
[youtube]     Downloading comment API JSON reply thread 7 (11633/~219292)
[youtube]     Downloading comment API JSON reply thread 8 (11636/~219292)
[youtube]     Downloading comment API JSON reply thread 9 (11638/~219292)
[youtube]     Downloading comment API JSON reply thread 10 (11641/~219292)
[youtube] Downloading comment API JSON page 435 (11642/~219292)
[youtube]     Downloading comment API JSON reply thread 1 (11652/~219292)
[youtube]     Downloading comment API JSON reply thread 2 (11657/~219292)
[youtube] Downloading comment API JSON page 436 (11666/~219292)
[youtube]     Downloading comment API JSON reply thread 1 (11673/~219292)
[youtube]     Downloading comment API JSON reply thread 2 (11679/~219292)
[youtube]     Downloading comment API JSON reply thread 3 (11684/~219292)
[youtube]     Downloading comment API JSON reply thread 4 (11686/~219292)
[youtube]     Downloading comment API JSON reply thread 5 (11688/~219292)
[youtube]     Downloading comment API JSON reply thread 6 (11690/~219292)
[youtube]     Downloading comment API JSON reply thread 7 (11692/~219292)
[youtube]     Downloading comment API JSON reply thread 8 (11698/~219292)
[youtube] Downloading comment API JSON page 437 (11700/~219292)
[youtube]     Downloading comment API JSON reply thread 1 (11701/~219292)
[youtube]     Downloading comment API JSON reply thread 2 (11704/~219292)
[youtube]     Downloading comment API JSON reply thread 3 (11706/~219292)
[youtube]     Downloading comment API JSON reply thread 4 (11709/~219292)
[youtube]     Downloading comment API JSON reply thread 5 (11714/~219292)
[youtube]     Downloading comment API JSON reply thread 6 (11717/~219292)
[youtube]     Downloading comment API JSON reply thread 7 (11719/~219292)
[youtube]     Downloading comment API JSON reply thread 8 (11730/~219292)
[youtube] Downloading comment API JSON page 438 (11731/~219292)
[youtube]     Downloading comment API JSON reply thread 1 (11736/~219292)
[youtube]     Downloading comment API JSON reply thread 2 (11740/~219292)
[youtube]     Downloading comment API JSON reply thread 3 (11750/~219292)
[youtube]     Downloading comment API JSON reply thread 4 (11753/~219292)
[youtube]     Downloading comment API JSON reply thread 5 (11755/~219292)
[youtube]     Downloading comment API JSON reply thread 6 (11757/~219292)
[youtube]     Downloading comment API JSON reply thread 7 (11763/~219292)
[youtube]     Downloading comment API JSON reply thread 8 (11767/~219292)
[youtube] Downloading comment API JSON page 439 (11769/~219292)
[youtube]     Downloading comment API JSON reply thread 1 (11770/~219292)
[youtube]     Downloading comment API JSON reply thread 2 (11775/~219292)
[youtube]     Downloading comment API JSON reply thread 3 (11778/~219292)
[youtube]     Downloading comment API JSON reply thread 4 (11784/~219292)
[youtube]     Downloading comment API JSON reply thread 5 (11789/~219292)
[youtube]     Downloading comment API JSON reply thread 6 (11792/~219292)
[youtube]     Downloading comment API JSON reply thread 7 (11795/~219292)
[youtube] Downloading comment API JSON page 440 (11800/~219292)
[youtube]     Downloading comment API JSON reply thread 1 (11808/~219292)
[youtube]     Downloading comment API JSON reply thread 2 (11815/~219292)
[youtube]     Downloading comment API JSON reply thread 3 (11825/~219292)
[youtube] Downloading comment API JSON page 441 (11826/~219292)
[youtube]     Downloading comment API JSON reply thread 1 (11829/~219292)
[youtube]     Downloading comment API JSON reply thread 2 (11831/~219292)
[youtube]     Downloading comment API JSON reply thread 3 (11836/~219292)
[youtube]     Downloading comment API JSON reply thread 4 (11849/~219292)
[youtube]     Downloading comment API JSON reply thread 5 (11851/~219292)
[youtube]     Downloading comment API JSON reply thread 6 (11858/~219292)
[youtube] Downloading comment API JSON page 442 (11860/~219292)
[youtube]     Downloading comment API JSON reply thread 1 (11861/~219292)
[youtube]     Downloading comment API JSON reply thread 2 (11864/~219292)
[youtube]     Downloading comment API JSON reply thread 3 (11866/~219292)
[youtube]     Downloading comment API JSON reply thread 4 (11877/~219292)
[youtube] Downloading comment API JSON page 443 (11884/~219292)
[youtube]     Downloading comment API JSON reply thread 1 (11887/~219292)
[youtube]     Downloading comment API JSON reply thread 2 (11895/~219292)
[youtube]     Downloading comment API JSON reply thread 3 (11898/~219292)
[youtube]     Downloading comment API JSON reply thread 4 (11908/~219292)
[youtube]     Downloading comment API JSON reply thread 5 (11912/~219292)
[youtube]     Downloading comment API JSON reply thread 6 (11915/~219292)
[youtube] Downloading comment API JSON page 444 (11919/~219292)
[youtube]     Downloading comment API JSON reply thread 1 (11923/~219292)
[youtube]     Downloading comment API JSON reply thread 2 (11933/~219292)
[youtube]     Downloading comment API JSON reply thread 3 (11936/~219292)
[youtube]     Downloading comment API JSON reply thread 4 (11938/~219292)
[youtube]     Downloading comment API JSON reply thread 5 (11942/~219292)
[youtube]     Downloading comment API JSON reply thread 6 (11945/~219292)
[youtube]     Downloading comment API JSON reply thread 7 (11949/~219292)
[youtube] Downloading comment API JSON page 445 (11950/~219292)
[youtube]     Downloading comment API JSON reply thread 1 (11953/~219292)
[youtube] Downloading comment API JSON page 446 (11973/~219292)
[youtube]     Downloading comment API JSON reply thread 1 (11977/~219292)
[youtube]     Downloading comment API JSON reply thread 2 (12000/~219292)
[youtube]     Downloading comment API JSON reply thread 3 (12002/~219292)
[youtube] Downloading comment API JSON page 447 (12004/~219292)
[youtube]     Downloading comment API JSON reply thread 1 (12005/~219292)
[youtube]     Downloading comment API JSON reply thread 2 (12008/~219292)
[youtube]     Downloading comment API JSON reply thread 3 (12011/~219292)
[youtube]     Downloading comment API JSON reply thread 4 (12025/~219292)
[youtube]     Downloading comment API JSON reply thread 5 (12030/~219292)
[youtube] Downloading comment API JSON page 448 (12035/~219292)
[youtube]     Downloading comment API JSON reply thread 1 (12039/~219292)
[youtube]     Downloading comment API JSON reply thread 2 (12047/~219292)
[youtube]     Downloading comment API JSON reply thread 3 (12053/~219292)
[youtube]     Downloading comment API JSON reply thread 4 (12055/~219292)
[youtube]     Downloading comment API JSON reply thread 5 (12062/~219292)
[youtube] Downloading comment API JSON page 449 (12063/~219292)
[youtube]     Downloading comment API JSON reply thread 1 (12065/~219292)
[youtube]     Downloading comment API JSON reply thread 2 (12073/~219292)
[youtube]     Downloading comment API JSON reply thread 3 (12076/~219292)
[youtube]     Downloading comment API JSON reply thread 4 (12078/~219292)
[youtube] Downloading comment API JSON page 450 (12091/~219292)
[youtube]     Downloading comment API JSON reply thread 1 (12092/~219292)
[youtube]     Downloading comment API JSON reply thread 2 (12107/~219292)
[youtube]     Downloading comment API JSON reply thread 3 (12112/~219292)
[youtube]     Downloading comment API JSON reply thread 4 (12116/~219292)
[youtube] Downloading comment API JSON page 451 (12118/~219292)
[youtube]     Downloading comment API JSON reply thread 1 (12122/~219292)
[youtube]     Downloading comment API JSON reply thread 2 (12131/~219292)
[youtube]     Downloading comment API JSON reply thread 3 (12135/~219292)
[youtube]     Downloading comment API JSON reply thread 4 (12143/~219292)
[youtube]     Downloading comment API JSON reply thread 5 (12147/~219292)
[youtube]     Downloading comment API JSON reply thread 6 (12152/~219292)
[youtube] Downloading comment API JSON page 452 (12157/~219292)
[youtube]     Downloading comment API JSON reply thread 1 (12159/~219292)
[youtube]     Downloading comment API JSON reply thread 2 (12168/~219292)
[youtube]     Downloading comment API JSON reply thread 3 (12173/~219292)
[youtube]     Downloading comment API JSON reply thread 4 (12178/~219292)
[youtube]     Downloading comment API JSON reply thread 5 (12181/~219292)
[youtube]     Downloading comment API JSON reply thread 6 (12186/~219292)
[youtube] Downloading comment API JSON page 453 (12188/~219292)
[youtube]     Downloading comment API JSON reply thread 1 (12190/~219292)
[youtube]     Downloading comment API JSON reply thread 2 (12193/~219292)
[youtube]        Downloading comment replies API JSON page 1 (12203/~219292)
[youtube]     Downloading comment API JSON reply thread 3 (12218/~219292)
[youtube]     Downloading comment API JSON reply thread 4 (12220/~219292)
[youtube]     Downloading comment API JSON reply thread 5 (12223/~219292)
[youtube]     Downloading comment API JSON reply thread 6 (12225/~219292)
[youtube] Downloading comment API JSON page 454 (12230/~219292)
[youtube]     Downloading comment API JSON reply thread 1 (12239/~219292)
[youtube]     Downloading comment API JSON reply thread 2 (12245/~219292)
[youtube]     Downloading comment API JSON reply thread 3 (12253/~219292)
[youtube]     Downloading comment API JSON reply thread 4 (12255/~219292)
[youtube] Downloading comment API JSON page 455 (12258/~219292)
[youtube]     Downloading comment API JSON reply thread 1 (12265/~219292)
[youtube]     Downloading comment API JSON reply thread 2 (12267/~219292)
[youtube] Downloading comment API JSON page 456 (12280/~219292)
[youtube]     Downloading comment API JSON reply thread 1 (12292/~219292)
[youtube]     Downloading comment API JSON reply thread 2 (12296/~219292)
[youtube]     Downloading comment API JSON reply thread 3 (12301/~219292)
[youtube] Downloading comment API JSON page 457 (12304/~219292)
[youtube]     Downloading comment API JSON reply thread 1 (12320/~219292)
[youtube]        Downloading comment replies API JSON page 1 (12330/~219292)
[youtube] Downloading comment API JSON page 458 (12336/~219292)
[youtube]     Downloading comment API JSON reply thread 1 (12338/~219292)
[youtube]     Downloading comment API JSON reply thread 2 (12353/~219292)
[youtube] Downloading comment API JSON page 459 (12359/~219292)
[youtube]     Downloading comment API JSON reply thread 1 (12365/~219292)
[youtube]     Downloading comment API JSON reply thread 2 (12377/~219292)
[youtube]     Downloading comment API JSON reply thread 3 (12380/~219292)
[youtube] Downloading comment API JSON page 460 (12387/~219292)
[youtube]     Downloading comment API JSON reply thread 1 (12390/~219292)
[youtube]     Downloading comment API JSON reply thread 2 (12405/~219292)
[youtube]     Downloading comment API JSON reply thread 3 (12407/~219292)
[youtube] Downloading comment API JSON page 461 (12414/~219292)
[youtube]     Downloading comment API JSON reply thread 1 (12421/~219292)
[youtube]     Downloading comment API JSON reply thread 2 (12423/~219292)
[youtube]     Downloading comment API JSON reply thread 3 (12427/~219292)
[youtube]     Downloading comment API JSON reply thread 4 (12430/~219292)
[youtube]     Downloading comment API JSON reply thread 5 (12439/~219292)
[youtube]     Downloading comment API JSON reply thread 6 (12445/~219292)
[youtube]     Downloading comment API JSON reply thread 7 (12451/~219292)
[youtube] Downloading comment API JSON page 462 (12456/~219292)
[youtube]     Downloading comment API JSON reply thread 1 (12457/~219292)
[youtube]     Downloading comment API JSON reply thread 2 (12462/~219292)
[youtube]     Downloading comment API JSON reply thread 3 (12464/~219292)
[youtube]     Downloading comment API JSON reply thread 4 (12470/~219292)
[youtube] Downloading comment API JSON page 463 (12483/~219292)
[youtube]     Downloading comment API JSON reply thread 1 (12484/~219292)
[youtube]     Downloading comment API JSON reply thread 2 (12486/~219292)
[youtube]     Downloading comment API JSON reply thread 3 (12490/~219292)
[youtube]     Downloading comment API JSON reply thread 4 (12493/~219292)
[youtube]     Downloading comment API JSON reply thread 5 (12496/~219292)
[youtube]     Downloading comment API JSON reply thread 6 (12499/~219292)
[youtube] Downloading comment API JSON page 464 (12514/~219292)
[youtube]     Downloading comment API JSON reply thread 1 (12528/~219292)
[youtube]     Downloading comment API JSON reply thread 2 (12533/~219292)
[youtube] Downloading comment API JSON page 465 (12538/~219292)
[youtube]     Downloading comment API JSON reply thread 1 (12541/~219292)
[youtube]     Downloading comment API JSON reply thread 2 (12546/~219292)
[youtube]     Downloading comment API JSON reply thread 3 (12550/~219292)
[youtube]     Downloading comment API JSON reply thread 4 (12555/~219292)
[youtube] Downloading comment API JSON page 466 (12564/~219292)
[youtube]     Downloading comment API JSON reply thread 1 (12582/~219292)
[youtube]     Downloading comment API JSON reply thread 2 (12584/~219292)
[youtube] Downloading comment API JSON page 467 (12586/~219292)
[youtube]     Downloading comment API JSON reply thread 1 (12591/~219292)
[youtube]     Downloading comment API JSON reply thread 2 (12600/~219292)
[youtube]     Downloading comment API JSON reply thread 3 (12606/~219292)
[youtube] Downloading comment API JSON page 468 (12610/~219292)
[youtube]     Downloading comment API JSON reply thread 1 (12623/~219292)
[youtube]     Downloading comment API JSON reply thread 2 (12630/~219292)
[youtube]        Downloading comment replies API JSON page 1 (12640/~219292)
[youtube]        Downloading comment replies API JSON page 2 (12650/~219292)
[youtube] Downloading comment API JSON page 469 (12652/~219292)
[youtube]     Downloading comment API JSON reply thread 1 (12656/~219292)
[youtube]     Downloading comment API JSON reply thread 2 (12662/~219292)
[youtube]     Downloading comment API JSON reply thread 3 (12669/~219292)
[youtube] Downloading comment API JSON page 470 (12675/~219292)
[youtube]     Downloading comment API JSON reply thread 1 (12681/~219292)
[youtube]     Downloading comment API JSON reply thread 2 (12691/~219292)
[youtube]        Downloading comment replies API JSON page 1 (12701/~219292)
[youtube]        Downloading comment replies API JSON page 2 (12713/~219292)
[youtube]        Downloading comment replies API JSON page 3 (12723/~219292)
[youtube] Downloading comment API JSON page 471 (12737/~219292)
[youtube]     Downloading comment API JSON reply thread 1 (12740/~219292)
[youtube]     Downloading comment API JSON reply thread 2 (12754/~219292)
[youtube] Downloading comment API JSON page 472 (12759/~219292)
[youtube]     Downloading comment API JSON reply thread 1 (12770/~219292)
[youtube]     Downloading comment API JSON reply thread 2 (12780/~219292)
[youtube] Downloading comment API JSON page 473 (12782/~219292)
[youtube]     Downloading comment API JSON reply thread 1 (12785/~219292)
[youtube]     Downloading comment API JSON reply thread 2 (12800/~219292)
[youtube]     Downloading comment API JSON reply thread 3 (12804/~219292)
[youtube]     Downloading comment API JSON reply thread 4 (12807/~219292)
[youtube] Downloading comment API JSON page 474 (12808/~219292)
[youtube]     Downloading comment API JSON reply thread 1 (12814/~219292)
[youtube]     Downloading comment API JSON reply thread 2 (12819/~219292)
[youtube]     Downloading comment API JSON reply thread 3 (12824/~219292)
[youtube]     Downloading comment API JSON reply thread 4 (12826/~219292)
[youtube]     Downloading comment API JSON reply thread 5 (12828/~219292)
[youtube] Downloading comment API JSON page 475 (12835/~219292)
[youtube]     Downloading comment API JSON reply thread 1 (12837/~219292)
[youtube]     Downloading comment API JSON reply thread 2 (12841/~219292)
[youtube]     Downloading comment API JSON reply thread 3 (12856/~219292)
[youtube] Downloading comment API JSON page 476 (12858/~219292)
[youtube]     Downloading comment API JSON reply thread 1 (12859/~219292)
[youtube]     Downloading comment API JSON reply thread 2 (12870/~219292)
[youtube]     Downloading comment API JSON reply thread 3 (12872/~219292)
[youtube]     Downloading comment API JSON reply thread 4 (12875/~219292)
[youtube]     Downloading comment API JSON reply thread 5 (12878/~219292)
[youtube]     Downloading comment API JSON reply thread 6 (12887/~219292)
[youtube]     Downloading comment API JSON reply thread 7 (12890/~219292)
[youtube]     Downloading comment API JSON reply thread 8 (12892/~219292)
[youtube] Downloading comment API JSON page 477 (12893/~219292)
[youtube]     Downloading comment API JSON reply thread 1 (12901/~219292)
[youtube]     Downloading comment API JSON reply thread 2 (12903/~219292)
[youtube]     Downloading comment API JSON reply thread 3 (12906/~219292)
[youtube] Downloading comment API JSON page 478 (12916/~219292)
[youtube]     Downloading comment API JSON reply thread 1 (12918/~219292)
[youtube]     Downloading comment API JSON reply thread 2 (12929/~219292)
[youtube]     Downloading comment API JSON reply thread 3 (12934/~219292)
[youtube] Downloading comment API JSON page 479 (12940/~219292)
[youtube]     Downloading comment API JSON reply thread 1 (12950/~219292)
[youtube] Downloading comment API JSON page 480 (12961/~219292)
[youtube]     Downloading comment API JSON reply thread 1 (12967/~219292)
[youtube] Downloading comment API JSON page 481 (12983/~219292)
[youtube]     Downloading comment API JSON reply thread 1 (12989/~219292)
[youtube]     Downloading comment API JSON reply thread 2 (12993/~219292)
[youtube]        Downloading comment replies API JSON page 1 (13003/~219292)
[youtube]     Downloading comment API JSON reply thread 3 (13005/~219292)
[youtube]        Downloading comment replies API JSON page 2 (13017/~219292)
[youtube]        Downloading comment replies API JSON page 3 (13027/~219292)
[youtube]        Downloading comment replies API JSON page 4 (13037/~219292)
[youtube]        Downloading comment replies API JSON page 5 (13049/~219292)
[youtube]        Downloading comment replies API JSON page 6 (13059/~219292)
[youtube]     Downloading comment API JSON reply thread 4 (13065/~219292)
[youtube]     Downloading comment API JSON reply thread 5 (13069/~219292)
[youtube]     Downloading comment API JSON reply thread 6 (13075/~219292)
[youtube]     Downloading comment API JSON reply thread 7 (13078/~219292)
[youtube]     Downloading comment API JSON reply thread 8 (13082/~219292)
[youtube] Downloading comment API JSON page 482 (13088/~219292)
[youtube]     Downloading comment API JSON reply thread 1 (13089/~219292)
[youtube]     Downloading comment API JSON reply thread 2 (13104/~219292)
[youtube]     Downloading comment API JSON reply thread 3 (13107/~219292)
[youtube] Downloading comment API JSON page 483 (13117/~219292)
[youtube]     Downloading comment API JSON reply thread 1 (13118/~219292)
[youtube]     Downloading comment API JSON reply thread 2 (13128/~219292)
[youtube]     Downloading comment API JSON reply thread 3 (13134/~219292)
[youtube] Downloading comment API JSON page 484 (13143/~219292)
[youtube]     Downloading comment API JSON reply thread 1 (13152/~219292)
[youtube]     Downloading comment API JSON reply thread 2 (13154/~219292)
[youtube]     Downloading comment API JSON reply thread 3 (13156/~219292)
[youtube] Downloading comment API JSON page 485 (13173/~219292)
[youtube]     Downloading comment API JSON reply thread 1 (13190/~219292)
[youtube] Downloading comment API JSON page 486 (13194/~219292)
[youtube]     Downloading comment API JSON reply thread 1 (13204/~219292)
[youtube]     Downloading comment API JSON reply thread 2 (13206/~219292)
[youtube]     Downloading comment API JSON reply thread 3 (13213/~219292)
[youtube]     Downloading comment API JSON reply thread 4 (13217/~219292)
[youtube]     Downloading comment API JSON reply thread 5 (13219/~219292)
[youtube] Downloading comment API JSON page 487 (13221/~219292)
[youtube]     Downloading comment API JSON reply thread 1 (13223/~219292)
[youtube]     Downloading comment API JSON reply thread 2 (13232/~219292)
[youtube]     Downloading comment API JSON reply thread 3 (13236/~219292)
[youtube]     Downloading comment API JSON reply thread 4 (13243/~219292)
[youtube] Downloading comment API JSON page 488 (13246/~219292)
[youtube]     Downloading comment API JSON reply thread 1 (13261/~219292)
[youtube] Downloading comment API JSON page 489 (13268/~219292)
[youtube]     Downloading comment API JSON reply thread 1 (13269/~219292)
[youtube]     Downloading comment API JSON reply thread 2 (13271/~219292)
[youtube]     Downloading comment API JSON reply thread 3 (13274/~219292)
[youtube]        Downloading comment replies API JSON page 1 (13284/~219292)
[youtube]        Downloading comment replies API JSON page 2 (13294/~219292)
[youtube]     Downloading comment API JSON reply thread 4 (13305/~219292)
[youtube]     Downloading comment API JSON reply thread 5 (13311/~219292)
[youtube]     Downloading comment API JSON reply thread 6 (13314/~219292)
[youtube] Downloading comment API JSON page 490 (13321/~219292)
[youtube]     Downloading comment API JSON reply thread 1 (13322/~219292)
[youtube]     Downloading comment API JSON reply thread 2 (13338/~219292)
[youtube]     Downloading comment API JSON reply thread 3 (13342/~219292)
[youtube]     Downloading comment API JSON reply thread 4 (13345/~219292)
[youtube] Downloading comment API JSON page 491 (13347/~219292)
[youtube]     Downloading comment API JSON reply thread 1 (13348/~219292)
[youtube]     Downloading comment API JSON reply thread 2 (13350/~219292)
[youtube]     Downloading comment API JSON reply thread 3 (13352/~219292)
[youtube]     Downloading comment API JSON reply thread 4 (13354/~219292)
[youtube]     Downloading comment API JSON reply thread 5 (13357/~219292)
[youtube]     Downloading comment API JSON reply thread 6 (13361/~219292)
[youtube]        Downloading comment replies API JSON page 1 (13371/~219292)
[youtube]     Downloading comment API JSON reply thread 7 (13373/~219292)
[youtube]     Downloading comment API JSON reply thread 8 (13379/~219292)
[youtube]     Downloading comment API JSON reply thread 9 (13382/~219292)
[youtube]     Downloading comment API JSON reply thread 10 (13386/~219292)
[youtube]     Downloading comment API JSON reply thread 11 (13389/~219292)
[youtube]        Downloading comment replies API JSON page 1 (13399/~219292)
[youtube]     Downloading comment API JSON reply thread 12 (13407/~219292)
[youtube]     Downloading comment API JSON reply thread 13 (13409/~219292)
[youtube] Downloading comment API JSON page 492 (13412/~219292)
[youtube]     Downloading comment API JSON reply thread 1 (13416/~219292)
[youtube]     Downloading comment API JSON reply thread 2 (13418/~219292)
WARNING: [youtube] Incomplete data received. Retrying (1/10)...
[youtube]     Downloading comment API JSON reply thread 2 (13418/~219292)
WARNING: [youtube] Incomplete data received. Retrying (2/10)...
[youtube]     Downloading comment API JSON reply thread 2 (13418/~219292)
WARNING: [youtube] Incomplete data received. Retrying (3/10)...
[youtube]     Downloading comment API JSON reply thread 2 (13418/~219292)
WARNING: [youtube] Incomplete data received. Retrying (4/10)...
[youtube]     Downloading comment API JSON reply thread 2 (13418/~219292)
WARNING: [youtube] Incomplete data received. Retrying (5/10)...
[youtube]     Downloading comment API JSON reply thread 2 (13418/~219292)
WARNING: [youtube] Incomplete data received. Retrying (6/10)...
[youtube]     Downloading comment API JSON reply thread 2 (13418/~219292)
WARNING: [youtube] Incomplete data received. Retrying (7/10)...
[youtube]     Downloading comment API JSON reply thread 2 (13418/~219292)
WARNING: [youtube] Incomplete data received. Retrying (8/10)...
[youtube]     Downloading comment API JSON reply thread 2 (13418/~219292)
WARNING: [youtube] Incomplete data received. Retrying (9/10)...
[youtube]     Downloading comment API JSON reply thread 2 (13418/~219292)
WARNING: [youtube] Incomplete data received. Retrying (10/10)...
[youtube]     Downloading comment API JSON reply thread 2 (13418/~219292)
WARNING: [youtube] Incomplete data received. Giving up after 10 retries
[youtube]     Downloading comment API JSON reply thread 3 (13422/~219292)
[youtube]     Downloading comment API JSON reply thread 4 (13436/~219292)
[youtube]     Downloading comment API JSON reply thread 5 (13439/~219292)
[youtube] Downloading comment API JSON page 493 (13440/~219292)
[youtube]     Downloading comment API JSON reply thread 1 (13441/~219292)
[youtube]     Downloading comment API JSON reply thread 2 (13445/~219292)
[youtube]     Downloading comment API JSON reply thread 3 (13448/~219292)
[youtube]     Downloading comment API JSON reply thread 4 (13456/~219292)
[youtube]     Downloading comment API JSON reply thread 5 (13458/~219292)
WARNING: [youtube] Incomplete data received. Retrying (1/10)...
[youtube]     Downloading comment API JSON reply thread 5 (13458/~219292)
WARNING: [youtube] Incomplete data received. Retrying (2/10)...
[youtube]     Downloading comment API JSON reply thread 5 (13458/~219292)
WARNING: [youtube] Incomplete data received. Retrying (3/10)...
[youtube]     Downloading comment API JSON reply thread 5 (13458/~219292)
WARNING: [youtube] Incomplete data received. Retrying (4/10)...
[youtube]     Downloading comment API JSON reply thread 5 (13458/~219292)
WARNING: [youtube] Incomplete data received. Retrying (5/10)...
[youtube]     Downloading comment API JSON reply thread 5 (13458/~219292)
WARNING: [youtube] Incomplete data received. Retrying (6/10)...
[youtube]     Downloading comment API JSON reply thread 5 (13458/~219292)
WARNING: [youtube] Incomplete data received. Retrying (7/10)...
[youtube]     Downloading comment API JSON reply thread 5 (13458/~219292)
WARNING: [youtube] Incomplete data received. Retrying (8/10)...
[youtube]     Downloading comment API JSON reply thread 5 (13458/~219292)
WARNING: [youtube] Incomplete data received. Retrying (9/10)...
[youtube]     Downloading comment API JSON reply thread 5 (13458/~219292)
WARNING: [youtube] Incomplete data received. Retrying (10/10)...
[youtube]     Downloading comment API JSON reply thread 5 (13458/~219292)
WARNING: [youtube] Incomplete data received. Giving up after 10 retries
[youtube]     Downloading comment API JSON reply thread 6 (13461/~219292)
[youtube]     Downloading comment API JSON reply thread 7 (13464/~219292)
[youtube]        Downloading comment replies API JSON page 1 (13474/~219292)
[youtube] Downloading comment API JSON page 494 (13483/~219292)
[youtube]     Downloading comment API JSON reply thread 1 (13496/~219292)
[youtube] Downloading comment API JSON page 495 (13505/~219292)
[youtube]     Downloading comment API JSON reply thread 1 (13507/~219292)
[youtube]     Downloading comment API JSON reply thread 2 (13524/~219292)
[youtube]     Downloading comment API JSON reply thread 3 (13526/~219292)
[youtube] Downloading comment API JSON page 496 (13530/~219292)
[youtube]     Downloading comment API JSON reply thread 1 (13531/~219292)
[youtube]     Downloading comment API JSON reply thread 2 (13544/~219292)
[youtube]     Downloading comment API JSON reply thread 3 (13549/~219292)
[youtube]     Downloading comment API JSON reply thread 4 (13554/~219292)
[youtube]        Downloading comment replies API JSON page 1 (13564/~219292)
[youtube]     Downloading comment API JSON reply thread 5 (13573/~219292)
[youtube] Downloading comment API JSON page 497 (13575/~219292)
[youtube]     Downloading comment API JSON reply thread 1 (13587/~219292)
[youtube]     Downloading comment API JSON reply thread 2 (13595/~219292)
[youtube] Downloading comment API JSON page 498 (13597/~219292)
[youtube]     Downloading comment API JSON reply thread 1 (13600/~219292)
[youtube]     Downloading comment API JSON reply thread 2 (13605/~219292)
[youtube]     Downloading comment API JSON reply thread 3 (13608/~219292)
[youtube]     Downloading comment API JSON reply thread 4 (13617/~219292)
[youtube]     Downloading comment API JSON reply thread 5 (13619/~219292)
[youtube]     Downloading comment API JSON reply thread 6 (13623/~219292)
[youtube] Downloading comment API JSON page 499 (13626/~219292)
[youtube]     Downloading comment API JSON reply thread 1 (13635/~219292)
[youtube]     Downloading comment API JSON reply thread 2 (13645/~219292)
[youtube]     Downloading comment API JSON reply thread 3 (13649/~219292)
[youtube]     Downloading comment API JSON reply thread 4 (13657/~219292)
[youtube]     Downloading comment API JSON reply thread 5 (13659/~219292)
[youtube] Downloading comment API JSON page 500 (13664/~219292)
[youtube]     Downloading comment API JSON reply thread 1 (13665/~219292)
[youtube]     Downloading comment API JSON reply thread 2 (13676/~219292)
[youtube]     Downloading comment API JSON reply thread 3 (13681/~219292)
[youtube]     Downloading comment API JSON reply thread 4 (13685/~219292)
[youtube]     Downloading comment API JSON reply thread 5 (13688/~219292)
[youtube]     Downloading comment API JSON reply thread 6 (13699/~219292)
[youtube] Downloading comment API JSON page 501 (13703/~219292)
[youtube]     Downloading comment API JSON reply thread 1 (13706/~219292)
[youtube]     Downloading comment API JSON reply thread 2 (13710/~219292)
[youtube]     Downloading comment API JSON reply thread 3 (13714/~219292)
[youtube]     Downloading comment API JSON reply thread 4 (13723/~219292)
[youtube]     Downloading comment API JSON reply thread 5 (13725/~219292)
[youtube]     Downloading comment API JSON reply thread 6 (13729/~219292)
[youtube]     Downloading comment API JSON reply thread 7 (13736/~219292)
[youtube] Downloading comment API JSON page 502 (13737/~219292)
[youtube]     Downloading comment API JSON reply thread 1 (13738/~219292)
[youtube]     Downloading comment API JSON reply thread 2 (13742/~219292)
[youtube]     Downloading comment API JSON reply thread 3 (13746/~219292)
[youtube]     Downloading comment API JSON reply thread 4 (13757/~219292)
[youtube] Downloading comment API JSON page 503 (13764/~219292)
[youtube]     Downloading comment API JSON reply thread 1 (13770/~219292)
[youtube]     Downloading comment API JSON reply thread 2 (13773/~219292)
[youtube]     Downloading comment API JSON reply thread 3 (13776/~219292)
[youtube]     Downloading comment API JSON reply thread 4 (13778/~219292)
[youtube]     Downloading comment API JSON reply thread 5 (13780/~219292)
[youtube]     Downloading comment API JSON reply thread 6 (13785/~219292)
[youtube]     Downloading comment API JSON reply thread 7 (13787/~219292)
[youtube]     Downloading comment API JSON reply thread 8 (13794/~219292)
[youtube]     Downloading comment API JSON reply thread 9 (13798/~219292)
[youtube] Downloading comment API JSON page 504 (13801/~219292)
[youtube]     Downloading comment API JSON reply thread 1 (13802/~219292)
[youtube]     Downloading comment API JSON reply thread 2 (13804/~219292)
[youtube]     Downloading comment API JSON reply thread 3 (13809/~219292)
[youtube]     Downloading comment API JSON reply thread 4 (13812/~219292)
[youtube]     Downloading comment API JSON reply thread 5 (13817/~219292)
[youtube]     Downloading comment API JSON reply thread 6 (13823/~219292)
[youtube]     Downloading comment API JSON reply thread 7 (13828/~219292)
[youtube]     Downloading comment API JSON reply thread 8 (13830/~219292)
[youtube] Downloading comment API JSON page 505 (13838/~219292)
[youtube]     Downloading comment API JSON reply thread 1 (13841/~219292)
[youtube]     Downloading comment API JSON reply thread 2 (13847/~219292)
[youtube]     Downloading comment API JSON reply thread 3 (13862/~219292)
[youtube] Downloading comment API JSON page 506 (13863/~219292)
[youtube]     Downloading comment API JSON reply thread 1 (13866/~219292)
[youtube]     Downloading comment API JSON reply thread 2 (13870/~219292)
[youtube]     Downloading comment API JSON reply thread 3 (13876/~219292)
[youtube]     Downloading comment API JSON reply thread 4 (13889/~219292)
[youtube] Downloading comment API JSON page 507 (13893/~219292)
[youtube]     Downloading comment API JSON reply thread 1 (13895/~219292)
[youtube]        Downloading comment replies API JSON page 1 (13905/~219292)
[youtube]     Downloading comment API JSON reply thread 2 (13910/~219292)
[youtube]     Downloading comment API JSON reply thread 3 (13916/~219292)
[youtube]     Downloading comment API JSON reply thread 4 (13922/~219292)
[youtube]     Downloading comment API JSON reply thread 5 (13925/~219292)
[youtube]     Downloading comment API JSON reply thread 6 (13931/~219292)
[youtube] Downloading comment API JSON page 508 (13938/~219292)
[youtube]     Downloading comment API JSON reply thread 1 (13939/~219292)
[youtube]     Downloading comment API JSON reply thread 2 (13950/~219292)
[youtube]     Downloading comment API JSON reply thread 3 (13952/~219292)
[youtube]     Downloading comment API JSON reply thread 4 (13957/~219292)
[youtube]     Downloading comment API JSON reply thread 5 (13968/~219292)
[youtube]        Downloading comment replies API JSON page 1 (13969/~219292)
[youtube]        Downloading comment replies API JSON page 2 (13979/~219292)
[youtube]        Downloading comment replies API JSON page 3 (13991/~219292)
[youtube]        Downloading comment replies API JSON page 4 (14002/~219292)
[youtube]        Downloading comment replies API JSON page 5 (14013/~219292)
[youtube]        Downloading comment replies API JSON page 6 (14023/~219292)
[youtube]     Downloading comment API JSON reply thread 6 (14033/~219292)
[youtube]     Downloading comment API JSON reply thread 7 (14036/~219292)
[youtube]     Downloading comment API JSON reply thread 8 (14043/~219292)
[youtube] Downloading comment API JSON page 509 (14046/~219292)
[youtube]     Downloading comment API JSON reply thread 1 (14050/~219292)
[youtube]     Downloading comment API JSON reply thread 2 (14055/~219292)
[youtube]     Downloading comment API JSON reply thread 3 (14062/~219292)
[youtube] Downloading comment API JSON page 510 (14070/~219292)
[youtube]     Downloading comment API JSON reply thread 1 (14072/~219292)
[youtube]     Downloading comment API JSON reply thread 2 (14075/~219292)
[youtube]     Downloading comment API JSON reply thread 3 (14077/~219292)
[youtube]     Downloading comment API JSON reply thread 4 (14079/~219292)
[youtube]     Downloading comment API JSON reply thread 5 (14081/~219292)
[youtube]     Downloading comment API JSON reply thread 6 (14087/~219292)
[youtube]     Downloading comment API JSON reply thread 7 (14089/~219292)
[youtube]     Downloading comment API JSON reply thread 8 (14097/~219292)
[youtube]        Downloading comment replies API JSON page 1 (14107/~219292)
[youtube] Downloading comment API JSON page 511 (14124/~219292)
[youtube]     Downloading comment API JSON reply thread 1 (14125/~219292)
[youtube]     Downloading comment API JSON reply thread 2 (14127/~219292)
[youtube]        Downloading comment replies API JSON page 1 (14136/~219292)
[youtube]     Downloading comment API JSON reply thread 3 (14144/~219292)
[youtube]     Downloading comment API JSON reply thread 4 (14155/~219292)
[youtube]     Downloading comment API JSON reply thread 5 (14158/~219292)
[youtube]     Downloading comment API JSON reply thread 6 (14161/~219292)
[youtube]     Downloading comment API JSON reply thread 7 (14177/~219292)
[youtube] Downloading comment API JSON page 512 (14178/~219292)
[youtube]     Downloading comment API JSON reply thread 1 (14184/~219292)
[youtube]     Downloading comment API JSON reply thread 2 (14188/~219292)
[youtube]     Downloading comment API JSON reply thread 3 (14190/~219292)
[youtube]     Downloading comment API JSON reply thread 4 (14196/~219292)
[youtube]     Downloading comment API JSON reply thread 5 (14201/~219292)
[youtube]     Downloading comment API JSON reply thread 6 (14205/~219292)
[youtube] Downloading comment API JSON page 513 (14208/~219292)
[youtube]     Downloading comment API JSON reply thread 1 (14212/~219292)
[youtube]     Downloading comment API JSON reply thread 2 (14225/~219292)
[youtube] Downloading comment API JSON page 514 (14230/~219292)
[youtube]     Downloading comment API JSON reply thread 1 (14239/~219292)
[youtube]     Downloading comment API JSON reply thread 2 (14243/~219292)
[youtube]     Downloading comment API JSON reply thread 3 (14246/~219292)
[youtube]     Downloading comment API JSON reply thread 4 (14254/~219292)
[youtube]     Downloading comment API JSON reply thread 5 (14258/~219292)
[youtube]     Downloading comment API JSON reply thread 6 (14266/~219292)
[youtube] Downloading comment API JSON page 515 (14268/~219292)
[youtube]     Downloading comment API JSON reply thread 1 (14271/~219292)
[youtube]     Downloading comment API JSON reply thread 2 (14281/~219292)
[youtube]     Downloading comment API JSON reply thread 3 (14292/~219292)
[youtube] Downloading comment API JSON page 516 (14293/~219292)
[youtube]     Downloading comment API JSON reply thread 1 (14296/~219292)
[youtube]     Downloading comment API JSON reply thread 2 (14298/~219292)
[youtube]     Downloading comment API JSON reply thread 3 (14300/~219292)
[youtube]     Downloading comment API JSON reply thread 4 (14303/~219292)
[youtube]     Downloading comment API JSON reply thread 5 (14308/~219292)
[youtube] Downloading comment API JSON page 517 (14319/~219292)
[youtube]     Downloading comment API JSON reply thread 1 (14321/~219292)
[youtube]     Downloading comment API JSON reply thread 2 (14339/~219292)
[youtube]     Downloading comment API JSON reply thread 3 (14341/~219292)
[youtube] Downloading comment API JSON page 518 (14344/~219292)
[youtube]     Downloading comment API JSON reply thread 1 (14348/~219292)
[youtube]     Downloading comment API JSON reply thread 2 (14353/~219292)
[youtube]     Downloading comment API JSON reply thread 3 (14359/~219292)
[youtube]     Downloading comment API JSON reply thread 4 (14362/~219292)
[youtube]     Downloading comment API JSON reply thread 5 (14366/~219292)
[youtube]        Downloading comment replies API JSON page 1 (14376/~219292)
[youtube]     Downloading comment API JSON reply thread 6 (14382/~219292)
[youtube]        Downloading comment replies API JSON page 2 (14392/~219292)
[youtube]        Downloading comment replies API JSON page 3 (14402/~219292)
[youtube]        Downloading comment replies API JSON page 4 (14412/~219292)
[youtube] Downloading comment API JSON page 519 (14419/~219292)
[youtube]     Downloading comment API JSON reply thread 1 (14435/~219292)
[youtube]     Downloading comment API JSON reply thread 2 (14442/~219292)
[youtube] Downloading comment API JSON page 520 (14450/~219292)
[youtube]     Downloading comment API JSON reply thread 1 (14456/~219292)
[youtube]     Downloading comment API JSON reply thread 2 (14460/~219292)
[youtube] Downloading comment API JSON page 521 (14472/~219292)
[youtube]     Downloading comment API JSON reply thread 1 (14473/~219292)
[youtube]     Downloading comment API JSON reply thread 2 (14485/~219292)
[youtube] Downloading comment API JSON page 522 (14494/~219292)
[youtube]     Downloading comment API JSON reply thread 1 (14509/~219292)
[youtube]     Downloading comment API JSON reply thread 2 (14511/~219292)
[youtube] Downloading comment API JSON page 523 (14518/~219292)
[youtube]     Downloading comment API JSON reply thread 1 (14520/~219292)
[youtube]        Downloading comment replies API JSON page 1 (14530/~219292)
[youtube]     Downloading comment API JSON reply thread 2 (14534/~219292)
[youtube]     Downloading comment API JSON reply thread 3 (14538/~219292)
[youtube]     Downloading comment API JSON reply thread 4 (14542/~219292)
[youtube]     Downloading comment API JSON reply thread 5 (14548/~219292)
[youtube]     Downloading comment API JSON reply thread 6 (14556/~219292)
[youtube] Downloading comment API JSON page 524 (14557/~219292)
[youtube]     Downloading comment API JSON reply thread 1 (14565/~219292)
[youtube]     Downloading comment API JSON reply thread 2 (14569/~219292)
[youtube] Downloading comment API JSON page 525 (14579/~219292)
[youtube]     Downloading comment API JSON reply thread 1 (14580/~219292)
[youtube]     Downloading comment API JSON reply thread 2 (14583/~219292)
[youtube] Downloading comment API JSON page 526 (14601/~219292)
[youtube]     Downloading comment API JSON reply thread 1 (14609/~219292)
[youtube] Downloading comment API JSON page 527 (14630/~219292)
[youtube]     Downloading comment API JSON reply thread 1 (14644/~219292)
[youtube]     Downloading comment API JSON reply thread 2 (14651/~219292)
[youtube] Downloading comment API JSON page 528 (14653/~219292)
[youtube]     Downloading comment API JSON reply thread 1 (14657/~219292)
[youtube]     Downloading comment API JSON reply thread 2 (14660/~219292)
[youtube]     Downloading comment API JSON reply thread 3 (14677/~219292)
[youtube] Downloading comment API JSON page 529 (14679/~219292)
[youtube]     Downloading comment API JSON reply thread 1 (14688/~219292)
[youtube]     Downloading comment API JSON reply thread 2 (14695/~219292)
[youtube] Downloading comment API JSON page 530 (14701/~219292)
[youtube]     Downloading comment API JSON reply thread 1 (14703/~219292)
[youtube]     Downloading comment API JSON reply thread 2 (14711/~219292)
[youtube]     Downloading comment API JSON reply thread 3 (14723/~219292)
[youtube]     Downloading comment API JSON reply thread 4 (14727/~219292)
[youtube]     Downloading comment API JSON reply thread 5 (14730/~219292)
[youtube] Downloading comment API JSON page 531 (14740/~219292)
[youtube]     Downloading comment API JSON reply thread 1 (14742/~219292)
[youtube]     Downloading comment API JSON reply thread 2 (14750/~219292)
[youtube]     Downloading comment API JSON reply thread 3 (14758/~219292)
[youtube]     Downloading comment API JSON reply thread 4 (14763/~219292)
[youtube] Downloading comment API JSON page 532 (14766/~219292)
[youtube]     Downloading comment API JSON reply thread 1 (14768/~219292)
[youtube]     Downloading comment API JSON reply thread 2 (14776/~219292)
[youtube]     Downloading comment API JSON reply thread 3 (14780/~219292)
[youtube]     Downloading comment API JSON reply thread 4 (14789/~219292)
[youtube]     Downloading comment API JSON reply thread 5 (14791/~219292)
[youtube] Downloading comment API JSON page 533 (14795/~219292)
[youtube]     Downloading comment API JSON reply thread 1 (14800/~219292)
[youtube]     Downloading comment API JSON reply thread 2 (14806/~219292)
[youtube]     Downloading comment API JSON reply thread 3 (14811/~219292)
[youtube]     Downloading comment API JSON reply thread 4 (14815/~219292)
[youtube] Downloading comment API JSON page 534 (14823/~219292)
[youtube]     Downloading comment API JSON reply thread 1 (14826/~219292)
[youtube]     Downloading comment API JSON reply thread 2 (14840/~219292)
[youtube] Downloading comment API JSON page 535 (14852/~219292)
[youtube]     Downloading comment API JSON reply thread 1 (14859/~219292)
[youtube]     Downloading comment API JSON reply thread 2 (14862/~219292)
[youtube]        Downloading comment replies API JSON page 1 (14870/~219292)
[youtube]     Downloading comment API JSON reply thread 3 (14881/~219292)
[youtube]     Downloading comment API JSON reply thread 4 (14887/~219292)
[youtube]     Downloading comment API JSON reply thread 5 (14889/~219292)
[youtube] Downloading comment API JSON page 536 (14893/~219292)
[youtube]     Downloading comment API JSON reply thread 1 (14896/~219292)
[youtube]     Downloading comment API JSON reply thread 2 (14899/~219292)
[youtube]     Downloading comment API JSON reply thread 3 (14902/~219292)
[youtube]     Downloading comment API JSON reply thread 4 (14912/~219292)
[youtube]     Downloading comment API JSON reply thread 5 (14917/~219292)
[youtube] Downloading comment API JSON page 537 (14920/~219292)
[youtube]     Downloading comment API JSON reply thread 1 (14935/~219292)
[youtube]     Downloading comment API JSON reply thread 2 (14939/~219292)
[youtube] Downloading comment API JSON page 538 (14942/~219292)
[youtube]     Downloading comment API JSON reply thread 1 (14943/~219292)
[youtube]     Downloading comment API JSON reply thread 2 (14953/~219292)
[youtube]     Downloading comment API JSON reply thread 3 (14955/~219292)
[youtube]     Downloading comment API JSON reply thread 4 (14959/~219292)
[youtube]     Downloading comment API JSON reply thread 5 (14961/~219292)
[youtube]     Downloading comment API JSON reply thread 6 (14966/~219292)
[youtube]     Downloading comment API JSON reply thread 7 (14970/~219292)
[youtube]     Downloading comment API JSON reply thread 8 (14973/~219292)
WARNING: [youtube] Incomplete data received. Retrying (1/10)...
[youtube]     Downloading comment API JSON reply thread 8 (14973/~219292)
WARNING: [youtube] Incomplete data received. Retrying (2/10)...
[youtube]     Downloading comment API JSON reply thread 8 (14973/~219292)
WARNING: [youtube] Incomplete data received. Retrying (3/10)...
[youtube]     Downloading comment API JSON reply thread 8 (14973/~219292)
WARNING: [youtube] Incomplete data received. Retrying (4/10)...
[youtube]     Downloading comment API JSON reply thread 8 (14973/~219292)
WARNING: [youtube] Incomplete data received. Retrying (5/10)...
[youtube]     Downloading comment API JSON reply thread 8 (14973/~219292)
WARNING: [youtube] Incomplete data received. Retrying (6/10)...
[youtube]     Downloading comment API JSON reply thread 8 (14973/~219292)
WARNING: [youtube] Incomplete data received. Retrying (7/10)...
[youtube]     Downloading comment API JSON reply thread 8 (14973/~219292)
WARNING: [youtube] Incomplete data received. Retrying (8/10)...
[youtube]     Downloading comment API JSON reply thread 8 (14973/~219292)
WARNING: [youtube] Incomplete data received. Retrying (9/10)...
[youtube]     Downloading comment API JSON reply thread 8 (14973/~219292)
WARNING: [youtube] Incomplete data received. Retrying (10/10)...
[youtube]     Downloading comment API JSON reply thread 8 (14973/~219292)
WARNING: [youtube] Incomplete data received. Giving up after 10 retries
[youtube] Downloading comment API JSON page 539 (14973/~219292)
[youtube]     Downloading comment API JSON reply thread 1 (14975/~219292)
[youtube]     Downloading comment API JSON reply thread 2 (14980/~219292)
[youtube]     Downloading comment API JSON reply thread 3 (14987/~219292)
[youtube]     Downloading comment API JSON reply thread 4 (14991/~219292)
[youtube]     Downloading comment API JSON reply thread 5 (14996/~219292)
[youtube] Downloading comment API JSON page 540 (14999/~219292)
[youtube]     Downloading comment API JSON reply thread 1 (15000/~219292)
[youtube]     Downloading comment API JSON reply thread 2 (15003/~219292)
[youtube]     Downloading comment API JSON reply thread 3 (15007/~219292)
[youtube]     Downloading comment API JSON reply thread 4 (15015/~219292)
[youtube]     Downloading comment API JSON reply thread 5 (15020/~219292)
[youtube] Downloading comment API JSON page 541 (15029/~219292)
[youtube]     Downloading comment API JSON reply thread 1 (15031/~219292)
[youtube]     Downloading comment API JSON reply thread 2 (15040/~219292)
[youtube]     Downloading comment API JSON reply thread 3 (15048/~219292)
[youtube]     Downloading comment API JSON reply thread 4 (15055/~219292)
[youtube] Downloading comment API JSON page 542 (15056/~219292)
[youtube]     Downloading comment API JSON reply thread 1 (15057/~219292)
[youtube]     Downloading comment API JSON reply thread 2 (15064/~219292)
[youtube]        Downloading comment replies API JSON page 1 (15074/~219292)
[youtube]        Downloading comment replies API JSON page 2 (15084/~219292)
[youtube]        Downloading comment replies API JSON page 3 (15094/~219292)
[youtube]        Downloading comment replies API JSON page 4 (15104/~219292)
[youtube]     Downloading comment API JSON reply thread 3 (15111/~219292)
[youtube] Downloading comment API JSON page 543 (15121/~219292)
[youtube] Downloading comment API JSON page 544 (15141/~219292)
[youtube]     Downloading comment API JSON reply thread 1 (15147/~219292)
[youtube]     Downloading comment API JSON reply thread 2 (15156/~219292)
[youtube]     Downloading comment API JSON reply thread 3 (15164/~219292)
[youtube] Downloading comment API JSON page 545 (15165/~219292)
[youtube]     Downloading comment API JSON reply thread 1 (15169/~219292)
[youtube]     Downloading comment API JSON reply thread 2 (15185/~219292)
[youtube]     Downloading comment API JSON reply thread 3 (15188/~219292)
[youtube] Downloading comment API JSON page 546 (15192/~219292)
[youtube]     Downloading comment API JSON reply thread 1 (15193/~219292)
[youtube]     Downloading comment API JSON reply thread 2 (15195/~219292)
[youtube]     Downloading comment API JSON reply thread 3 (15206/~219292)
[youtube]     Downloading comment API JSON reply thread 4 (15212/~219292)
[youtube]     Downloading comment API JSON reply thread 5 (15220/~219292)
[youtube] Downloading comment API JSON page 547 (15223/~219292)
[youtube]     Downloading comment API JSON reply thread 1 (15233/~219292)
[youtube]     Downloading comment API JSON reply thread 2 (15238/~219292)
[youtube]     Downloading comment API JSON reply thread 3 (15240/~219292)
[youtube] Downloading comment API JSON page 548 (15247/~219292)
[youtube]     Downloading comment API JSON reply thread 1 (15249/~219292)
[youtube]     Downloading comment API JSON reply thread 2 (15260/~219292)
[youtube]     Downloading comment API JSON reply thread 3 (15270/~219292)
[youtube] Downloading comment API JSON page 549 (15273/~219292)
[youtube]     Downloading comment API JSON reply thread 1 (15277/~219292)
[youtube]     Downloading comment API JSON reply thread 2 (15280/~219292)
[youtube]     Downloading comment API JSON reply thread 3 (15284/~219292)
[youtube]     Downloading comment API JSON reply thread 4 (15289/~219292)
[youtube]     Downloading comment API JSON reply thread 5 (15294/~219292)
[youtube]     Downloading comment API JSON reply thread 6 (15299/~219292)
[youtube]     Downloading comment API JSON reply thread 7 (15306/~219292)
[youtube]     Downloading comment API JSON reply thread 8 (15310/~219292)
[youtube]     Downloading comment API JSON reply thread 9 (15312/~219292)
[youtube]     Downloading comment API JSON reply thread 10 (15314/~219292)
[youtube] Downloading comment API JSON page 550 (15320/~219292)
[youtube]     Downloading comment API JSON reply thread 1 (15329/~219292)
[youtube]     Downloading comment API JSON reply thread 2 (15334/~219292)
[youtube]     Downloading comment API JSON reply thread 3 (15337/~219292)
[youtube] Downloading comment API JSON page 551 (15343/~219292)
[youtube]     Downloading comment API JSON reply thread 1 (15348/~219292)
[youtube]     Downloading comment API JSON reply thread 2 (15353/~219292)
[youtube]     Downloading comment API JSON reply thread 3 (15360/~219292)
[youtube]     Downloading comment API JSON reply thread 4 (15366/~219292)
[youtube]     Downloading comment API JSON reply thread 5 (15368/~219292)
[youtube]     Downloading comment API JSON reply thread 6 (15370/~219292)
[youtube] Downloading comment API JSON page 552 (15371/~219292)
[youtube]     Downloading comment API JSON reply thread 1 (15380/~219292)
[youtube]     Downloading comment API JSON reply thread 2 (15387/~219292)
[youtube]     Downloading comment API JSON reply thread 3 (15396/~219292)
[youtube]     Downloading comment API JSON reply thread 4 (15400/~219292)
[youtube] Downloading comment API JSON page 553 (15402/~219292)
[youtube]     Downloading comment API JSON reply thread 1 (15403/~219292)
[youtube]     Downloading comment API JSON reply thread 2 (15414/~219292)
[youtube]     Downloading comment API JSON reply thread 3 (15417/~219292)
[youtube]     Downloading comment API JSON reply thread 4 (15421/~219292)
[youtube]     Downloading comment API JSON reply thread 5 (15426/~219292)
[youtube] Downloading comment API JSON page 554 (15430/~219292)
[youtube]     Downloading comment API JSON reply thread 1 (15433/~219292)
[youtube]     Downloading comment API JSON reply thread 2 (15441/~219292)
[youtube]     Downloading comment API JSON reply thread 3 (15451/~219292)
[youtube]     Downloading comment API JSON reply thread 4 (15455/~219292)
[youtube] Downloading comment API JSON page 555 (15459/~219292)
[youtube]     Downloading comment API JSON reply thread 1 (15460/~219292)
[youtube]     Downloading comment API JSON reply thread 2 (15465/~219292)
[youtube]     Downloading comment API JSON reply thread 3 (15474/~219292)
[youtube]     Downloading comment API JSON reply thread 4 (15476/~219292)
[youtube]     Downloading comment API JSON reply thread 5 (15480/~219292)
[youtube]     Downloading comment API JSON reply thread 6 (15484/~219292)
[youtube]     Downloading comment API JSON reply thread 7 (15486/~219292)
[youtube]     Downloading comment API JSON reply thread 8 (15488/~219292)
[youtube] Downloading comment API JSON page 556 (15489/~219292)
[youtube]     Downloading comment API JSON reply thread 1 (15503/~219292)
[youtube]     Downloading comment API JSON reply thread 2 (15509/~219292)
[youtube] Downloading comment API JSON page 557 (15511/~219292)
[youtube]     Downloading comment API JSON reply thread 1 (15515/~219292)
[youtube]     Downloading comment API JSON reply thread 2 (15519/~219292)
[youtube]     Downloading comment API JSON reply thread 3 (15524/~219292)
[youtube]     Downloading comment API JSON reply thread 4 (15527/~219292)
[youtube]     Downloading comment API JSON reply thread 5 (15537/~219292)
[youtube] Downloading comment API JSON page 558 (15538/~219292)
[youtube]     Downloading comment API JSON reply thread 1 (15545/~219292)
[youtube]     Downloading comment API JSON reply thread 2 (15552/~219292)
[youtube]     Downloading comment API JSON reply thread 3 (15557/~219292)
[youtube]     Downloading comment API JSON reply thread 4 (15559/~219292)
[youtube]     Downloading comment API JSON reply thread 5 (15561/~219292)
[youtube]        Downloading comment replies API JSON page 1 (15571/~219292)
[youtube]        Downloading comment replies API JSON page 2 (15581/~219292)
[youtube]     Downloading comment API JSON reply thread 6 (15594/~219292)
[youtube]     Downloading comment API JSON reply thread 7 (15599/~219292)
[youtube] Downloading comment API JSON page 559 (15601/~219292)
[youtube]     Downloading comment API JSON reply thread 1 (15607/~219292)
[youtube]     Downloading comment API JSON reply thread 2 (15616/~219292)
[youtube] Downloading comment API JSON page 560 (15623/~219292)
[youtube]     Downloading comment API JSON reply thread 1 (15627/~219292)
[youtube]     Downloading comment API JSON reply thread 2 (15643/~219292)
[youtube]     Downloading comment API JSON reply thread 3 (15647/~219292)
[youtube] Downloading comment API JSON page 561 (15648/~219292)
[youtube]     Downloading comment API JSON reply thread 1 (15649/~219292)
[youtube]     Downloading comment API JSON reply thread 2 (15653/~219292)
[youtube]     Downloading comment API JSON reply thread 3 (15659/~219292)
[youtube]     Downloading comment API JSON reply thread 4 (15662/~219292)
[youtube]     Downloading comment API JSON reply thread 5 (15664/~219292)
[youtube]     Downloading comment API JSON reply thread 6 (15672/~219292)
[youtube]     Downloading comment API JSON reply thread 7 (15679/~219292)
[youtube] Downloading comment API JSON page 562 (15684/~219292)
[youtube]     Downloading comment API JSON reply thread 1 (15690/~219292)
[youtube]     Downloading comment API JSON reply thread 2 (15692/~219292)
[youtube] Downloading comment API JSON page 563 (15706/~219292)
[youtube]     Downloading comment API JSON reply thread 1 (15709/~219292)
[youtube]     Downloading comment API JSON reply thread 2 (15712/~219292)
WARNING: [youtube] Incomplete data received. Retrying (1/10)...
[youtube]     Downloading comment API JSON reply thread 2 (15712/~219292)
WARNING: [youtube] Incomplete data received. Retrying (2/10)...
[youtube]     Downloading comment API JSON reply thread 2 (15712/~219292)
WARNING: [youtube] Incomplete data received. Retrying (3/10)...
[youtube]     Downloading comment API JSON reply thread 2 (15712/~219292)
WARNING: [youtube] Incomplete data received. Retrying (4/10)...
[youtube]     Downloading comment API JSON reply thread 2 (15712/~219292)
WARNING: [youtube] Incomplete data received. Retrying (5/10)...
[youtube]     Downloading comment API JSON reply thread 2 (15712/~219292)
WARNING: [youtube] Incomplete data received. Retrying (6/10)...
[youtube]     Downloading comment API JSON reply thread 2 (15712/~219292)
WARNING: [youtube] Incomplete data received. Retrying (7/10)...
[youtube]     Downloading comment API JSON reply thread 2 (15712/~219292)
WARNING: [youtube] Incomplete data received. Retrying (8/10)...
[youtube]     Downloading comment API JSON reply thread 2 (15712/~219292)
WARNING: [youtube] Incomplete data received. Retrying (9/10)...
[youtube]     Downloading comment API JSON reply thread 2 (15712/~219292)
WARNING: [youtube] Incomplete data received. Retrying (10/10)...
[youtube]     Downloading comment API JSON reply thread 2 (15712/~219292)
WARNING: [youtube] Incomplete data received. Giving up after 10 retries
[youtube]     Downloading comment API JSON reply thread 3 (15720/~219292)
[youtube]     Downloading comment API JSON reply thread 4 (15725/~219292)
[youtube]     Downloading comment API JSON reply thread 5 (15728/~219292)
[youtube] Downloading comment API JSON page 564 (15733/~219292)
[youtube]     Downloading comment API JSON reply thread 1 (15746/~219292)
[youtube]     Downloading comment API JSON reply thread 2 (15748/~219292)
[youtube]     Downloading comment API JSON reply thread 3 (15756/~219292)
[youtube] Downloading comment API JSON page 565 (15761/~219292)
[youtube]     Downloading comment API JSON reply thread 1 (15772/~219292)
[youtube]     Downloading comment API JSON reply thread 2 (15779/~219292)
[youtube] Downloading comment API JSON page 566 (15783/~219292)
[youtube]     Downloading comment API JSON reply thread 1 (15784/~219292)
[youtube]     Downloading comment API JSON reply thread 2 (15789/~219292)
[youtube]     Downloading comment API JSON reply thread 3 (15792/~219292)
[youtube] Downloading comment API JSON page 567 (15809/~219292)
[youtube]     Downloading comment API JSON reply thread 1 (15812/~219292)
[youtube]     Downloading comment API JSON reply thread 2 (15815/~219292)
[youtube]     Downloading comment API JSON reply thread 3 (15817/~219292)
[youtube]     Downloading comment API JSON reply thread 4 (15820/~219292)
[youtube]     Downloading comment API JSON reply thread 5 (15830/~219292)
[youtube]     Downloading comment API JSON reply thread 6 (15833/~219292)
[youtube]     Downloading comment API JSON reply thread 7 (15841/~219292)
[youtube]     Downloading comment API JSON reply thread 8 (15843/~219292)
[youtube] Downloading comment API JSON page 568 (15850/~219292)
[youtube]     Downloading comment API JSON reply thread 1 (15851/~219292)
[youtube]     Downloading comment API JSON reply thread 2 (15859/~219292)
[youtube] Downloading comment API JSON page 569 (15874/~219292)
[youtube]     Downloading comment API JSON reply thread 1 (15882/~219292)
[youtube]     Downloading comment API JSON reply thread 2 (15889/~219292)
WARNING: [youtube] Incomplete data received. Retrying (1/10)...
[youtube]     Downloading comment API JSON reply thread 2 (15889/~219292)
WARNING: [youtube] Incomplete data received. Retrying (2/10)...
[youtube]     Downloading comment API JSON reply thread 2 (15889/~219292)
WARNING: [youtube] Incomplete data received. Retrying (3/10)...
[youtube]     Downloading comment API JSON reply thread 2 (15889/~219292)
WARNING: [youtube] Incomplete data received. Retrying (4/10)...
[youtube]     Downloading comment API JSON reply thread 2 (15889/~219292)
WARNING: [youtube] Incomplete data received. Retrying (5/10)...
[youtube]     Downloading comment API JSON reply thread 2 (15889/~219292)
WARNING: [youtube] Incomplete data received. Retrying (6/10)...
[youtube]     Downloading comment API JSON reply thread 2 (15889/~219292)
WARNING: [youtube] Incomplete data received. Retrying (7/10)...
[youtube]     Downloading comment API JSON reply thread 2 (15889/~219292)
WARNING: [youtube] Incomplete data received. Retrying (8/10)...
[youtube]     Downloading comment API JSON reply thread 2 (15889/~219292)
WARNING: [youtube] Incomplete data received. Retrying (9/10)...
[youtube]     Downloading comment API JSON reply thread 2 (15889/~219292)
WARNING: [youtube] Incomplete data received. Retrying (10/10)...
[youtube]     Downloading comment API JSON reply thread 2 (15889/~219292)
WARNING: [youtube] Incomplete data received. Giving up after 10 retries
[youtube]     Downloading comment API JSON reply thread 3 (15892/~219292)
[youtube]        Downloading comment replies API JSON page 1 (15893/~219292)
[youtube]     Downloading comment API JSON reply thread 4 (15900/~219292)
[youtube]     Downloading comment API JSON reply thread 5 (15909/~219292)
[youtube] Downloading comment API JSON page 570 (15912/~219292)
[youtube]     Downloading comment API JSON reply thread 1 (15913/~219292)
[youtube]     Downloading comment API JSON reply thread 2 (15915/~219292)
[youtube] Downloading comment API JSON page 571 (15934/~219292)
[youtube]     Downloading comment API JSON reply thread 1 (15941/~219292)
[youtube]     Downloading comment API JSON reply thread 2 (15945/~219292)
[youtube]     Downloading comment API JSON reply thread 3 (15950/~219292)
[youtube]     Downloading comment API JSON reply thread 4 (15954/~219292)
[youtube]     Downloading comment API JSON reply thread 5 (15957/~219292)
[youtube]     Downloading comment API JSON reply thread 6 (15962/~219292)
[youtube]     Downloading comment API JSON reply thread 7 (15966/~219292)
[youtube] Downloading comment API JSON page 572 (15969/~219292)
[youtube]     Downloading comment API JSON reply thread 1 (15973/~219292)
[youtube]     Downloading comment API JSON reply thread 2 (15975/~219292)
[youtube]     Downloading comment API JSON reply thread 3 (15979/~219292)
[youtube]     Downloading comment API JSON reply thread 4 (15983/~219292)
[youtube]     Downloading comment API JSON reply thread 5 (15989/~219292)
[youtube]     Downloading comment API JSON reply thread 6 (15998/~219292)
[youtube]     Downloading comment API JSON reply thread 7 (16003/~219292)
[youtube] Downloading comment API JSON page 573 (16004/~219292)
[youtube]     Downloading comment API JSON reply thread 1 (16009/~219292)
[youtube]        Downloading comment replies API JSON page 1 (16019/~219292)
[youtube]     Downloading comment API JSON reply thread 2 (16029/~219292)
[youtube]     Downloading comment API JSON reply thread 3 (16038/~219292)
[youtube] Downloading comment API JSON page 574 (16039/~219292)
[youtube]     Downloading comment API JSON reply thread 1 (16048/~219292)
[youtube]     Downloading comment API JSON reply thread 2 (16052/~219292)
[youtube]     Downloading comment API JSON reply thread 3 (16058/~219292)
[youtube]     Downloading comment API JSON reply thread 4 (16060/~219292)
[youtube] Downloading comment API JSON page 575 (16066/~219292)
[youtube]     Downloading comment API JSON reply thread 1 (16075/~219292)
[youtube]     Downloading comment API JSON reply thread 2 (16077/~219292)
[youtube]     Downloading comment API JSON reply thread 3 (16080/~219292)
[youtube]     Downloading comment API JSON reply thread 4 (16083/~219292)
[youtube]     Downloading comment API JSON reply thread 5 (16087/~219292)
[youtube]     Downloading comment API JSON reply thread 6 (16094/~219292)
[youtube] Downloading comment API JSON page 576 (16096/~219292)
[youtube]     Downloading comment API JSON reply thread 1 (16098/~219292)
[youtube]        Downloading comment replies API JSON page 1 (16108/~219292)
[youtube]     Downloading comment API JSON reply thread 2 (16110/~219292)
[youtube]     Downloading comment API JSON reply thread 3 (16114/~219292)
[youtube]     Downloading comment API JSON reply thread 4 (16119/~219292)
[youtube]     Downloading comment API JSON reply thread 5 (16127/~219292)
[youtube]     Downloading comment API JSON reply thread 6 (16131/~219292)
WARNING: [youtube] Incomplete data received. Retrying (1/10)...
[youtube]     Downloading comment API JSON reply thread 6 (16131/~219292)
WARNING: [youtube] Incomplete data received. Retrying (2/10)...
[youtube]     Downloading comment API JSON reply thread 6 (16131/~219292)
WARNING: [youtube] Incomplete data received. Retrying (3/10)...
[youtube]     Downloading comment API JSON reply thread 6 (16131/~219292)
WARNING: [youtube] Incomplete data received. Retrying (4/10)...
[youtube]     Downloading comment API JSON reply thread 6 (16131/~219292)
WARNING: [youtube] Incomplete data received. Retrying (5/10)...
[youtube]     Downloading comment API JSON reply thread 6 (16131/~219292)
WARNING: [youtube] Incomplete data received. Retrying (6/10)...
[youtube]     Downloading comment API JSON reply thread 6 (16131/~219292)
WARNING: [youtube] Incomplete data received. Retrying (7/10)...
[youtube]     Downloading comment API JSON reply thread 6 (16131/~219292)
WARNING: [youtube] Incomplete data received. Retrying (8/10)...
[youtube]     Downloading comment API JSON reply thread 6 (16131/~219292)
WARNING: [youtube] Incomplete data received. Retrying (9/10)...
[youtube]     Downloading comment API JSON reply thread 6 (16131/~219292)
WARNING: [youtube] Incomplete data received. Retrying (10/10)...
[youtube]     Downloading comment API JSON reply thread 6 (16131/~219292)
WARNING: [youtube] Incomplete data received. Giving up after 10 retries
[youtube] Downloading comment API JSON page 577 (16134/~219292)
[youtube]     Downloading comment API JSON reply thread 1 (16135/~219292)
[youtube]     Downloading comment API JSON reply thread 2 (16137/~219292)
[youtube]     Downloading comment API JSON reply thread 3 (16144/~219292)
[youtube]     Downloading comment API JSON reply thread 4 (16147/~219292)
[youtube]        Downloading comment replies API JSON page 1 (16157/~219292)
[youtube]     Downloading comment API JSON reply thread 5 (16161/~219292)
[youtube]     Downloading comment API JSON reply thread 6 (16166/~219292)
[youtube]     Downloading comment API JSON reply thread 7 (16172/~219292)
[youtube]     Downloading comment API JSON reply thread 8 (16175/~219292)
[youtube] Downloading comment API JSON page 578 (16183/~219292)
[youtube]     Downloading comment API JSON reply thread 1 (16184/~219292)
[youtube]     Downloading comment API JSON reply thread 2 (16195/~219292)
[youtube]     Downloading comment API JSON reply thread 3 (16199/~219292)
[youtube]     Downloading comment API JSON reply thread 4 (16205/~219292)
[youtube]     Downloading comment API JSON reply thread 5 (16208/~219292)
[youtube] Downloading comment API JSON page 579 (16211/~219292)
[youtube]     Downloading comment API JSON reply thread 1 (16214/~219292)
[youtube]     Downloading comment API JSON reply thread 2 (16219/~219292)
[youtube]     Downloading comment API JSON reply thread 3 (16221/~219292)
[youtube] Downloading comment API JSON page 580 (16235/~219292)
[youtube]     Downloading comment API JSON reply thread 1 (16241/~219292)
[youtube]     Downloading comment API JSON reply thread 2 (16247/~219292)
[youtube]     Downloading comment API JSON reply thread 3 (16253/~219292)
[youtube]     Downloading comment API JSON reply thread 4 (16259/~219292)
[youtube] Downloading comment API JSON page 581 (16267/~219292)
[youtube]     Downloading comment API JSON reply thread 1 (16270/~219292)
[youtube]        Downloading comment replies API JSON page 1 (16280/~219292)
[youtube]     Downloading comment API JSON reply thread 2 (16287/~219292)
[youtube]     Downloading comment API JSON reply thread 3 (16291/~219292)
[youtube]     Downloading comment API JSON reply thread 4 (16294/~219292)
[youtube] Downloading comment API JSON page 582 (16303/~219292)
[youtube]     Downloading comment API JSON reply thread 1 (16305/~219292)
[youtube]     Downloading comment API JSON reply thread 2 (16318/~219292)
[youtube]     Downloading comment API JSON reply thread 3 (16320/~219292)
[youtube] Downloading comment API JSON page 583 (16329/~219292)
[youtube]     Downloading comment API JSON reply thread 1 (16349/~219292)
[youtube] Downloading comment API JSON page 584 (16351/~219292)
[youtube]     Downloading comment API JSON reply thread 1 (16362/~219292)
[youtube]     Downloading comment API JSON reply thread 2 (16365/~219292)
[youtube]     Downloading comment API JSON reply thread 3 (16369/~219292)
[youtube]     Downloading comment API JSON reply thread 4 (16371/~219292)
[youtube] Downloading comment API JSON page 585 (16378/~219292)
[youtube]     Downloading comment API JSON reply thread 1 (16382/~219292)
[youtube]     Downloading comment API JSON reply thread 2 (16386/~219292)
[youtube]     Downloading comment API JSON reply thread 3 (16392/~219292)
[youtube]     Downloading comment API JSON reply thread 4 (16397/~219292)
[youtube] Downloading comment API JSON page 586 (16402/~219292)
[youtube]     Downloading comment API JSON reply thread 1 (16405/~219292)
[youtube]     Downloading comment API JSON reply thread 2 (16408/~219292)
[youtube]     Downloading comment API JSON reply thread 3 (16424/~219292)
[youtube]     Downloading comment API JSON reply thread 4 (16426/~219292)
[youtube]     Downloading comment API JSON reply thread 5 (16429/~219292)
[youtube] Downloading comment API JSON page 587 (16437/~219292)
[youtube]     Downloading comment API JSON reply thread 1 (16447/~219292)
[youtube]     Downloading comment API JSON reply thread 2 (16451/~219292)
[youtube]     Downloading comment API JSON reply thread 3 (16457/~219292)
[youtube]     Downloading comment API JSON reply thread 4 (16460/~219292)
[youtube] Downloading comment API JSON page 588 (16464/~219292)
[youtube]     Downloading comment API JSON reply thread 1 (16465/~219292)
[youtube]     Downloading comment API JSON reply thread 2 (16470/~219292)
[youtube]     Downloading comment API JSON reply thread 3 (16478/~219292)
[youtube]     Downloading comment API JSON reply thread 4 (16490/~219292)
[youtube] Downloading comment API JSON page 589 (16495/~219292)
[youtube]     Downloading comment API JSON reply thread 1 (16498/~219292)
[youtube]     Downloading comment API JSON reply thread 2 (16514/~219292)
[youtube] Downloading comment API JSON page 590 (16518/~219292)
[youtube]     Downloading comment API JSON reply thread 1 (16519/~219292)
[youtube]     Downloading comment API JSON reply thread 2 (16521/~219292)
[youtube]     Downloading comment API JSON reply thread 3 (16525/~219292)
[youtube]     Downloading comment API JSON reply thread 4 (16534/~219292)
[youtube] Downloading comment API JSON page 591 (16549/~219292)
[youtube]     Downloading comment API JSON reply thread 1 (16557/~219292)
[youtube]     Downloading comment API JSON reply thread 2 (16565/~219292)
[youtube]     Downloading comment API JSON reply thread 3 (16568/~219292)
[youtube] Downloading comment API JSON page 592 (16573/~219292)
[youtube]     Downloading comment API JSON reply thread 1 (16577/~219292)
[youtube]     Downloading comment API JSON reply thread 2 (16581/~219292)
[youtube]     Downloading comment API JSON reply thread 3 (16593/~219292)
[youtube]     Downloading comment API JSON reply thread 4 (16602/~219292)
[youtube] Downloading comment API JSON page 593 (16603/~219292)
[youtube]     Downloading comment API JSON reply thread 1 (16615/~219292)
[youtube]        Downloading comment replies API JSON page 1 (16625/~219292)
[youtube]     Downloading comment API JSON reply thread 2 (16629/~219292)
[youtube]     Downloading comment API JSON reply thread 3 (16636/~219292)
[youtube] Downloading comment API JSON page 594 (16637/~219292)
[youtube]     Downloading comment API JSON reply thread 1 (16639/~219292)
[youtube]     Downloading comment API JSON reply thread 2 (16644/~219292)
[youtube]        Downloading comment replies API JSON page 1 (16654/~219292)
[youtube]     Downloading comment API JSON reply thread 3 (16662/~219292)
[youtube]     Downloading comment API JSON reply thread 4 (16672/~219292)
[youtube]     Downloading comment API JSON reply thread 5 (16675/~219292)
[youtube]     Downloading comment API JSON reply thread 6 (16681/~219292)
[youtube] Downloading comment API JSON page 595 (16683/~219292)
[youtube]     Downloading comment API JSON reply thread 1 (16689/~219292)
[youtube]     Downloading comment API JSON reply thread 2 (16693/~219292)
[youtube]     Downloading comment API JSON reply thread 3 (16703/~219292)
[youtube]     Downloading comment API JSON reply thread 4 (16707/~219292)
[youtube]     Downloading comment API JSON reply thread 5 (16711/~219292)
[youtube]     Downloading comment API JSON reply thread 6 (16713/~219292)
[youtube]     Downloading comment API JSON reply thread 7 (16719/~219292)
[youtube] Downloading comment API JSON page 596 (16722/~219292)
[youtube]     Downloading comment API JSON reply thread 1 (16737/~219292)
[youtube] Downloading comment API JSON page 597 (16744/~219292)
[youtube]     Downloading comment API JSON reply thread 1 (16747/~219292)
[youtube]     Downloading comment API JSON reply thread 2 (16750/~219292)
[youtube]     Downloading comment API JSON reply thread 3 (16754/~219292)
[youtube]     Downloading comment API JSON reply thread 4 (16760/~219292)
[youtube]     Downloading comment API JSON reply thread 5 (16762/~219292)
[youtube]     Downloading comment API JSON reply thread 6 (16765/~219292)
[youtube]     Downloading comment API JSON reply thread 7 (16769/~219292)
[youtube]     Downloading comment API JSON reply thread 8 (16773/~219292)
[youtube]     Downloading comment API JSON reply thread 9 (16780/~219292)
[youtube] Downloading comment API JSON page 598 (16785/~219292)
[youtube]     Downloading comment API JSON reply thread 1 (16786/~219292)
[youtube]     Downloading comment API JSON reply thread 2 (16788/~219292)
[youtube]     Downloading comment API JSON reply thread 3 (16792/~219292)
[youtube]     Downloading comment API JSON reply thread 4 (16797/~219292)
[youtube]     Downloading comment API JSON reply thread 5 (16799/~219292)
[youtube]     Downloading comment API JSON reply thread 6 (16801/~219292)
[youtube]     Downloading comment API JSON reply thread 7 (16812/~219292)
[youtube]     Downloading comment API JSON reply thread 8 (16815/~219292)
[youtube] Downloading comment API JSON page 599 (16819/~219292)
[youtube]     Downloading comment API JSON reply thread 1 (16820/~219292)
[youtube]     Downloading comment API JSON reply thread 2 (16823/~219292)
[youtube]     Downloading comment API JSON reply thread 3 (16829/~219292)
[youtube]     Downloading comment API JSON reply thread 4 (16838/~219292)
[youtube]     Downloading comment API JSON reply thread 5 (16844/~219292)
[youtube]     Downloading comment API JSON reply thread 6 (16846/~219292)
[youtube]     Downloading comment API JSON reply thread 7 (16850/~219292)
[youtube]     Downloading comment API JSON reply thread 8 (16856/~219292)
[youtube] Downloading comment API JSON page 600 (16859/~219292)
[youtube]     Downloading comment API JSON reply thread 1 (16860/~219292)
[youtube]     Downloading comment API JSON reply thread 2 (16864/~219292)
[youtube]     Downloading comment API JSON reply thread 3 (16867/~219292)
[youtube]     Downloading comment API JSON reply thread 4 (16875/~219292)
[youtube]     Downloading comment API JSON reply thread 5 (16879/~219292)
[youtube]     Downloading comment API JSON reply thread 6 (16885/~219292)
[youtube] Downloading comment API JSON page 601 (16887/~219292)
[youtube]     Downloading comment API JSON reply thread 1 (16888/~219292)
[youtube]     Downloading comment API JSON reply thread 2 (16893/~219292)
[youtube]     Downloading comment API JSON reply thread 3 (16900/~219292)
[youtube]     Downloading comment API JSON reply thread 4 (16902/~219292)
[youtube]     Downloading comment API JSON reply thread 5 (16906/~219292)
[youtube]        Downloading comment replies API JSON page 1 (16916/~219292)
[youtube]     Downloading comment API JSON reply thread 6 (16932/~219292)
[youtube]     Downloading comment API JSON reply thread 7 (16938/~219292)
[youtube] Downloading comment API JSON page 602 (16940/~219292)
[youtube]     Downloading comment API JSON reply thread 1 (16941/~219292)
[youtube]     Downloading comment API JSON reply thread 2 (16944/~219292)
[youtube]     Downloading comment API JSON reply thread 3 (16961/~219292)
[youtube] Downloading comment API JSON page 603 (16965/~219292)
[youtube]     Downloading comment API JSON reply thread 1 (16966/~219292)
[youtube]     Downloading comment API JSON reply thread 2 (16968/~219292)
[youtube]     Downloading comment API JSON reply thread 3 (16977/~219292)
[youtube]     Downloading comment API JSON reply thread 4 (16985/~219292)
[youtube]        Downloading comment replies API JSON page 1 (16995/~219292)
[youtube]     Downloading comment API JSON reply thread 5 (17001/~219292)
[youtube] Downloading comment API JSON page 604 (17003/~219292)
[youtube]     Downloading comment API JSON reply thread 1 (17009/~219292)
[youtube]     Downloading comment API JSON reply thread 2 (17015/~219292)
[youtube]     Downloading comment API JSON reply thread 3 (17032/~219292)
[youtube]     Downloading comment API JSON reply thread 4 (17034/~219292)
[youtube] Downloading comment API JSON page 605 (17037/~219292)
[youtube]     Downloading comment API JSON reply thread 1 (17038/~219292)
[youtube]     Downloading comment API JSON reply thread 2 (17043/~219292)
[youtube]     Downloading comment API JSON reply thread 3 (17045/~219292)
[youtube]     Downloading comment API JSON reply thread 4 (17050/~219292)
[youtube] Downloading comment API JSON page 606 (17062/~219292)
[youtube]     Downloading comment API JSON reply thread 1 (17064/~219292)
[youtube]     Downloading comment API JSON reply thread 2 (17066/~219292)
[youtube]     Downloading comment API JSON reply thread 3 (17075/~219292)
[youtube]     Downloading comment API JSON reply thread 4 (17083/~219292)
[youtube]     Downloading comment API JSON reply thread 5 (17087/~219292)
[youtube] Downloading comment API JSON page 607 (17092/~219292)
[youtube]     Downloading comment API JSON reply thread 1 (17094/~219292)
[youtube]     Downloading comment API JSON reply thread 2 (17096/~219292)
[youtube]     Downloading comment API JSON reply thread 3 (17109/~219292)
[youtube] Downloading comment API JSON page 608 (17117/~219292)
[youtube]     Downloading comment API JSON reply thread 1 (17122/~219292)
[youtube]     Downloading comment API JSON reply thread 2 (17124/~219292)
[youtube]     Downloading comment API JSON reply thread 3 (17138/~219292)
[youtube]     Downloading comment API JSON reply thread 4 (17140/~219292)
[youtube]     Downloading comment API JSON reply thread 5 (17145/~219292)
[youtube]        Downloading comment replies API JSON page 1 (17152/~219292)
[youtube] Downloading comment API JSON page 609 (17156/~219292)
[youtube]     Downloading comment API JSON reply thread 1 (17157/~219292)
[youtube]     Downloading comment API JSON reply thread 2 (17159/~219292)
[youtube]     Downloading comment API JSON reply thread 3 (17161/~219292)
[youtube]     Downloading comment API JSON reply thread 4 (17168/~219292)
[youtube]     Downloading comment API JSON reply thread 5 (17170/~219292)
[youtube]     Downloading comment API JSON reply thread 6 (17174/~219292)
[youtube]     Downloading comment API JSON reply thread 7 (17177/~219292)
[youtube]     Downloading comment API JSON reply thread 8 (17183/~219292)
[youtube] Downloading comment API JSON page 610 (17187/~219292)
[youtube]     Downloading comment API JSON reply thread 1 (17189/~219292)
[youtube]     Downloading comment API JSON reply thread 2 (17195/~219292)
[youtube]     Downloading comment API JSON reply thread 3 (17199/~219292)
[youtube]     Downloading comment API JSON reply thread 4 (17203/~219292)
[youtube]     Downloading comment API JSON reply thread 5 (17206/~219292)
[youtube]     Downloading comment API JSON reply thread 6 (17208/~219292)
[youtube]     Downloading comment API JSON reply thread 7 (17211/~219292)
[youtube]     Downloading comment API JSON reply thread 8 (17221/~219292)
[youtube]     Downloading comment API JSON reply thread 9 (17225/~219292)
[youtube]        Downloading comment replies API JSON page 1 (17235/~219292)
[youtube]        Downloading comment replies API JSON page 2 (17245/~219292)
[youtube]        Downloading comment replies API JSON page 3 (17255/~219292)
[youtube]        Downloading comment replies API JSON page 4 (17265/~219292)
[youtube]        Downloading comment replies API JSON page 5 (17275/~219292)
[youtube]        Downloading comment replies API JSON page 6 (17285/~219292)
[youtube]        Downloading comment replies API JSON page 7 (17295/~219292)
[youtube]        Downloading comment replies API JSON page 8 (17305/~219292)
[youtube]        Downloading comment replies API JSON page 9 (17315/~219292)
[youtube] Downloading comment API JSON page 611 (17321/~219292)
[youtube]     Downloading comment API JSON reply thread 1 (17322/~219292)
[youtube]     Downloading comment API JSON reply thread 2 (17324/~219292)
[youtube]     Downloading comment API JSON reply thread 3 (17326/~219292)
[youtube]     Downloading comment API JSON reply thread 4 (17335/~219292)
[youtube]        Downloading comment replies API JSON page 1 (17343/~219292)
[youtube]     Downloading comment API JSON reply thread 5 (17349/~219292)
[youtube]     Downloading comment API JSON reply thread 6 (17356/~219292)
[youtube]     Downloading comment API JSON reply thread 7 (17364/~219292)
[youtube]     Downloading comment API JSON reply thread 8 (17368/~219292)
[youtube]     Downloading comment API JSON reply thread 9 (17377/~219292)
[youtube]     Downloading comment API JSON reply thread 10 (17383/~219292)
[youtube] Downloading comment API JSON page 612 (17385/~219292)
[youtube]     Downloading comment API JSON reply thread 1 (17391/~219292)
[youtube]     Downloading comment API JSON reply thread 2 (17394/~219292)
[youtube]     Downloading comment API JSON reply thread 3 (17405/~219292)
[youtube] Downloading comment API JSON page 613 (17410/~219292)
[youtube]     Downloading comment API JSON reply thread 1 (17412/~219292)
[youtube]        Downloading comment replies API JSON page 1 (17422/~219292)
[youtube]     Downloading comment API JSON reply thread 2 (17430/~219292)
[youtube]     Downloading comment API JSON reply thread 3 (17438/~219292)
[youtube]     Downloading comment API JSON reply thread 4 (17445/~219292)
[youtube] Downloading comment API JSON page 614 (17453/~219292)
[youtube]     Downloading comment API JSON reply thread 1 (17455/~219292)
[youtube]     Downloading comment API JSON reply thread 2 (17472/~219292)
[youtube]     Downloading comment API JSON reply thread 3 (17474/~219292)
[youtube] Downloading comment API JSON page 615 (17479/~219292)
[youtube]     Downloading comment API JSON reply thread 1 (17480/~219292)
[youtube]     Downloading comment API JSON reply thread 2 (17485/~219292)
[youtube]     Downloading comment API JSON reply thread 3 (17489/~219292)
[youtube]     Downloading comment API JSON reply thread 4 (17494/~219292)
[youtube]     Downloading comment API JSON reply thread 5 (17500/~219292)
[youtube] Downloading comment API JSON page 616 (17506/~219292)
[youtube]     Downloading comment API JSON reply thread 1 (17507/~219292)
[youtube]     Downloading comment API JSON reply thread 2 (17514/~219292)
[youtube]     Downloading comment API JSON reply thread 3 (17520/~219292)
[youtube]     Downloading comment API JSON reply thread 4 (17524/~219292)
[youtube]     Downloading comment API JSON reply thread 5 (17532/~219292)
[youtube]     Downloading comment API JSON reply thread 6 (17535/~219292)
[youtube]     Downloading comment API JSON reply thread 7 (17539/~219292)
[youtube] Downloading comment API JSON page 617 (17540/~219292)
[youtube]     Downloading comment API JSON reply thread 1 (17543/~219292)
[youtube]     Downloading comment API JSON reply thread 2 (17549/~219292)
[youtube]     Downloading comment API JSON reply thread 3 (17552/~219292)
[youtube]     Downloading comment API JSON reply thread 4 (17557/~219292)
[youtube]     Downloading comment API JSON reply thread 5 (17559/~219292)
[youtube]        Downloading comment replies API JSON page 1 (17569/~219292)
[youtube]     Downloading comment API JSON reply thread 6 (17574/~219292)
[youtube]     Downloading comment API JSON reply thread 7 (17579/~219292)
[youtube]     Downloading comment API JSON reply thread 8 (17581/~219292)
[youtube]     Downloading comment API JSON reply thread 9 (17584/~219292)
[youtube] Downloading comment API JSON page 618 (17586/~219292)
[youtube]     Downloading comment API JSON reply thread 1 (17589/~219292)
[youtube]     Downloading comment API JSON reply thread 2 (17600/~219292)
[youtube]        Downloading comment replies API JSON page 1 (17610/~219292)
[youtube]     Downloading comment API JSON reply thread 3 (17623/~219292)
[youtube] Downloading comment API JSON page 619 (17630/~219292)
[youtube]     Downloading comment API JSON reply thread 1 (17636/~219292)
[youtube]     Downloading comment API JSON reply thread 2 (17639/~219292)
[youtube]     Downloading comment API JSON reply thread 3 (17643/~219292)
[youtube]     Downloading comment API JSON reply thread 4 (17650/~219292)
[youtube]     Downloading comment API JSON reply thread 5 (17656/~219292)
[youtube] Downloading comment API JSON page 620 (17658/~219292)
[youtube]     Downloading comment API JSON reply thread 1 (17659/~219292)
[youtube]     Downloading comment API JSON reply thread 2 (17663/~219292)
[youtube]     Downloading comment API JSON reply thread 3 (17667/~219292)
[youtube]     Downloading comment API JSON reply thread 4 (17670/~219292)
[youtube]     Downloading comment API JSON reply thread 5 (17677/~219292)
[youtube]     Downloading comment API JSON reply thread 6 (17679/~219292)
[youtube]        Downloading comment replies API JSON page 1 (17689/~219292)
[youtube] Downloading comment API JSON page 621 (17699/~219292)
[youtube]     Downloading comment API JSON reply thread 1 (17703/~219292)
[youtube]     Downloading comment API JSON reply thread 2 (17706/~219292)
[youtube]     Downloading comment API JSON reply thread 3 (17708/~219292)
[youtube]     Downloading comment API JSON reply thread 4 (17713/~219292)
[youtube]     Downloading comment API JSON reply thread 5 (17721/~219292)
[youtube]     Downloading comment API JSON reply thread 6 (17727/~219292)
[youtube] Downloading comment API JSON page 622 (17728/~219292)
[youtube]     Downloading comment API JSON reply thread 1 (17733/~219292)
[youtube]     Downloading comment API JSON reply thread 2 (17741/~219292)
[youtube]     Downloading comment API JSON reply thread 3 (17752/~219292)
[youtube]     Downloading comment API JSON reply thread 4 (17757/~219292)
[youtube] Downloading comment API JSON page 623 (17762/~219292)
[youtube]     Downloading comment API JSON reply thread 1 (17764/~219292)
[youtube]     Downloading comment API JSON reply thread 2 (17783/~219292)
[youtube]     Downloading comment API JSON reply thread 3 (17785/~219292)
[youtube] Downloading comment API JSON page 624 (17790/~219292)
[youtube]     Downloading comment API JSON reply thread 1 (17793/~219292)
[youtube]     Downloading comment API JSON reply thread 2 (17795/~219292)
[youtube]     Downloading comment API JSON reply thread 3 (17799/~219292)
[youtube]     Downloading comment API JSON reply thread 4 (17801/~219292)
[youtube]     Downloading comment API JSON reply thread 5 (17813/~219292)
[youtube]     Downloading comment API JSON reply thread 6 (17815/~219292)
[youtube]     Downloading comment API JSON reply thread 7 (17823/~219292)
[youtube]     Downloading comment API JSON reply thread 8 (17828/~219292)
[youtube] Downloading comment API JSON page 625 (17832/~219292)
[youtube]     Downloading comment API JSON reply thread 1 (17833/~219292)
[youtube]     Downloading comment API JSON reply thread 2 (17842/~219292)
[youtube]     Downloading comment API JSON reply thread 3 (17851/~219292)
[youtube]     Downloading comment API JSON reply thread 4 (17854/~219292)
[youtube]     Downloading comment API JSON reply thread 5 (17858/~219292)
[youtube]     Downloading comment API JSON reply thread 6 (17860/~219292)
[youtube]     Downloading comment API JSON reply thread 7 (17864/~219292)
[youtube] Downloading comment API JSON page 626 (17872/~219292)
[youtube]     Downloading comment API JSON reply thread 1 (17879/~219292)
[youtube]     Downloading comment API JSON reply thread 2 (17884/~219292)
[youtube]     Downloading comment API JSON reply thread 3 (17894/~219292)
[youtube]        Downloading comment replies API JSON page 1 (17898/~219292)
[youtube]     Downloading comment API JSON reply thread 4 (17903/~219292)
[youtube]     Downloading comment API JSON reply thread 5 (17908/~219292)
[youtube]     Downloading comment API JSON reply thread 6 (17910/~219292)
[youtube]     Downloading comment API JSON reply thread 7 (17914/~219292)
[youtube]     Downloading comment API JSON reply thread 8 (17916/~219292)
[youtube] Downloading comment API JSON page 627 (17917/~219292)
[youtube]     Downloading comment API JSON reply thread 1 (17921/~219292)
[youtube]     Downloading comment API JSON reply thread 2 (17925/~219292)
[youtube]     Downloading comment API JSON reply thread 3 (17927/~219292)
[youtube]     Downloading comment API JSON reply thread 4 (17929/~219292)
[youtube]     Downloading comment API JSON reply thread 5 (17937/~219292)
[youtube]     Downloading comment API JSON reply thread 6 (17943/~219292)
[youtube]     Downloading comment API JSON reply thread 7 (17948/~219292)
[youtube] Downloading comment API JSON page 628 (17956/~219292)
[youtube]     Downloading comment API JSON reply thread 1 (17957/~219292)
[youtube]     Downloading comment API JSON reply thread 2 (17960/~219292)
[youtube]     Downloading comment API JSON reply thread 3 (17965/~219292)
[youtube]     Downloading comment API JSON reply thread 4 (17970/~219292)
[youtube]     Downloading comment API JSON reply thread 5 (17979/~219292)
[youtube]     Downloading comment API JSON reply thread 6 (17984/~219292)
[youtube]        Downloading comment replies API JSON page 1 (17994/~219292)
[youtube]     Downloading comment API JSON reply thread 7 (18007/~219292)
[youtube]     Downloading comment API JSON reply thread 8 (18012/~219292)
[youtube] Downloading comment API JSON page 629 (18015/~219292)
[youtube]     Downloading comment API JSON reply thread 1 (18021/~219292)
[youtube]     Downloading comment API JSON reply thread 2 (18023/~219292)
[youtube]     Downloading comment API JSON reply thread 3 (18031/~219292)
[youtube]     Downloading comment API JSON reply thread 4 (18035/~219292)
[youtube]     Downloading comment API JSON reply thread 5 (18043/~219292)
[youtube] Downloading comment API JSON page 630 (18047/~219292)
[youtube]     Downloading comment API JSON reply thread 1 (18051/~219292)
[youtube]     Downloading comment API JSON reply thread 2 (18055/~219292)
[youtube]     Downloading comment API JSON reply thread 3 (18060/~219292)
[youtube]        Downloading comment replies API JSON page 1 (18063/~219292)
[youtube]        Downloading comment replies API JSON page 2 (18073/~219292)
[youtube]     Downloading comment API JSON reply thread 4 (18083/~219292)
[youtube]     Downloading comment API JSON reply thread 5 (18085/~219292)
[youtube]     Downloading comment API JSON reply thread 6 (18089/~219292)
[youtube]     Downloading comment API JSON reply thread 7 (18098/~219292)
[youtube]     Downloading comment API JSON reply thread 8 (18102/~219292)
[youtube] Downloading comment API JSON page 631 (18106/~219292)
[youtube]     Downloading comment API JSON reply thread 1 (18112/~219292)
[youtube]        Downloading comment replies API JSON page 1 (18122/~219292)
[youtube]     Downloading comment API JSON reply thread 2 (18129/~219292)
[youtube]     Downloading comment API JSON reply thread 3 (18131/~219292)
[youtube]     Downloading comment API JSON reply thread 4 (18138/~219292)
[youtube] Downloading comment API JSON page 632 (18146/~219292)
[youtube]     Downloading comment API JSON reply thread 1 (18149/~219292)
[youtube]     Downloading comment API JSON reply thread 2 (18153/~219292)
[youtube]     Downloading comment API JSON reply thread 3 (18155/~219292)
[youtube]     Downloading comment API JSON reply thread 4 (18159/~219292)
[youtube]     Downloading comment API JSON reply thread 5 (18163/~219292)
[youtube]     Downloading comment API JSON reply thread 6 (18173/~219292)
[youtube]        Downloading comment replies API JSON page 1 (18174/~219292)
[youtube] Downloading comment API JSON page 633 (18190/~219292)
[youtube]     Downloading comment API JSON reply thread 1 (18191/~219292)
[youtube]     Downloading comment API JSON reply thread 2 (18194/~219292)
[youtube]     Downloading comment API JSON reply thread 3 (18199/~219292)
[youtube]     Downloading comment API JSON reply thread 4 (18205/~219292)
[youtube]     Downloading comment API JSON reply thread 5 (18209/~219292)
[youtube]     Downloading comment API JSON reply thread 6 (18216/~219292)
[youtube]        Downloading comment replies API JSON page 1 (18218/~219292)
[youtube]        Downloading comment replies API JSON page 2 (18229/~219292)
[youtube] Downloading comment API JSON page 634 (18245/~219292)
[youtube]     Downloading comment API JSON reply thread 1 (18246/~219292)
[youtube]     Downloading comment API JSON reply thread 2 (18251/~219292)
[youtube]     Downloading comment API JSON reply thread 3 (18253/~219292)
[youtube]     Downloading comment API JSON reply thread 4 (18257/~219292)
[youtube]     Downloading comment API JSON reply thread 5 (18259/~219292)
[youtube]     Downloading comment API JSON reply thread 6 (18263/~219292)
[youtube] Downloading comment API JSON page 635 (18273/~219292)
[youtube] Downloading comment API JSON page 636 (18293/~219292)
[youtube]     Downloading comment API JSON reply thread 1 (18294/~219292)
[youtube]     Downloading comment API JSON reply thread 2 (18298/~219292)
[youtube]     Downloading comment API JSON reply thread 3 (18307/~219292)
[youtube]     Downloading comment API JSON reply thread 4 (18312/~219292)
[youtube] Downloading comment API JSON page 637 (18317/~219292)
[youtube]     Downloading comment API JSON reply thread 1 (18323/~219292)
[youtube]        Downloading comment replies API JSON page 1 (18333/~219292)
[youtube]        Downloading comment replies API JSON page 2 (18344/~219292)
[youtube]        Downloading comment replies API JSON page 3 (18354/~219292)
[youtube]        Downloading comment replies API JSON page 4 (18364/~219292)
[youtube]     Downloading comment API JSON reply thread 2 (18366/~219292)
[youtube]     Downloading comment API JSON reply thread 3 (18372/~219292)
[youtube]     Downloading comment API JSON reply thread 4 (18376/~219292)
[youtube] Downloading comment API JSON page 638 (18383/~219292)
[youtube]     Downloading comment API JSON reply thread 1 (18384/~219292)
[youtube]     Downloading comment API JSON reply thread 2 (18386/~219292)
[youtube]     Downloading comment API JSON reply thread 3 (18388/~219292)
[youtube]     Downloading comment API JSON reply thread 4 (18394/~219292)
[youtube]     Downloading comment API JSON reply thread 5 (18403/~219292)
[youtube] Downloading comment API JSON page 639 (18410/~219292)
[youtube]     Downloading comment API JSON reply thread 1 (18413/~219292)
[youtube]     Downloading comment API JSON reply thread 2 (18420/~219292)
[youtube]     Downloading comment API JSON reply thread 3 (18430/~219292)
[youtube]     Downloading comment API JSON reply thread 4 (18437/~219292)
[youtube] Downloading comment API JSON page 640 (18440/~219292)
[youtube]     Downloading comment API JSON reply thread 1 (18450/~219292)
[youtube]     Downloading comment API JSON reply thread 2 (18452/~219292)
[youtube]     Downloading comment API JSON reply thread 3 (18463/~219292)
[youtube]     Downloading comment API JSON reply thread 4 (18465/~219292)
[youtube] Downloading comment API JSON page 641 (18473/~219292)
[youtube]     Downloading comment API JSON reply thread 1 (18491/~219292)
[youtube] Downloading comment API JSON page 642 (18494/~219292)
[youtube]     Downloading comment API JSON reply thread 1 (18504/~219292)
[youtube]     Downloading comment API JSON reply thread 2 (18513/~219292)
[youtube] Downloading comment API JSON page 643 (18519/~219292)
[youtube]     Downloading comment API JSON reply thread 1 (18520/~219292)
[youtube]     Downloading comment API JSON reply thread 2 (18526/~219292)
[youtube]     Downloading comment API JSON reply thread 3 (18530/~219292)
[youtube]     Downloading comment API JSON reply thread 4 (18533/~219292)
[youtube]     Downloading comment API JSON reply thread 5 (18535/~219292)
[youtube]        Downloading comment replies API JSON page 1 (18545/~219292)
[youtube]     Downloading comment API JSON reply thread 6 (18552/~219292)
[youtube]     Downloading comment API JSON reply thread 7 (18560/~219292)
[youtube]     Downloading comment API JSON reply thread 8 (18565/~219292)
[youtube] Downloading comment API JSON page 644 (18567/~219292)
[youtube]     Downloading comment API JSON reply thread 1 (18571/~219292)
[youtube]     Downloading comment API JSON reply thread 2 (18585/~219292)
[youtube]     Downloading comment API JSON reply thread 3 (18589/~219292)
[youtube]     Downloading comment API JSON reply thread 4 (18592/~219292)
[youtube]     Downloading comment API JSON reply thread 5 (18595/~219292)
[youtube] Downloading comment API JSON page 645 (18597/~219292)
[youtube]     Downloading comment API JSON reply thread 1 (18600/~219292)
[youtube]     Downloading comment API JSON reply thread 2 (18604/~219292)
[youtube]     Downloading comment API JSON reply thread 3 (18613/~219292)
[youtube]     Downloading comment API JSON reply thread 4 (18618/~219292)
[youtube]     Downloading comment API JSON reply thread 5 (18620/~219292)
[youtube] Downloading comment API JSON page 646 (18630/~219292)
[youtube]     Downloading comment API JSON reply thread 1 (18631/~219292)
[youtube]     Downloading comment API JSON reply thread 2 (18633/~219292)
[youtube]     Downloading comment API JSON reply thread 3 (18636/~219292)
[youtube]     Downloading comment API JSON reply thread 4 (18639/~219292)
[youtube]     Downloading comment API JSON reply thread 5 (18642/~219292)
[youtube]     Downloading comment API JSON reply thread 6 (18646/~219292)
[youtube]     Downloading comment API JSON reply thread 7 (18648/~219292)
[youtube]     Downloading comment API JSON reply thread 8 (18653/~219292)
[youtube]        Downloading comment replies API JSON page 1 (18663/~219292)
[youtube]     Downloading comment API JSON reply thread 9 (18672/~219292)
[youtube] Downloading comment API JSON page 647 (18673/~219292)
[youtube]     Downloading comment API JSON reply thread 1 (18690/~219292)
[youtube]     Downloading comment API JSON reply thread 2 (18693/~219292)
[youtube] Downloading comment API JSON page 648 (18696/~219292)
[youtube]     Downloading comment API JSON reply thread 1 (18697/~219292)
[youtube]     Downloading comment API JSON reply thread 2 (18706/~219292)
[youtube]     Downloading comment API JSON reply thread 3 (18715/~219292)
[youtube]     Downloading comment API JSON reply thread 4 (18717/~219292)
[youtube] Downloading comment API JSON page 649 (18726/~219292)
[youtube]     Downloading comment API JSON reply thread 1 (18732/~219292)
[youtube] Downloading comment API JSON page 650 (18747/~219292)
[youtube]     Downloading comment API JSON reply thread 1 (18748/~219292)
[youtube]     Downloading comment API JSON reply thread 2 (18752/~219292)
[youtube]     Downloading comment API JSON reply thread 3 (18759/~219292)
[youtube] Downloading comment API JSON page 651 (18773/~219292)
[youtube]     Downloading comment API JSON reply thread 1 (18779/~219292)
[youtube]     Downloading comment API JSON reply thread 2 (18782/~219292)
[youtube]     Downloading comment API JSON reply thread 3 (18795/~219292)
[youtube] Downloading comment API JSON page 652 (18797/~219292)
[youtube]     Downloading comment API JSON reply thread 1 (18801/~219292)
[youtube]     Downloading comment API JSON reply thread 2 (18811/~219292)
[youtube]     Downloading comment API JSON reply thread 3 (18816/~219292)
[youtube] Downloading comment API JSON page 653 (18826/~219292)
[youtube]     Downloading comment API JSON reply thread 1 (18828/~219292)
[youtube]     Downloading comment API JSON reply thread 2 (18831/~219292)
[youtube]     Downloading comment API JSON reply thread 3 (18836/~219292)
[youtube]     Downloading comment API JSON reply thread 4 (18843/~219292)
[youtube] Downloading comment API JSON page 654 (18857/~219292)
[youtube]     Downloading comment API JSON reply thread 1 (18864/~219292)
[youtube]        Downloading comment replies API JSON page 1 (18874/~219292)
[youtube]        Downloading comment replies API JSON page 2 (18885/~219292)
[youtube]        Downloading comment replies API JSON page 3 (18895/~219292)
[youtube]        Downloading comment replies API JSON page 4 (18905/~219292)
[youtube]        Downloading comment replies API JSON page 5 (18915/~219292)
[youtube]        Downloading comment replies API JSON page 6 (18925/~219292)
[youtube]        Downloading comment replies API JSON page 7 (18935/~219292)
[youtube]        Downloading comment replies API JSON page 8 (18945/~219292)
[youtube]        Downloading comment replies API JSON page 9 (18955/~219292)
[youtube]        Downloading comment replies API JSON page 10 (18965/~219292)
[youtube]        Downloading comment replies API JSON page 11 (18975/~219292)
[youtube]     Downloading comment API JSON reply thread 2 (18985/~219292)
[youtube]     Downloading comment API JSON reply thread 3 (18992/~219292)
[youtube] Downloading comment API JSON page 655 (18996/~219292)
[youtube]     Downloading comment API JSON reply thread 1 (19009/~219292)
[youtube]     Downloading comment API JSON reply thread 2 (19011/~219292)
[youtube]     Downloading comment API JSON reply thread 3 (19015/~219292)
[youtube]     Downloading comment API JSON reply thread 4 (19023/~219292)
[youtube] Downloading comment API JSON page 656 (19026/~219292)
[youtube]     Downloading comment API JSON reply thread 1 (19029/~219292)
[youtube]     Downloading comment API JSON reply thread 2 (19033/~219292)
[youtube]        Downloading comment replies API JSON page 1 (19043/~219292)
[youtube]     Downloading comment API JSON reply thread 3 (19049/~219292)
[youtube]     Downloading comment API JSON reply thread 4 (19052/~219292)
[youtube]     Downloading comment API JSON reply thread 5 (19055/~219292)
[youtube]     Downloading comment API JSON reply thread 6 (19057/~219292)
[youtube]     Downloading comment API JSON reply thread 7 (19063/~219292)
[youtube]     Downloading comment API JSON reply thread 8 (19071/~219292)
[youtube] Downloading comment API JSON page 657 (19072/~219292)
[youtube]     Downloading comment API JSON reply thread 1 (19082/~219292)
[youtube]     Downloading comment API JSON reply thread 2 (19090/~219292)
[youtube]        Downloading comment replies API JSON page 1 (19100/~219292)
[youtube]        Downloading comment replies API JSON page 2 (19110/~219292)
[youtube]        Downloading comment replies API JSON page 3 (19120/~219292)
[youtube] Downloading comment API JSON page 658 (19130/~219292)
[youtube]     Downloading comment API JSON reply thread 1 (19136/~219292)
[youtube]     Downloading comment API JSON reply thread 2 (19139/~219292)
[youtube]     Downloading comment API JSON reply thread 3 (19145/~219292)
[youtube]     Downloading comment API JSON reply thread 4 (19147/~219292)
[youtube]     Downloading comment API JSON reply thread 5 (19156/~219292)
[youtube]     Downloading comment API JSON reply thread 6 (19161/~219292)
[youtube] Downloading comment API JSON page 659 (19162/~219292)
[youtube]     Downloading comment API JSON reply thread 1 (19163/~219292)
[youtube]     Downloading comment API JSON reply thread 2 (19174/~219292)
[youtube]     Downloading comment API JSON reply thread 3 (19178/~219292)
[youtube]     Downloading comment API JSON reply thread 4 (19181/~219292)
[youtube]        Downloading comment replies API JSON page 1 (19191/~219292)
[youtube]     Downloading comment API JSON reply thread 5 (19196/~219292)
[youtube]     Downloading comment API JSON reply thread 6 (19199/~219292)
[youtube]     Downloading comment API JSON reply thread 7 (19201/~219292)
[youtube] Downloading comment API JSON page 660 (19205/~219292)
[youtube]     Downloading comment API JSON reply thread 1 (19211/~219292)
[youtube]     Downloading comment API JSON reply thread 2 (19215/~219292)
[youtube]     Downloading comment API JSON reply thread 3 (19220/~219292)
[youtube]     Downloading comment API JSON reply thread 4 (19223/~219292)
[youtube]     Downloading comment API JSON reply thread 5 (19230/~219292)
[youtube]     Downloading comment API JSON reply thread 6 (19236/~219292)
[youtube] Downloading comment API JSON page 661 (19238/~219292)
[youtube]     Downloading comment API JSON reply thread 1 (19250/~219292)
[youtube]     Downloading comment API JSON reply thread 2 (19253/~219292)
[youtube]     Downloading comment API JSON reply thread 3 (19256/~219292)
[youtube]     Downloading comment API JSON reply thread 4 (19258/~219292)
[youtube]     Downloading comment API JSON reply thread 5 (19260/~219292)
[youtube] Downloading comment API JSON page 662 (19265/~219292)
[youtube]     Downloading comment API JSON reply thread 1 (19266/~219292)
[youtube]     Downloading comment API JSON reply thread 2 (19269/~219292)
[youtube]     Downloading comment API JSON reply thread 3 (19271/~219292)
[youtube]     Downloading comment API JSON reply thread 4 (19276/~219292)
[youtube]     Downloading comment API JSON reply thread 5 (19278/~219292)
[youtube]     Downloading comment API JSON reply thread 6 (19282/~219292)
[youtube]     Downloading comment API JSON reply thread 7 (19287/~219292)
[youtube]     Downloading comment API JSON reply thread 8 (19290/~219292)
[youtube]        Downloading comment replies API JSON page 1 (19300/~219292)
[youtube] Downloading comment API JSON page 663 (19311/~219292)
[youtube]     Downloading comment API JSON reply thread 1 (19312/~219292)
[youtube]     Downloading comment API JSON reply thread 2 (19316/~219292)
[youtube]     Downloading comment API JSON reply thread 3 (19321/~219292)
[youtube] Downloading comment API JSON page 664 (19336/~219292)
[youtube]     Downloading comment API JSON reply thread 1 (19342/~219292)
[youtube]     Downloading comment API JSON reply thread 2 (19352/~219292)
[youtube]     Downloading comment API JSON reply thread 3 (19355/~219292)
[youtube] Downloading comment API JSON page 665 (19361/~219292)
[youtube]     Downloading comment API JSON reply thread 1 (19367/~219292)
[youtube]     Downloading comment API JSON reply thread 2 (19372/~219292)
[youtube]     Downloading comment API JSON reply thread 3 (19377/~219292)
[youtube]     Downloading comment API JSON reply thread 4 (19382/~219292)
[youtube] Downloading comment API JSON page 666 (19387/~219292)
[youtube] Downloading comment API JSON page 667 (19407/~219292)
[youtube]     Downloading comment API JSON reply thread 1 (19413/~219292)
[youtube]     Downloading comment API JSON reply thread 2 (19419/~219292)
[youtube]     Downloading comment API JSON reply thread 3 (19427/~219292)
[youtube]     Downloading comment API JSON reply thread 4 (19431/~219292)
[youtube] Downloading comment API JSON page 668 (19433/~219292)
[youtube]     Downloading comment API JSON reply thread 1 (19440/~219292)
[youtube]     Downloading comment API JSON reply thread 2 (19452/~219292)
[youtube]     Downloading comment API JSON reply thread 3 (19455/~219292)
[youtube]     Downloading comment API JSON reply thread 4 (19466/~219292)
[youtube]     Downloading comment API JSON reply thread 5 (19468/~219292)
[youtube]     Downloading comment API JSON reply thread 6 (19472/~219292)
[youtube] Downloading comment API JSON page 669 (19478/~219292)
[youtube]     Downloading comment API JSON reply thread 1 (19481/~219292)
[youtube] Downloading comment API JSON page 670 (19499/~219292)
[youtube]     Downloading comment API JSON reply thread 1 (19511/~219292)
[youtube]     Downloading comment API JSON reply thread 2 (19517/~219292)
[youtube] Downloading comment API JSON page 671 (19521/~219292)
[youtube]     Downloading comment API JSON reply thread 1 (19522/~219292)
[youtube]     Downloading comment API JSON reply thread 2 (19532/~219292)
[youtube]        Downloading comment replies API JSON page 1 (19533/~219292)
[youtube]        Downloading comment replies API JSON page 2 (19544/~219292)
[youtube] Downloading comment API JSON page 672 (19569/~219292)
[youtube]     Downloading comment API JSON reply thread 1 (19572/~219292)
[youtube]     Downloading comment API JSON reply thread 2 (19578/~219292)
[youtube]        Downloading comment replies API JSON page 1 (19588/~219292)
[youtube] Downloading comment API JSON page 673 (19603/~219292)
[youtube]     Downloading comment API JSON reply thread 1 (19608/~219292)
[youtube]     Downloading comment API JSON reply thread 2 (19613/~219292)
[youtube]     Downloading comment API JSON reply thread 3 (19619/~219292)
[youtube] Downloading comment API JSON page 674 (19627/~219292)
[youtube]     Downloading comment API JSON reply thread 1 (19630/~219292)
[youtube]     Downloading comment API JSON reply thread 2 (19652/~219292)
[youtube] Downloading comment API JSON page 675 (19658/~219292)
[youtube]     Downloading comment API JSON reply thread 1 (19673/~219292)
[youtube]     Downloading comment API JSON reply thread 2 (19679/~219292)
[youtube] Downloading comment API JSON page 676 (19681/~219292)
[youtube]     Downloading comment API JSON reply thread 1 (19683/~219292)
[youtube]        Downloading comment replies API JSON page 1 (19693/~219292)
[youtube]     Downloading comment API JSON reply thread 2 (19703/~219292)
[youtube]        Downloading comment replies API JSON page 2 (19707/~219292)
[youtube]     Downloading comment API JSON reply thread 3 (19731/~219292)
[youtube]     Downloading comment API JSON reply thread 4 (19735/~219292)
[youtube] Downloading comment API JSON page 677 (19738/~219292)
[youtube]     Downloading comment API JSON reply thread 1 (19744/~219292)
[youtube]     Downloading comment API JSON reply thread 2 (19748/~219292)
[youtube]     Downloading comment API JSON reply thread 3 (19758/~219292)
[youtube]     Downloading comment API JSON reply thread 4 (19764/~219292)
[youtube] Downloading comment API JSON page 678 (19767/~219292)
[youtube]     Downloading comment API JSON reply thread 1 (19775/~219292)
[youtube]     Downloading comment API JSON reply thread 2 (19784/~219292)
[youtube] Downloading comment API JSON page 679 (19789/~219292)
[youtube]     Downloading comment API JSON reply thread 1 (19793/~219292)
[youtube]     Downloading comment API JSON reply thread 2 (19800/~219292)
[youtube]     Downloading comment API JSON reply thread 3 (19807/~219292)
[youtube]     Downloading comment API JSON reply thread 4 (19818/~219292)
[youtube]        Downloading comment replies API JSON page 1 (19828/~219292)
[youtube] Downloading comment API JSON page 680 (19840/~219292)
[youtube]     Downloading comment API JSON reply thread 1 (19841/~219292)
[youtube]     Downloading comment API JSON reply thread 2 (19858/~219292)
[youtube]     Downloading comment API JSON reply thread 3 (19863/~219292)
[youtube] Downloading comment API JSON page 681 (19870/~219292)
[youtube]     Downloading comment API JSON reply thread 1 (19872/~219292)
[youtube]     Downloading comment API JSON reply thread 2 (19882/~219292)
[youtube]     Downloading comment API JSON reply thread 3 (19890/~219292)
[youtube] Downloading comment API JSON page 682 (19896/~219292)
[youtube]     Downloading comment API JSON reply thread 1 (19898/~219292)
[youtube]     Downloading comment API JSON reply thread 2 (19915/~219292)
[youtube]        Downloading comment replies API JSON page 1 (19925/~219292)
[youtube]     Downloading comment API JSON reply thread 3 (19927/~219292)
[youtube]        Downloading comment replies API JSON page 2 (19937/~219292)
[youtube] Downloading comment API JSON page 683 (19943/~219292)
[youtube]     Downloading comment API JSON reply thread 1 (19950/~219292)
[youtube]     Downloading comment API JSON reply thread 2 (19955/~219292)
[youtube]        Downloading comment replies API JSON page 1 (19962/~219292)
[youtube]     Downloading comment API JSON reply thread 3 (19966/~219292)
[youtube] Downloading comment API JSON page 684 (19987/~219292)
[youtube] Downloading comment API JSON page 685 (20007/~219292)
[youtube] Downloading comment API JSON page 686 (20027/~219292)
[youtube]     Downloading comment API JSON reply thread 1 (20035/~219292)
[youtube]     Downloading comment API JSON reply thread 2 (20045/~219292)
[youtube]        Downloading comment replies API JSON page 1 (20046/~219292)
[youtube]     Downloading comment API JSON reply thread 3 (20057/~219292)
[youtube] Downloading comment API JSON page 687 (20068/~219292)
[youtube]     Downloading comment API JSON reply thread 1 (20071/~219292)
[youtube]     Downloading comment API JSON reply thread 2 (20085/~219292)
[youtube]     Downloading comment API JSON reply thread 3 (20088/~219292)
[youtube]        Downloading comment replies API JSON page 1 (20098/~219292)
[youtube]     Downloading comment API JSON reply thread 4 (20103/~219292)
[youtube]     Downloading comment API JSON reply thread 5 (20106/~219292)
[youtube]     Downloading comment API JSON reply thread 6 (20108/~219292)
[youtube]     Downloading comment API JSON reply thread 7 (20114/~219292)
[youtube] Downloading comment API JSON page 688 (20119/~219292)
[youtube]     Downloading comment API JSON reply thread 1 (20121/~219292)
[youtube]     Downloading comment API JSON reply thread 2 (20132/~219292)
[youtube]     Downloading comment API JSON reply thread 3 (20142/~219292)
[youtube]     Downloading comment API JSON reply thread 4 (20145/~219292)
[youtube] Downloading comment API JSON page 689 (20156/~219292)
[youtube]     Downloading comment API JSON reply thread 1 (20157/~219292)
[youtube]     Downloading comment API JSON reply thread 2 (20159/~219292)
[youtube]     Downloading comment API JSON reply thread 3 (20162/~219292)
[youtube]     Downloading comment API JSON reply thread 4 (20164/~219292)
[youtube]     Downloading comment API JSON reply thread 5 (20170/~219292)
[youtube]     Downloading comment API JSON reply thread 6 (20177/~219292)
[youtube]     Downloading comment API JSON reply thread 7 (20180/~219292)
[youtube]     Downloading comment API JSON reply thread 8 (20182/~219292)
[youtube]     Downloading comment API JSON reply thread 9 (20187/~219292)
[youtube]     Downloading comment API JSON reply thread 10 (20193/~219292)
[youtube]     Downloading comment API JSON reply thread 11 (20196/~219292)
[youtube]     Downloading comment API JSON reply thread 12 (20199/~219292)
[youtube]     Downloading comment API JSON reply thread 13 (20204/~219292)
[youtube] Downloading comment API JSON page 690 (20205/~219292)
[youtube]     Downloading comment API JSON reply thread 1 (20206/~219292)
[youtube]     Downloading comment API JSON reply thread 2 (20208/~219292)
[youtube]     Downloading comment API JSON reply thread 3 (20213/~219292)
[youtube]     Downloading comment API JSON reply thread 4 (20220/~219292)
[youtube]     Downloading comment API JSON reply thread 5 (20227/~219292)
[youtube]     Downloading comment API JSON reply thread 6 (20237/~219292)
[youtube]        Downloading comment replies API JSON page 1 (20238/~219292)
[youtube]     Downloading comment API JSON reply thread 7 (20242/~219292)
[youtube] Downloading comment API JSON page 691 (20244/~219292)
[youtube]     Downloading comment API JSON reply thread 1 (20247/~219292)
[youtube]     Downloading comment API JSON reply thread 2 (20249/~219292)
[youtube]        Downloading comment replies API JSON page 1 (20258/~219292)
[youtube] Downloading comment API JSON page 692 (20277/~219292)
[youtube]     Downloading comment API JSON reply thread 1 (20280/~219292)
[youtube]     Downloading comment API JSON reply thread 2 (20293/~219292)
[youtube]        Downloading comment replies API JSON page 1 (20303/~219292)
[youtube] Downloading comment API JSON page 693 (20311/~219292)
[youtube] Downloading comment API JSON page 694 (20331/~219292)
[youtube]     Downloading comment API JSON reply thread 1 (20343/~219292)
[youtube] Downloading comment API JSON page 695 (20360/~219292)
[youtube]     Downloading comment API JSON reply thread 1 (20362/~219292)
[youtube]     Downloading comment API JSON reply thread 2 (20378/~219292)
[youtube]     Downloading comment API JSON reply thread 3 (20383/~219292)
[youtube]        Downloading comment replies API JSON page 1 (20393/~219292)
[youtube]        Downloading comment replies API JSON page 2 (20403/~219292)
[youtube]        Downloading comment replies API JSON page 3 (20413/~219292)
[youtube]     Downloading comment API JSON reply thread 4 (20415/~219292)
[youtube] Downloading comment API JSON page 696 (20417/~219292)
[youtube]     Downloading comment API JSON reply thread 1 (20418/~219292)
[youtube]     Downloading comment API JSON reply thread 2 (20428/~219292)
[youtube]     Downloading comment API JSON reply thread 3 (20438/~219292)
[youtube]     Downloading comment API JSON reply thread 4 (20441/~219292)
[youtube] Downloading comment API JSON page 697 (20447/~219292)
[youtube]     Downloading comment API JSON reply thread 1 (20459/~219292)
[youtube]     Downloading comment API JSON reply thread 2 (20461/~219292)
[youtube]     Downloading comment API JSON reply thread 3 (20467/~219292)
[youtube] Downloading comment API JSON page 698 (20470/~219292)
[youtube]     Downloading comment API JSON reply thread 1 (20472/~219292)
[youtube]        Downloading comment replies API JSON page 1 (20482/~219292)
[youtube]     Downloading comment API JSON reply thread 2 (20487/~219292)
[youtube]     Downloading comment API JSON reply thread 3 (20490/~219292)
[youtube]     Downloading comment API JSON reply thread 4 (20492/~219292)
[youtube]     Downloading comment API JSON reply thread 5 (20505/~219292)
[youtube]     Downloading comment API JSON reply thread 6 (20508/~219292)
[youtube] Downloading comment API JSON page 699 (20515/~219292)
[youtube]     Downloading comment API JSON reply thread 1 (20520/~219292)
[youtube] Downloading comment API JSON page 700 (20536/~219292)
[youtube]     Downloading comment API JSON reply thread 1 (20541/~219292)
[youtube]     Downloading comment API JSON reply thread 2 (20548/~219292)
[youtube]        Downloading comment replies API JSON page 1 (20558/~219292)
[youtube]     Downloading comment API JSON reply thread 3 (20567/~219292)
[youtube]     Downloading comment API JSON reply thread 4 (20570/~219292)
[youtube]     Downloading comment API JSON reply thread 5 (20575/~219292)
[youtube] Downloading comment API JSON page 701 (20582/~219292)
[youtube]     Downloading comment API JSON reply thread 1 (20599/~219292)
[youtube] Downloading comment API JSON page 702 (20608/~219292)
[youtube]     Downloading comment API JSON reply thread 1 (20620/~219292)
[youtube]     Downloading comment API JSON reply thread 2 (20625/~219292)
[youtube]     Downloading comment API JSON reply thread 3 (20631/~219292)
[youtube] Downloading comment API JSON page 703 (20635/~219292)
[youtube]     Downloading comment API JSON reply thread 1 (20641/~219292)
[youtube]     Downloading comment API JSON reply thread 2 (20648/~219292)
[youtube]     Downloading comment API JSON reply thread 3 (20652/~219292)
[youtube]        Downloading comment replies API JSON page 1 (20660/~219292)
[youtube]     Downloading comment API JSON reply thread 4 (20664/~219292)
[youtube] Downloading comment API JSON page 704 (20671/~219292)
[youtube]     Downloading comment API JSON reply thread 1 (20673/~219292)
[youtube]     Downloading comment API JSON reply thread 2 (20685/~219292)
[youtube]     Downloading comment API JSON reply thread 3 (20690/~219292)
[youtube] Downloading comment API JSON page 705 (20696/~219292)
[youtube]     Downloading comment API JSON reply thread 1 (20703/~219292)
[youtube]     Downloading comment API JSON reply thread 2 (20708/~219292)
[youtube]     Downloading comment API JSON reply thread 3 (20711/~219292)
[youtube]     Downloading comment API JSON reply thread 4 (20713/~219292)
[youtube]     Downloading comment API JSON reply thread 5 (20717/~219292)
[youtube]     Downloading comment API JSON reply thread 6 (20723/~219292)
[youtube]     Downloading comment API JSON reply thread 7 (20731/~219292)
[youtube] Downloading comment API JSON page 706 (20732/~219292)
[youtube]     Downloading comment API JSON reply thread 1 (20740/~219292)
[youtube]     Downloading comment API JSON reply thread 2 (20745/~219292)
[youtube]     Downloading comment API JSON reply thread 3 (20748/~219292)
[youtube]     Downloading comment API JSON reply thread 4 (20750/~219292)
[youtube] Downloading comment API JSON page 707 (20766/~219292)
[youtube]     Downloading comment API JSON reply thread 1 (20768/~219292)
[youtube]     Downloading comment API JSON reply thread 2 (20779/~219292)
[youtube]     Downloading comment API JSON reply thread 3 (20785/~219292)
[youtube]     Downloading comment API JSON reply thread 4 (20789/~219292)
[youtube]     Downloading comment API JSON reply thread 5 (20794/~219292)
[youtube] Downloading comment API JSON page 708 (20800/~219292)
[youtube]     Downloading comment API JSON reply thread 1 (20817/~219292)
[youtube] Downloading comment API JSON page 709 (20821/~219292)
[youtube]     Downloading comment API JSON reply thread 1 (20823/~219292)
[youtube]     Downloading comment API JSON reply thread 2 (20830/~219292)
[youtube]     Downloading comment API JSON reply thread 3 (20834/~219292)
[youtube]     Downloading comment API JSON reply thread 4 (20837/~219292)
[youtube]     Downloading comment API JSON reply thread 5 (20839/~219292)
[youtube]     Downloading comment API JSON reply thread 6 (20842/~219292)
[youtube]     Downloading comment API JSON reply thread 7 (20847/~219292)
[youtube] Downloading comment API JSON page 710 (20853/~219292)
[youtube]     Downloading comment API JSON reply thread 1 (20859/~219292)
[youtube]     Downloading comment API JSON reply thread 2 (20861/~219292)
[youtube]     Downloading comment API JSON reply thread 3 (20865/~219292)
[youtube]     Downloading comment API JSON reply thread 4 (20867/~219292)
[youtube]     Downloading comment API JSON reply thread 5 (20871/~219292)
[youtube]     Downloading comment API JSON reply thread 6 (20881/~219292)
[youtube]        Downloading comment replies API JSON page 1 (20884/~219292)
[youtube]     Downloading comment API JSON reply thread 7 (20894/~219292)
[youtube] Downloading comment API JSON page 711 (20895/~219292)
[youtube]     Downloading comment API JSON reply thread 1 (20896/~219292)
[youtube]     Downloading comment API JSON reply thread 2 (20900/~219292)
[youtube]     Downloading comment API JSON reply thread 3 (20905/~219292)
[youtube]     Downloading comment API JSON reply thread 4 (20908/~219292)
[youtube]     Downloading comment API JSON reply thread 5 (20919/~219292)
[youtube] Downloading comment API JSON page 712 (20922/~219292)
[youtube]     Downloading comment API JSON reply thread 1 (20923/~219292)
[youtube]     Downloading comment API JSON reply thread 2 (20925/~219292)
[youtube]     Downloading comment API JSON reply thread 3 (20935/~219292)
[youtube]     Downloading comment API JSON reply thread 4 (20950/~219292)
[youtube]     Downloading comment API JSON reply thread 5 (20956/~219292)
[youtube] Downloading comment API JSON page 713 (20958/~219292)
[youtube]     Downloading comment API JSON reply thread 1 (20962/~219292)
[youtube]     Downloading comment API JSON reply thread 2 (20964/~219292)
[youtube]     Downloading comment API JSON reply thread 3 (20971/~219292)
[youtube]     Downloading comment API JSON reply thread 4 (20978/~219292)
[youtube]     Downloading comment API JSON reply thread 5 (20987/~219292)
[youtube] Downloading comment API JSON page 714 (20989/~219292)
[youtube]     Downloading comment API JSON reply thread 1 (20998/~219292)
[youtube] Downloading comment API JSON page 715 (21010/~219292)
[youtube]     Downloading comment API JSON reply thread 1 (21019/~219292)
[youtube]     Downloading comment API JSON reply thread 2 (21022/~219292)
[youtube]     Downloading comment API JSON reply thread 3 (21036/~219292)
[youtube] Downloading comment API JSON page 716 (21040/~219292)
[youtube]     Downloading comment API JSON reply thread 1 (21046/~219292)
[youtube]     Downloading comment API JSON reply thread 2 (21057/~219292)
[youtube]     Downloading comment API JSON reply thread 3 (21062/~219292)
[youtube] Downloading comment API JSON page 717 (21067/~219292)
[youtube]     Downloading comment API JSON reply thread 1 (21070/~219292)
[youtube]     Downloading comment API JSON reply thread 2 (21072/~219292)
[youtube]     Downloading comment API JSON reply thread 3 (21079/~219292)
[youtube]     Downloading comment API JSON reply thread 4 (21086/~219292)
[youtube]     Downloading comment API JSON reply thread 5 (21090/~219292)
WARNING: [youtube] Incomplete data received. Retrying (1/10)...
[youtube]     Downloading comment API JSON reply thread 5 (21090/~219292)
WARNING: [youtube] Incomplete data received. Retrying (2/10)...
[youtube]     Downloading comment API JSON reply thread 5 (21090/~219292)
WARNING: [youtube] Incomplete data received. Retrying (3/10)...
[youtube]     Downloading comment API JSON reply thread 5 (21090/~219292)
WARNING: [youtube] Incomplete data received. Retrying (4/10)...
[youtube]     Downloading comment API JSON reply thread 5 (21090/~219292)
WARNING: [youtube] Incomplete data received. Retrying (5/10)...
[youtube]     Downloading comment API JSON reply thread 5 (21090/~219292)
WARNING: [youtube] Incomplete data received. Retrying (6/10)...
[youtube]     Downloading comment API JSON reply thread 5 (21090/~219292)
WARNING: [youtube] Incomplete data received. Retrying (7/10)...
[youtube]     Downloading comment API JSON reply thread 5 (21090/~219292)
WARNING: [youtube] Incomplete data received. Retrying (8/10)...
[youtube]     Downloading comment API JSON reply thread 5 (21090/~219292)
WARNING: [youtube] Incomplete data received. Retrying (9/10)...
[youtube]     Downloading comment API JSON reply thread 5 (21090/~219292)
WARNING: [youtube] Incomplete data received. Retrying (10/10)...
[youtube]     Downloading comment API JSON reply thread 5 (21090/~219292)
WARNING: [youtube] Incomplete data received. Giving up after 10 retries
[youtube] Downloading comment API JSON page 718 (21094/~219292)
[youtube]     Downloading comment API JSON reply thread 1 (21104/~219292)
[youtube]        Downloading comment replies API JSON page 1 (21114/~219292)
[youtube]        Downloading comment replies API JSON page 2 (21129/~219292)
[youtube]     Downloading comment API JSON reply thread 2 (21145/~219292)
[youtube] Downloading comment API JSON page 719 (21151/~219292)
[youtube]     Downloading comment API JSON reply thread 1 (21152/~219292)
[youtube]     Downloading comment API JSON reply thread 2 (21155/~219292)
[youtube] Downloading comment API JSON page 720 (21173/~219292)
[youtube]     Downloading comment API JSON reply thread 1 (21184/~219292)
[youtube]     Downloading comment API JSON reply thread 2 (21186/~219292)
[youtube]     Downloading comment API JSON reply thread 3 (21193/~219292)
[youtube]        Downloading comment replies API JSON page 1 (21196/~219292)
[youtube]     Downloading comment API JSON reply thread 4 (21199/~219292)
[youtube]        Downloading comment replies API JSON page 2 (21209/~219292)
[youtube]        Downloading comment replies API JSON page 3 (21219/~219292)
[youtube]        Downloading comment replies API JSON page 4 (21230/~219292)
[youtube]        Downloading comment replies API JSON page 5 (21240/~219292)
[youtube]        Downloading comment replies API JSON page 6 (21251/~219292)
[youtube]     Downloading comment API JSON reply thread 5 (21255/~219292)
[youtube]     Downloading comment API JSON reply thread 6 (21260/~219292)
[youtube]     Downloading comment API JSON reply thread 7 (21262/~219292)
[youtube]     Downloading comment API JSON reply thread 8 (21269/~219292)
[youtube] Downloading comment API JSON page 721 (21271/~219292)
[youtube]     Downloading comment API JSON reply thread 1 (21278/~219292)
[youtube]     Downloading comment API JSON reply thread 2 (21281/~219292)
[youtube]     Downloading comment API JSON reply thread 3 (21284/~219292)
[youtube]     Downloading comment API JSON reply thread 4 (21287/~219292)
[youtube]     Downloading comment API JSON reply thread 5 (21291/~219292)
[youtube]     Downloading comment API JSON reply thread 6 (21295/~219292)
[youtube]        Downloading comment replies API JSON page 1 (21305/~219292)
[youtube]     Downloading comment API JSON reply thread 7 (21309/~219292)
[youtube] Downloading comment API JSON page 722 (21310/~219292)
[youtube]     Downloading comment API JSON reply thread 1 (21312/~219292)
[youtube]     Downloading comment API JSON reply thread 2 (21320/~219292)
[youtube] Downloading comment API JSON page 723 (21333/~219292)
[youtube]     Downloading comment API JSON reply thread 1 (21340/~219292)
[youtube]     Downloading comment API JSON reply thread 2 (21348/~219292)
[youtube]     Downloading comment API JSON reply thread 3 (21355/~219292)
[youtube] Downloading comment API JSON page 724 (21358/~219292)
[youtube]     Downloading comment API JSON reply thread 1 (21360/~219292)
[youtube]     Downloading comment API JSON reply thread 2 (21363/~219292)
[youtube]     Downloading comment API JSON reply thread 3 (21368/~219292)
WARNING: [youtube] Incomplete data received. Retrying (1/10)...
[youtube]     Downloading comment API JSON reply thread 3 (21368/~219292)
WARNING: [youtube] Incomplete data received. Retrying (2/10)...
[youtube]     Downloading comment API JSON reply thread 3 (21368/~219292)
WARNING: [youtube] Incomplete data received. Retrying (3/10)...
[youtube]     Downloading comment API JSON reply thread 3 (21368/~219292)
WARNING: [youtube] Incomplete data received. Retrying (4/10)...
[youtube]     Downloading comment API JSON reply thread 3 (21368/~219292)
WARNING: [youtube] Incomplete data received. Retrying (5/10)...
[youtube]     Downloading comment API JSON reply thread 3 (21368/~219292)
WARNING: [youtube] Incomplete data received. Retrying (6/10)...
[youtube]     Downloading comment API JSON reply thread 3 (21368/~219292)
WARNING: [youtube] Incomplete data received. Retrying (7/10)...
[youtube]     Downloading comment API JSON reply thread 3 (21368/~219292)
WARNING: [youtube] Incomplete data received. Retrying (8/10)...
[youtube]     Downloading comment API JSON reply thread 3 (21368/~219292)
WARNING: [youtube] Incomplete data received. Retrying (9/10)...
[youtube]     Downloading comment API JSON reply thread 3 (21368/~219292)
WARNING: [youtube] Incomplete data received. Retrying (10/10)...
[youtube]     Downloading comment API JSON reply thread 3 (21368/~219292)
WARNING: [youtube] Incomplete data received. Giving up after 10 retries
[youtube]     Downloading comment API JSON reply thread 4 (21375/~219292)
[youtube]     Downloading comment API JSON reply thread 5 (21381/~219292)
[youtube] Downloading comment API JSON page 725 (21384/~219292)
[youtube]     Downloading comment API JSON reply thread 1 (21389/~219292)
[youtube]     Downloading comment API JSON reply thread 2 (21396/~219292)
[youtube] Downloading comment API JSON page 726 (21408/~219292)
[youtube]     Downloading comment API JSON reply thread 1 (21414/~219292)
WARNING: [youtube] Incomplete data received. Retrying (1/10)...
[youtube]     Downloading comment API JSON reply thread 1 (21414/~219292)
WARNING: [youtube] Incomplete data received. Retrying (2/10)...
[youtube]     Downloading comment API JSON reply thread 1 (21414/~219292)
WARNING: [youtube] Incomplete data received. Retrying (3/10)...
[youtube]     Downloading comment API JSON reply thread 1 (21414/~219292)
WARNING: [youtube] Incomplete data received. Retrying (4/10)...
[youtube]     Downloading comment API JSON reply thread 1 (21414/~219292)
WARNING: [youtube] Incomplete data received. Retrying (5/10)...
[youtube]     Downloading comment API JSON reply thread 1 (21414/~219292)
WARNING: [youtube] Incomplete data received. Retrying (6/10)...
[youtube]     Downloading comment API JSON reply thread 1 (21414/~219292)
WARNING: [youtube] Incomplete data received. Retrying (7/10)...
[youtube]     Downloading comment API JSON reply thread 1 (21414/~219292)
WARNING: [youtube] Incomplete data received. Retrying (8/10)...
[youtube]     Downloading comment API JSON reply thread 1 (21414/~219292)
WARNING: [youtube] Incomplete data received. Retrying (9/10)...
[youtube]     Downloading comment API JSON reply thread 1 (21414/~219292)
WARNING: [youtube] Incomplete data received. Retrying (10/10)...
[youtube]     Downloading comment API JSON reply thread 1 (21414/~219292)
WARNING: [youtube] Incomplete data received. Giving up after 10 retries
[youtube]     Downloading comment API JSON reply thread 2 (21417/~219292)
[youtube]     Downloading comment API JSON reply thread 3 (21427/~219292)
[youtube]     Downloading comment API JSON reply thread 4 (21431/~219292)
[youtube]        Downloading comment replies API JSON page 1 (21441/~219292)
[youtube] Downloading comment API JSON page 727 (21450/~219292)
[youtube]     Downloading comment API JSON reply thread 1 (21451/~219292)
[youtube]     Downloading comment API JSON reply thread 2 (21457/~219292)
[youtube] Downloading comment API JSON page 728 (21472/~219292)
[youtube]     Downloading comment API JSON reply thread 1 (21479/~219292)
[youtube]     Downloading comment API JSON reply thread 2 (21491/~219292)
[youtube] Downloading comment API JSON page 729 (21495/~219292)
[youtube]     Downloading comment API JSON reply thread 1 (21502/~219292)
[youtube]     Downloading comment API JSON reply thread 2 (21505/~219292)
[youtube]     Downloading comment API JSON reply thread 3 (21510/~219292)
[youtube]     Downloading comment API JSON reply thread 4 (21520/~219292)
[youtube] Downloading comment API JSON page 730 (21522/~219292)
[youtube]     Downloading comment API JSON reply thread 1 (21524/~219292)
[youtube]     Downloading comment API JSON reply thread 2 (21526/~219292)
[youtube]     Downloading comment API JSON reply thread 3 (21531/~219292)
[youtube]     Downloading comment API JSON reply thread 4 (21534/~219292)
[youtube]     Downloading comment API JSON reply thread 5 (21536/~219292)
[youtube]        Downloading comment replies API JSON page 1 (21546/~219292)
[youtube]     Downloading comment API JSON reply thread 6 (21548/~219292)
[youtube] Downloading comment API JSON page 731 (21559/~219292)
[youtube]     Downloading comment API JSON reply thread 1 (21563/~219292)
[youtube] Downloading comment API JSON page 732 (21580/~219292)
[youtube]     Downloading comment API JSON reply thread 1 (21588/~219292)
[youtube] Downloading comment API JSON page 733 (21601/~219292)
[youtube]     Downloading comment API JSON reply thread 1 (21609/~219292)
[youtube]     Downloading comment API JSON reply thread 2 (21611/~219292)
[youtube]     Downloading comment API JSON reply thread 3 (21618/~219292)
[youtube] Downloading comment API JSON page 734 (21625/~219292)
[youtube]     Downloading comment API JSON reply thread 1 (21635/~219292)
[youtube]     Downloading comment API JSON reply thread 2 (21637/~219292)
[youtube] Downloading comment API JSON page 735 (21648/~219292)
[youtube]     Downloading comment API JSON reply thread 1 (21650/~219292)
[youtube]     Downloading comment API JSON reply thread 2 (21653/~219292)
[youtube]     Downloading comment API JSON reply thread 3 (21664/~219292)
[youtube]     Downloading comment API JSON reply thread 4 (21671/~219292)
[youtube]     Downloading comment API JSON reply thread 5 (21674/~219292)
[youtube]     Downloading comment API JSON reply thread 6 (21677/~219292)
[youtube] Downloading comment API JSON page 736 (21681/~219292)
[youtube]     Downloading comment API JSON reply thread 1 (21682/~219292)
[youtube] Downloading comment API JSON page 737 (21702/~219292)
[youtube]     Downloading comment API JSON reply thread 1 (21710/~219292)
[youtube] Downloading comment API JSON page 738 (21725/~219292)
[youtube]     Downloading comment API JSON reply thread 1 (21728/~219292)
WARNING: [youtube] Incomplete data received. Retrying (1/10)...
[youtube]     Downloading comment API JSON reply thread 1 (21728/~219292)
WARNING: [youtube] Incomplete data received. Retrying (2/10)...
[youtube]     Downloading comment API JSON reply thread 1 (21728/~219292)
WARNING: [youtube] Incomplete data received. Retrying (3/10)...
[youtube]     Downloading comment API JSON reply thread 1 (21728/~219292)
WARNING: [youtube] Incomplete data received. Retrying (4/10)...
[youtube]     Downloading comment API JSON reply thread 1 (21728/~219292)
WARNING: [youtube] Incomplete data received. Retrying (5/10)...
[youtube]     Downloading comment API JSON reply thread 1 (21728/~219292)
WARNING: [youtube] Incomplete data received. Retrying (6/10)...
[youtube]     Downloading comment API JSON reply thread 1 (21728/~219292)
WARNING: [youtube] Incomplete data received. Retrying (7/10)...
[youtube]     Downloading comment API JSON reply thread 1 (21728/~219292)
WARNING: [youtube] Incomplete data received. Retrying (8/10)...
[youtube]     Downloading comment API JSON reply thread 1 (21728/~219292)
WARNING: [youtube] Incomplete data received. Retrying (9/10)...
[youtube]     Downloading comment API JSON reply thread 1 (21728/~219292)
WARNING: [youtube] Incomplete data received. Retrying (10/10)...
[youtube]     Downloading comment API JSON reply thread 1 (21728/~219292)
WARNING: [youtube] Incomplete data received. Giving up after 10 retries
[youtube]     Downloading comment API JSON reply thread 2 (21732/~219292)
[youtube]     Downloading comment API JSON reply thread 3 (21735/~219292)
[youtube] Downloading comment API JSON page 739 (21747/~219292)
[youtube]     Downloading comment API JSON reply thread 1 (21748/~219292)
[youtube]     Downloading comment API JSON reply thread 2 (21757/~219292)
[youtube]     Downloading comment API JSON reply thread 3 (21762/~219292)
[youtube]     Downloading comment API JSON reply thread 4 (21777/~219292)
[youtube]        Downloading comment replies API JSON page 1 (21787/~219292)
[youtube] Downloading comment API JSON page 740 (21791/~219292)
[youtube]     Downloading comment API JSON reply thread 1 (21792/~219292)
[youtube]     Downloading comment API JSON reply thread 2 (21794/~219292)
[youtube]     Downloading comment API JSON reply thread 3 (21801/~219292)
[youtube] Downloading comment API JSON page 741 (21815/~219292)
[youtube]     Downloading comment API JSON reply thread 1 (21826/~219292)
[youtube]     Downloading comment API JSON reply thread 2 (21831/~219292)
[youtube]     Downloading comment API JSON reply thread 3 (21836/~219292)
[youtube]     Downloading comment API JSON reply thread 4 (21843/~219292)
[youtube]     Downloading comment API JSON reply thread 5 (21849/~219292)
[youtube] Downloading comment API JSON page 742 (21854/~219292)
[youtube]     Downloading comment API JSON reply thread 1 (21857/~219292)
[youtube]     Downloading comment API JSON reply thread 2 (21861/~219292)
[youtube]     Downloading comment API JSON reply thread 3 (21869/~219292)
[youtube] Downloading comment API JSON page 743 (21879/~219292)
[youtube]     Downloading comment API JSON reply thread 1 (21883/~219292)
[youtube]     Downloading comment API JSON reply thread 2 (21890/~219292)
[youtube] Downloading comment API JSON page 744 (21903/~219292)
[youtube]     Downloading comment API JSON reply thread 1 (21908/~219292)
[youtube]     Downloading comment API JSON reply thread 2 (21918/~219292)
[youtube]     Downloading comment API JSON reply thread 3 (21922/~219292)
[youtube]     Downloading comment API JSON reply thread 4 (21925/~219292)
[youtube] Downloading comment API JSON page 745 (21929/~219292)
[youtube]     Downloading comment API JSON reply thread 1 (21938/~219292)
[youtube]     Downloading comment API JSON reply thread 2 (21941/~219292)
[youtube]     Downloading comment API JSON reply thread 3 (21947/~219292)
[youtube] Downloading comment API JSON page 746 (21953/~219292)
[youtube]     Downloading comment API JSON reply thread 1 (21959/~219292)
[youtube]     Downloading comment API JSON reply thread 2 (21967/~219292)
[youtube]     Downloading comment API JSON reply thread 3 (21972/~219292)
[youtube] Downloading comment API JSON page 747 (21977/~219292)
[youtube]     Downloading comment API JSON reply thread 1 (21984/~219292)
[youtube]     Downloading comment API JSON reply thread 2 (21989/~219292)
[youtube] Downloading comment API JSON page 748 (21999/~219292)
[youtube]     Downloading comment API JSON reply thread 1 (22007/~219292)
[youtube]     Downloading comment API JSON reply thread 2 (22011/~219292)
[youtube]     Downloading comment API JSON reply thread 3 (22017/~219292)
[youtube] Downloading comment API JSON page 749 (22022/~219292)
[youtube]     Downloading comment API JSON reply thread 1 (22024/~219292)
[youtube]     Downloading comment API JSON reply thread 2 (22028/~219292)
[youtube]     Downloading comment API JSON reply thread 3 (22043/~219292)
[youtube] Downloading comment API JSON page 750 (22046/~219292)
[youtube]     Downloading comment API JSON reply thread 1 (22050/~219292)
[youtube] Downloading comment API JSON page 751 (22067/~219292)
[youtube]     Downloading comment API JSON reply thread 1 (22068/~219292)
[youtube]     Downloading comment API JSON reply thread 2 (22075/~219292)
[youtube]     Downloading comment API JSON reply thread 3 (22082/~219292)
[youtube] Downloading comment API JSON page 752 (22092/~219292)
[youtube]     Downloading comment API JSON reply thread 1 (22097/~219292)
[youtube]        Downloading comment replies API JSON page 1 (22107/~219292)
[youtube]     Downloading comment API JSON reply thread 2 (22122/~219292)
[youtube]     Downloading comment API JSON reply thread 3 (22127/~219292)
[youtube]     Downloading comment API JSON reply thread 4 (22134/~219292)
[youtube] Downloading comment API JSON page 753 (22136/~219292)
[youtube] Downloading comment API JSON page 754 (22156/~219292)
[youtube]     Downloading comment API JSON reply thread 1 (22172/~219292)
[youtube]     Downloading comment API JSON reply thread 2 (22175/~219292)
[youtube]     Downloading comment API JSON reply thread 3 (22178/~219292)
[youtube] Downloading comment API JSON page 755 (22180/~219292)
[youtube]     Downloading comment API JSON reply thread 1 (22181/~219292)
[youtube]     Downloading comment API JSON reply thread 2 (22184/~219292)
[youtube]     Downloading comment API JSON reply thread 3 (22200/~219292)
[youtube]     Downloading comment API JSON reply thread 4 (22205/~219292)
[youtube] Downloading comment API JSON page 756 (22213/~219292)
[youtube]     Downloading comment API JSON reply thread 1 (22214/~219292)
[youtube]     Downloading comment API JSON reply thread 2 (22218/~219292)
[youtube]     Downloading comment API JSON reply thread 3 (22222/~219292)
[youtube]     Downloading comment API JSON reply thread 4 (22224/~219292)
[youtube]     Downloading comment API JSON reply thread 5 (22227/~219292)
[youtube]     Downloading comment API JSON reply thread 6 (22230/~219292)
[youtube]     Downloading comment API JSON reply thread 7 (22233/~219292)
[youtube]     Downloading comment API JSON reply thread 8 (22240/~219292)
[youtube] Downloading comment API JSON page 757 (22243/~219292)
[youtube]     Downloading comment API JSON reply thread 1 (22244/~219292)
[youtube]     Downloading comment API JSON reply thread 2 (22251/~219292)
[youtube]     Downloading comment API JSON reply thread 3 (22262/~219292)
[youtube] Downloading comment API JSON page 758 (22272/~219292)
[youtube]     Downloading comment API JSON reply thread 1 (22280/~219292)
[youtube] Downloading comment API JSON page 759 (22293/~219292)
[youtube]     Downloading comment API JSON reply thread 1 (22296/~219292)
[youtube]     Downloading comment API JSON reply thread 2 (22305/~219292)
[youtube]     Downloading comment API JSON reply thread 3 (22309/~219292)
[youtube]     Downloading comment API JSON reply thread 4 (22315/~219292)
[youtube] Downloading comment API JSON page 760 (22318/~219292)
[youtube]     Downloading comment API JSON reply thread 1 (22320/~219292)
[youtube]     Downloading comment API JSON reply thread 2 (22325/~219292)
[youtube]     Downloading comment API JSON reply thread 3 (22338/~219292)
[youtube]     Downloading comment API JSON reply thread 4 (22340/~219292)
[youtube] Downloading comment API JSON page 761 (22347/~219292)
[youtube]     Downloading comment API JSON reply thread 1 (22351/~219292)
[youtube]     Downloading comment API JSON reply thread 2 (22356/~219292)
[youtube]     Downloading comment API JSON reply thread 3 (22360/~219292)
[youtube] Downloading comment API JSON page 762 (22373/~219292)
[youtube]     Downloading comment API JSON reply thread 1 (22379/~219292)
[youtube]     Downloading comment API JSON reply thread 2 (22390/~219292)
[youtube]     Downloading comment API JSON reply thread 3 (22392/~219292)
[youtube] Downloading comment API JSON page 763 (22396/~219292)
[youtube]     Downloading comment API JSON reply thread 1 (22403/~219292)
[youtube]     Downloading comment API JSON reply thread 2 (22409/~219292)
[youtube]     Downloading comment API JSON reply thread 3 (22420/~219292)
[youtube] Downloading comment API JSON page 764 (22423/~219292)
[youtube]     Downloading comment API JSON reply thread 1 (22425/~219292)
[youtube]     Downloading comment API JSON reply thread 2 (22429/~219292)
[youtube]     Downloading comment API JSON reply thread 3 (22435/~219292)
[youtube]     Downloading comment API JSON reply thread 4 (22439/~219292)
[youtube]     Downloading comment API JSON reply thread 5 (22448/~219292)
[youtube]     Downloading comment API JSON reply thread 6 (22452/~219292)
[youtube] Downloading comment API JSON page 765 (22455/~219292)
[youtube]     Downloading comment API JSON reply thread 1 (22472/~219292)
[youtube]     Downloading comment API JSON reply thread 2 (22480/~219292)
[youtube] Downloading comment API JSON page 766 (22488/~219292)
[youtube]     Downloading comment API JSON reply thread 1 (22492/~219292)
[youtube]     Downloading comment API JSON reply thread 2 (22494/~219292)
[youtube]     Downloading comment API JSON reply thread 3 (22496/~219292)
[youtube]     Downloading comment API JSON reply thread 4 (22502/~219292)
[youtube]     Downloading comment API JSON reply thread 5 (22504/~219292)
[youtube]        Downloading comment replies API JSON page 1 (22514/~219292)
[youtube]        Downloading comment replies API JSON page 2 (22524/~219292)
[youtube]     Downloading comment API JSON reply thread 6 (22527/~219292)
[youtube]     Downloading comment API JSON reply thread 7 (22530/~219292)
[youtube]        Downloading comment replies API JSON page 3 (22541/~219292)
[youtube]     Downloading comment API JSON reply thread 8 (22552/~219292)
[youtube]     Downloading comment API JSON reply thread 9 (22554/~219292)
[youtube]     Downloading comment API JSON reply thread 10 (22559/~219292)
[youtube] Downloading comment API JSON page 767 (22563/~219292)
[youtube]     Downloading comment API JSON reply thread 1 (22574/~219292)
[youtube]     Downloading comment API JSON reply thread 2 (22576/~219292)
[youtube] Downloading comment API JSON page 768 (22587/~219292)
[youtube]     Downloading comment API JSON reply thread 1 (22588/~219292)
[youtube]     Downloading comment API JSON reply thread 2 (22602/~219292)
[youtube] Downloading comment API JSON page 769 (22610/~219292)
[youtube]     Downloading comment API JSON reply thread 1 (22618/~219292)
[youtube]     Downloading comment API JSON reply thread 2 (22633/~219292)
[youtube] Downloading comment API JSON page 770 (22638/~219292)
[youtube]     Downloading comment API JSON reply thread 1 (22639/~219292)
[youtube]     Downloading comment API JSON reply thread 2 (22651/~219292)
[youtube]     Downloading comment API JSON reply thread 3 (22656/~219292)
[youtube]     Downloading comment API JSON reply thread 4 (22661/~219292)
[youtube]     Downloading comment API JSON reply thread 5 (22664/~219292)
[youtube] Downloading comment API JSON page 771 (22665/~219292)
[youtube]     Downloading comment API JSON reply thread 1 (22666/~219292)
[youtube]     Downloading comment API JSON reply thread 2 (22683/~219292)
[youtube]     Downloading comment API JSON reply thread 3 (22693/~219292)
[youtube]     Downloading comment API JSON reply thread 4 (22699/~219292)
[youtube] Downloading comment API JSON page 772 (22703/~219292)
[youtube]     Downloading comment API JSON reply thread 1 (22716/~219292)
[youtube]     Downloading comment API JSON reply thread 2 (22718/~219292)
[youtube]     Downloading comment API JSON reply thread 3 (22720/~219292)
[youtube] Downloading comment API JSON page 773 (22726/~219292)
[youtube] Downloading comment API JSON page 774 (22746/~219292)
[youtube]     Downloading comment API JSON reply thread 1 (22755/~219292)
[youtube]     Downloading comment API JSON reply thread 2 (22758/~219292)
[youtube]     Downloading comment API JSON reply thread 3 (22769/~219292)
[youtube] Downloading comment API JSON page 775 (22772/~219292)
[youtube]     Downloading comment API JSON reply thread 1 (22776/~219292)
[youtube]     Downloading comment API JSON reply thread 2 (22783/~219292)
[youtube]     Downloading comment API JSON reply thread 3 (22786/~219292)
[youtube]        Downloading comment replies API JSON page 1 (22788/~219292)
[youtube]     Downloading comment API JSON reply thread 4 (22790/~219292)
[youtube]     Downloading comment API JSON reply thread 5 (22799/~219292)
[youtube]     Downloading comment API JSON reply thread 6 (22802/~219292)
[youtube]     Downloading comment API JSON reply thread 7 (22808/~219292)
[youtube] Downloading comment API JSON page 776 (22817/~219292)
[youtube]     Downloading comment API JSON reply thread 1 (22819/~219292)
[youtube]     Downloading comment API JSON reply thread 2 (22824/~219292)
[youtube]     Downloading comment API JSON reply thread 3 (22828/~219292)
[youtube]     Downloading comment API JSON reply thread 4 (22833/~219292)
[youtube]     Downloading comment API JSON reply thread 5 (22837/~219292)
[youtube]     Downloading comment API JSON reply thread 6 (22839/~219292)
[youtube] Downloading comment API JSON page 777 (22845/~219292)
[youtube]     Downloading comment API JSON reply thread 1 (22861/~219292)
[youtube] Downloading comment API JSON page 778 (22866/~219292)
[youtube]     Downloading comment API JSON reply thread 1 (22868/~219292)
[youtube]     Downloading comment API JSON reply thread 2 (22873/~219292)
[youtube]     Downloading comment API JSON reply thread 3 (22887/~219292)
[youtube]     Downloading comment API JSON reply thread 4 (22892/~219292)
[youtube]     Downloading comment API JSON reply thread 5 (22901/~219292)
[youtube] Downloading comment API JSON page 779 (22903/~219292)
[youtube]     Downloading comment API JSON reply thread 1 (22905/~219292)
[youtube]     Downloading comment API JSON reply thread 2 (22914/~219292)
[youtube]        Downloading comment replies API JSON page 1 (22924/~219292)
[youtube]     Downloading comment API JSON reply thread 3 (22930/~219292)
[youtube]     Downloading comment API JSON reply thread 4 (22935/~219292)
[youtube] Downloading comment API JSON page 780 (22939/~219292)
[youtube]     Downloading comment API JSON reply thread 1 (22949/~219292)
[youtube]     Downloading comment API JSON reply thread 2 (22952/~219292)
[youtube]     Downloading comment API JSON reply thread 3 (22956/~219292)
[youtube]     Downloading comment API JSON reply thread 4 (22967/~219292)
[youtube]        Downloading comment replies API JSON page 1 (22977/~219292)
[youtube]        Downloading comment replies API JSON page 2 (22987/~219292)
[youtube]        Downloading comment replies API JSON page 3 (22997/~219292)
[youtube] Downloading comment API JSON page 781 (23007/~219292)
[youtube]     Downloading comment API JSON reply thread 1 (23017/~219292)
[youtube]     Downloading comment API JSON reply thread 2 (23024/~219292)
[youtube]     Downloading comment API JSON reply thread 3 (23029/~219292)
[youtube] Downloading comment API JSON page 782 (23030/~219292)
[youtube]     Downloading comment API JSON reply thread 1 (23032/~219292)
[youtube]     Downloading comment API JSON reply thread 2 (23034/~219292)
[youtube]     Downloading comment API JSON reply thread 3 (23041/~219292)
[youtube]     Downloading comment API JSON reply thread 4 (23048/~219292)
[youtube]     Downloading comment API JSON reply thread 5 (23057/~219292)
[youtube] Downloading comment API JSON page 783 (23059/~219292)
[youtube]     Downloading comment API JSON reply thread 1 (23064/~219292)
[youtube]     Downloading comment API JSON reply thread 2 (23069/~219292)
[youtube]     Downloading comment API JSON reply thread 3 (23078/~219292)
[youtube]     Downloading comment API JSON reply thread 4 (23081/~219292)
[youtube]     Downloading comment API JSON reply thread 5 (23085/~219292)
[youtube] Downloading comment API JSON page 784 (23087/~219292)
[youtube]     Downloading comment API JSON reply thread 1 (23089/~219292)
[youtube]     Downloading comment API JSON reply thread 2 (23093/~219292)
[youtube]     Downloading comment API JSON reply thread 3 (23096/~219292)
[youtube] Downloading comment API JSON page 785 (23111/~219292)
[youtube]     Downloading comment API JSON reply thread 1 (23118/~219292)
[youtube]     Downloading comment API JSON reply thread 2 (23129/~219292)
[youtube]     Downloading comment API JSON reply thread 3 (23132/~219292)
[youtube] Downloading comment API JSON page 786 (23138/~219292)
[youtube]     Downloading comment API JSON reply thread 1 (23148/~219292)
[youtube]     Downloading comment API JSON reply thread 2 (23154/~219292)
[youtube]     Downloading comment API JSON reply thread 3 (23162/~219292)
[youtube]     Downloading comment API JSON reply thread 4 (23164/~219292)
[youtube] Downloading comment API JSON page 787 (23166/~219292)
[youtube]     Downloading comment API JSON reply thread 1 (23180/~219292)
WARNING: [youtube] Incomplete data received. Retrying (1/10)...
[youtube]     Downloading comment API JSON reply thread 1 (23180/~219292)
WARNING: [youtube] Incomplete data received. Retrying (2/10)...
[youtube]     Downloading comment API JSON reply thread 1 (23180/~219292)
WARNING: [youtube] Incomplete data received. Retrying (3/10)...
[youtube]     Downloading comment API JSON reply thread 1 (23180/~219292)
WARNING: [youtube] Incomplete data received. Retrying (4/10)...
[youtube]     Downloading comment API JSON reply thread 1 (23180/~219292)
WARNING: [youtube] Incomplete data received. Retrying (5/10)...
[youtube]     Downloading comment API JSON reply thread 1 (23180/~219292)
WARNING: [youtube] Incomplete data received. Retrying (6/10)...
[youtube]     Downloading comment API JSON reply thread 1 (23180/~219292)
WARNING: [youtube] Incomplete data received. Retrying (7/10)...
[youtube]     Downloading comment API JSON reply thread 1 (23180/~219292)
WARNING: [youtube] Incomplete data received. Retrying (8/10)...
[youtube]     Downloading comment API JSON reply thread 1 (23180/~219292)
WARNING: [youtube] Incomplete data received. Retrying (9/10)...
[youtube]     Downloading comment API JSON reply thread 1 (23180/~219292)
WARNING: [youtube] Incomplete data received. Retrying (10/10)...
[youtube]     Downloading comment API JSON reply thread 1 (23180/~219292)
WARNING: [youtube] Incomplete data received. Giving up after 10 retries
[youtube] Downloading comment API JSON page 788 (23186/~219292)
[youtube]     Downloading comment API JSON reply thread 1 (23190/~219292)
[youtube]     Downloading comment API JSON reply thread 2 (23206/~219292)
[youtube]     Downloading comment API JSON reply thread 3 (23208/~219292)
[youtube] Downloading comment API JSON page 789 (23209/~219292)
[youtube]     Downloading comment API JSON reply thread 1 (23212/~219292)
[youtube]     Downloading comment API JSON reply thread 2 (23225/~219292)
[youtube]     Downloading comment API JSON reply thread 3 (23227/~219292)
[youtube]     Downloading comment API JSON reply thread 4 (23232/~219292)
[youtube]     Downloading comment API JSON reply thread 5 (23234/~219292)
WARNING: [youtube] Incomplete data received. Retrying (1/10)...
[youtube]     Downloading comment API JSON reply thread 5 (23234/~219292)
WARNING: [youtube] Incomplete data received. Retrying (2/10)...
[youtube]     Downloading comment API JSON reply thread 5 (23234/~219292)
WARNING: [youtube] Incomplete data received. Retrying (3/10)...
[youtube]     Downloading comment API JSON reply thread 5 (23234/~219292)
WARNING: [youtube] Incomplete data received. Retrying (4/10)...
[youtube]     Downloading comment API JSON reply thread 5 (23234/~219292)
WARNING: [youtube] Incomplete data received. Retrying (5/10)...
[youtube]     Downloading comment API JSON reply thread 5 (23234/~219292)
WARNING: [youtube] Incomplete data received. Retrying (6/10)...
[youtube]     Downloading comment API JSON reply thread 5 (23234/~219292)
WARNING: [youtube] Incomplete data received. Retrying (7/10)...
[youtube]     Downloading comment API JSON reply thread 5 (23234/~219292)
WARNING: [youtube] Incomplete data received. Retrying (8/10)...
[youtube]     Downloading comment API JSON reply thread 5 (23234/~219292)
WARNING: [youtube] Incomplete data received. Retrying (9/10)...
[youtube]     Downloading comment API JSON reply thread 5 (23234/~219292)
WARNING: [youtube] Incomplete data received. Retrying (10/10)...
[youtube]     Downloading comment API JSON reply thread 5 (23234/~219292)
WARNING: [youtube] Incomplete data received. Giving up after 10 retries
[youtube]     Downloading comment API JSON reply thread 6 (23235/~219292)
[youtube]     Downloading comment API JSON reply thread 7 (23237/~219292)
[youtube]     Downloading comment API JSON reply thread 8 (23240/~219292)
[youtube]        Downloading comment replies API JSON page 1 (23250/~219292)
[youtube]        Downloading comment replies API JSON page 2 (23260/~219292)
[youtube]        Downloading comment replies API JSON page 3 (23270/~219292)
[youtube]     Downloading comment API JSON reply thread 9 (23277/~219292)
WARNING: [youtube] Incomplete data received. Retrying (1/10)...
[youtube]     Downloading comment API JSON reply thread 9 (23277/~219292)
WARNING: [youtube] Incomplete data received. Retrying (2/10)...
[youtube]     Downloading comment API JSON reply thread 9 (23277/~219292)
WARNING: [youtube] Incomplete data received. Retrying (3/10)...
[youtube]     Downloading comment API JSON reply thread 9 (23277/~219292)
WARNING: [youtube] Incomplete data received. Retrying (4/10)...
[youtube]     Downloading comment API JSON reply thread 9 (23277/~219292)
WARNING: [youtube] Incomplete data received. Retrying (5/10)...
[youtube]     Downloading comment API JSON reply thread 9 (23277/~219292)
WARNING: [youtube] Incomplete data received. Retrying (6/10)...
[youtube]     Downloading comment API JSON reply thread 9 (23277/~219292)
WARNING: [youtube] Incomplete data received. Retrying (7/10)...
[youtube]     Downloading comment API JSON reply thread 9 (23277/~219292)
WARNING: [youtube] Incomplete data received. Retrying (8/10)...
[youtube]     Downloading comment API JSON reply thread 9 (23277/~219292)
WARNING: [youtube] Incomplete data received. Retrying (9/10)...
[youtube]     Downloading comment API JSON reply thread 9 (23277/~219292)
WARNING: [youtube] Incomplete data received. Retrying (10/10)...
[youtube]     Downloading comment API JSON reply thread 9 (23277/~219292)
WARNING: [youtube] Incomplete data received. Giving up after 10 retries
[youtube] Downloading comment API JSON page 790 (23281/~219292)
[youtube]     Downloading comment API JSON reply thread 1 (23288/~219292)
[youtube]     Downloading comment API JSON reply thread 2 (23301/~219292)
[youtube] Downloading comment API JSON page 791 (23303/~219292)
[youtube]     Downloading comment API JSON reply thread 1 (23320/~219292)
[youtube]     Downloading comment API JSON reply thread 2 (23322/~219292)
[youtube]     Downloading comment API JSON reply thread 3 (23324/~219292)
[youtube] Downloading comment API JSON page 792 (23326/~219292)
[youtube]     Downloading comment API JSON reply thread 1 (23328/~219292)
[youtube]     Downloading comment API JSON reply thread 2 (23331/~219292)
[youtube]     Downloading comment API JSON reply thread 3 (23336/~219292)
[youtube]     Downloading comment API JSON reply thread 4 (23342/~219292)
[youtube]     Downloading comment API JSON reply thread 5 (23346/~219292)
[youtube] Downloading comment API JSON page 793 (23355/~219292)
[youtube]     Downloading comment API JSON reply thread 1 (23356/~219292)
[youtube]     Downloading comment API JSON reply thread 2 (23359/~219292)
[youtube]     Downloading comment API JSON reply thread 3 (23364/~219292)
[youtube] Downloading comment API JSON page 794 (23387/~219292)
[youtube]     Downloading comment API JSON reply thread 1 (23390/~219292)
[youtube]     Downloading comment API JSON reply thread 2 (23392/~219292)
[youtube]     Downloading comment API JSON reply thread 3 (23394/~219292)
[youtube]     Downloading comment API JSON reply thread 4 (23402/~219292)
[youtube]     Downloading comment API JSON reply thread 5 (23408/~219292)
[youtube] Downloading comment API JSON page 795 (23414/~219292)
[youtube]     Downloading comment API JSON reply thread 1 (23417/~219292)
[youtube]     Downloading comment API JSON reply thread 2 (23434/~219292)
[youtube]     Downloading comment API JSON reply thread 3 (23440/~219292)
[youtube] Downloading comment API JSON page 796 (23441/~219292)
[youtube]     Downloading comment API JSON reply thread 1 (23450/~219292)
[youtube]     Downloading comment API JSON reply thread 2 (23460/~219292)
[youtube]        Downloading comment replies API JSON page 1 (23462/~219292)
[youtube]        Downloading comment replies API JSON page 2 (23473/~219292)
[youtube]        Downloading comment replies API JSON page 3 (23483/~219292)
[youtube]        Downloading comment replies API JSON page 4 (23493/~219292)
[youtube]     Downloading comment API JSON reply thread 3 (23499/~219292)
WARNING: [youtube] Incomplete data received. Retrying (1/10)...
[youtube]     Downloading comment API JSON reply thread 3 (23499/~219292)
WARNING: [youtube] Incomplete data received. Retrying (2/10)...
[youtube]     Downloading comment API JSON reply thread 3 (23499/~219292)
WARNING: [youtube] Incomplete data received. Retrying (3/10)...
[youtube]     Downloading comment API JSON reply thread 3 (23499/~219292)
WARNING: [youtube] Incomplete data received. Retrying (4/10)...
[youtube]     Downloading comment API JSON reply thread 3 (23499/~219292)
WARNING: [youtube] Incomplete data received. Retrying (5/10)...
[youtube]     Downloading comment API JSON reply thread 3 (23499/~219292)
WARNING: [youtube] Incomplete data received. Retrying (6/10)...
[youtube]     Downloading comment API JSON reply thread 3 (23499/~219292)
WARNING: [youtube] Incomplete data received. Retrying (7/10)...
[youtube]     Downloading comment API JSON reply thread 3 (23499/~219292)
WARNING: [youtube] Incomplete data received. Retrying (8/10)...
[youtube]     Downloading comment API JSON reply thread 3 (23499/~219292)
WARNING: [youtube] Incomplete data received. Retrying (9/10)...
[youtube]     Downloading comment API JSON reply thread 3 (23499/~219292)
WARNING: [youtube] Incomplete data received. Retrying (10/10)...
[youtube]     Downloading comment API JSON reply thread 3 (23499/~219292)
WARNING: [youtube] Incomplete data received. Giving up after 10 retries
[youtube]        Downloading comment replies API JSON page 5 (23504/~219292)
[youtube]        Downloading comment replies API JSON page 6 (23515/~219292)
[youtube]        Downloading comment replies API JSON page 7 (23526/~219292)
[youtube]        Downloading comment replies API JSON page 8 (23536/~219292)
[youtube]        Downloading comment replies API JSON page 9 (23546/~219292)
[youtube]        Downloading comment replies API JSON page 10 (23556/~219292)
[youtube]        Downloading comment replies API JSON page 11 (23566/~219292)
[youtube]        Downloading comment replies API JSON page 12 (23576/~219292)
[youtube]        Downloading comment replies API JSON page 13 (23586/~219292)
[youtube]        Downloading comment replies API JSON page 14 (23596/~219292)
[youtube]        Downloading comment replies API JSON page 15 (23606/~219292)
[youtube]     Downloading comment API JSON reply thread 4 (23616/~219292)
[youtube] Downloading comment API JSON page 797 (23623/~219292)
[youtube]     Downloading comment API JSON reply thread 1 (23641/~219292)
[youtube] Downloading comment API JSON page 798 (23645/~219292)
[youtube]     Downloading comment API JSON reply thread 1 (23650/~219292)
[youtube]     Downloading comment API JSON reply thread 2 (23658/~219292)
[youtube]     Downloading comment API JSON reply thread 3 (23666/~219292)
[youtube] Downloading comment API JSON page 799 (23672/~219292)
[youtube]     Downloading comment API JSON reply thread 1 (23675/~219292)
[youtube]     Downloading comment API JSON reply thread 2 (23680/~219292)
[youtube]     Downloading comment API JSON reply thread 3 (23685/~219292)
[youtube]     Downloading comment API JSON reply thread 4 (23692/~219292)
[youtube] Downloading comment API JSON page 800 (23700/~219292)
[youtube]     Downloading comment API JSON reply thread 1 (23718/~219292)
[youtube] Downloading comment API JSON page 801 (23721/~219292)
[youtube]     Downloading comment API JSON reply thread 1 (23731/~219292)
[youtube]     Downloading comment API JSON reply thread 2 (23733/~219292)
[youtube] Downloading comment API JSON page 802 (23744/~219292)
[youtube]     Downloading comment API JSON reply thread 1 (23745/~219292)
[youtube]     Downloading comment API JSON reply thread 2 (23751/~219292)
[youtube]     Downloading comment API JSON reply thread 3 (23758/~219292)
[youtube] Downloading comment API JSON page 803 (23767/~219292)
[youtube]     Downloading comment API JSON reply thread 1 (23774/~219292)
[youtube]     Downloading comment API JSON reply thread 2 (23783/~219292)
[youtube] Downloading comment API JSON page 804 (23794/~219292)
[youtube]     Downloading comment API JSON reply thread 1 (23795/~219292)
[youtube]     Downloading comment API JSON reply thread 2 (23802/~219292)
[youtube]     Downloading comment API JSON reply thread 3 (23814/~219292)
[youtube]     Downloading comment API JSON reply thread 4 (23816/~219292)
[youtube]     Downloading comment API JSON reply thread 5 (23820/~219292)
[youtube]     Downloading comment API JSON reply thread 6 (23822/~219292)
[youtube] Downloading comment API JSON page 805 (23825/~219292)
[youtube]     Downloading comment API JSON reply thread 1 (23833/~219292)
[youtube]     Downloading comment API JSON reply thread 2 (23843/~219292)
[youtube] Downloading comment API JSON page 806 (23847/~219292)
[youtube]     Downloading comment API JSON reply thread 1 (23856/~219292)
[youtube]     Downloading comment API JSON reply thread 2 (23861/~219292)
[youtube]     Downloading comment API JSON reply thread 3 (23865/~219292)
[youtube]     Downloading comment API JSON reply thread 4 (23868/~219292)
[youtube] Downloading comment API JSON page 807 (23873/~219292)
[youtube]     Downloading comment API JSON reply thread 1 (23874/~219292)
[youtube]     Downloading comment API JSON reply thread 2 (23879/~219292)
[youtube]     Downloading comment API JSON reply thread 3 (23887/~219292)
[youtube]     Downloading comment API JSON reply thread 4 (23893/~219292)
[youtube] Downloading comment API JSON page 808 (23900/~219292)
[youtube]     Downloading comment API JSON reply thread 1 (23913/~219292)
[youtube] Downloading comment API JSON page 809 (23921/~219292)
[youtube]     Downloading comment API JSON reply thread 1 (23922/~219292)
[youtube]     Downloading comment API JSON reply thread 2 (23930/~219292)
[youtube]     Downloading comment API JSON reply thread 3 (23934/~219292)
[youtube] Downloading comment API JSON page 810 (23945/~219292)
[youtube] Downloading comment API JSON page 811 (23965/~219292)
[youtube]     Downloading comment API JSON reply thread 1 (23972/~219292)
[youtube] Downloading comment API JSON page 812 (23986/~219292)
[youtube]     Downloading comment API JSON reply thread 1 (24002/~219292)
[youtube] Downloading comment API JSON page 813 (24007/~219292)
[youtube]     Downloading comment API JSON reply thread 1 (24011/~219292)
[youtube]     Downloading comment API JSON reply thread 2 (24015/~219292)
[youtube]     Downloading comment API JSON reply thread 3 (24017/~219292)
[youtube]     Downloading comment API JSON reply thread 4 (24019/~219292)
[youtube]     Downloading comment API JSON reply thread 5 (24022/~219292)
[youtube] Downloading comment API JSON page 814 (24035/~219292)
[youtube] Downloading comment API JSON page 815 (24055/~219292)
[youtube]     Downloading comment API JSON reply thread 1 (24069/~219292)
[youtube] Downloading comment API JSON page 816 (24077/~219292)
[youtube]     Downloading comment API JSON reply thread 1 (24082/~219292)
[youtube]        Downloading comment replies API JSON page 1 (24092/~219292)
[youtube]     Downloading comment API JSON reply thread 2 (24110/~219292)
[youtube]     Downloading comment API JSON reply thread 3 (24112/~219292)
[youtube] Downloading comment API JSON page 817 (24117/~219292)
[youtube]     Downloading comment API JSON reply thread 1 (24119/~219292)
[youtube]     Downloading comment API JSON reply thread 2 (24131/~219292)
[youtube]     Downloading comment API JSON reply thread 3 (24136/~219292)
[youtube]     Downloading comment API JSON reply thread 4 (24138/~219292)
[youtube]     Downloading comment API JSON reply thread 5 (24142/~219292)
[youtube] Downloading comment API JSON page 818 (24145/~219292)
[youtube]     Downloading comment API JSON reply thread 1 (24146/~219292)
[youtube]     Downloading comment API JSON reply thread 2 (24167/~219292)
[youtube] Downloading comment API JSON page 819 (24168/~219292)
[youtube] Downloading comment API JSON page 820 (24188/~219292)
[youtube]     Downloading comment API JSON reply thread 1 (24194/~219292)
[youtube]     Downloading comment API JSON reply thread 2 (24206/~219292)
[youtube]     Downloading comment API JSON reply thread 3 (24211/~219292)
[youtube] Downloading comment API JSON page 821 (24212/~219292)
[youtube]     Downloading comment API JSON reply thread 1 (24216/~219292)
[youtube]     Downloading comment API JSON reply thread 2 (24230/~219292)
[youtube]     Downloading comment API JSON reply thread 3 (24232/~219292)
[youtube]     Downloading comment API JSON reply thread 4 (24235/~219292)
[youtube]     Downloading comment API JSON reply thread 5 (24240/~219292)
[youtube] Downloading comment API JSON page 822 (24242/~219292)
[youtube]     Downloading comment API JSON reply thread 1 (24249/~219292)
[youtube]     Downloading comment API JSON reply thread 2 (24255/~219292)
[youtube]        Downloading comment replies API JSON page 1 (24265/~219292)
[youtube]     Downloading comment API JSON reply thread 3 (24271/~219292)
[youtube]     Downloading comment API JSON reply thread 4 (24280/~219292)
[youtube]     Downloading comment API JSON reply thread 5 (24283/~219292)
WARNING: [youtube] Incomplete data received. Retrying (1/10)...
[youtube]     Downloading comment API JSON reply thread 5 (24283/~219292)
WARNING: [youtube] Incomplete data received. Retrying (2/10)...
[youtube]     Downloading comment API JSON reply thread 5 (24283/~219292)
WARNING: [youtube] Incomplete data received. Retrying (3/10)...
[youtube]     Downloading comment API JSON reply thread 5 (24283/~219292)
WARNING: [youtube] Incomplete data received. Retrying (4/10)...
[youtube]     Downloading comment API JSON reply thread 5 (24283/~219292)
WARNING: [youtube] Incomplete data received. Retrying (5/10)...
[youtube]     Downloading comment API JSON reply thread 5 (24283/~219292)
WARNING: [youtube] Incomplete data received. Retrying (6/10)...
[youtube]     Downloading comment API JSON reply thread 5 (24283/~219292)
WARNING: [youtube] Incomplete data received. Retrying (7/10)...
[youtube]     Downloading comment API JSON reply thread 5 (24283/~219292)
WARNING: [youtube] Incomplete data received. Retrying (8/10)...
[youtube]     Downloading comment API JSON reply thread 5 (24283/~219292)
WARNING: [youtube] Incomplete data received. Retrying (9/10)...
[youtube]     Downloading comment API JSON reply thread 5 (24283/~219292)
WARNING: [youtube] Incomplete data received. Retrying (10/10)...
[youtube]     Downloading comment API JSON reply thread 5 (24283/~219292)
WARNING: [youtube] Incomplete data received. Giving up after 10 retries
[youtube] Downloading comment API JSON page 823 (24289/~219292)
[youtube]     Downloading comment API JSON reply thread 1 (24294/~219292)
[youtube]     Downloading comment API JSON reply thread 2 (24298/~219292)
[youtube]     Downloading comment API JSON reply thread 3 (24309/~219292)
[youtube] Downloading comment API JSON page 824 (24312/~219292)
[youtube]     Downloading comment API JSON reply thread 1 (24330/~219292)
[youtube] Downloading comment API JSON page 825 (24334/~219292)
[youtube]     Downloading comment API JSON reply thread 1 (24344/~219292)
[youtube]     Downloading comment API JSON reply thread 2 (24347/~219292)
[youtube]     Downloading comment API JSON reply thread 3 (24351/~219292)
[youtube]     Downloading comment API JSON reply thread 4 (24355/~219292)
[youtube]     Downloading comment API JSON reply thread 5 (24359/~219292)
[youtube]     Downloading comment API JSON reply thread 6 (24362/~219292)
[youtube] Downloading comment API JSON page 826 (24363/~219292)
[youtube]     Downloading comment API JSON reply thread 1 (24369/~219292)
[youtube]     Downloading comment API JSON reply thread 2 (24371/~219292)
[youtube]     Downloading comment API JSON reply thread 3 (24374/~219292)
[youtube]     Downloading comment API JSON reply thread 4 (24378/~219292)
[youtube]     Downloading comment API JSON reply thread 5 (24380/~219292)
[youtube]     Downloading comment API JSON reply thread 6 (24387/~219292)
[youtube]     Downloading comment API JSON reply thread 7 (24391/~219292)
[youtube]     Downloading comment API JSON reply thread 8 (24399/~219292)
[youtube] Downloading comment API JSON page 827 (24401/~219292)
[youtube]     Downloading comment API JSON reply thread 1 (24408/~219292)
[youtube]     Downloading comment API JSON reply thread 2 (24420/~219292)
[youtube]     Downloading comment API JSON reply thread 3 (24424/~219292)
[youtube] Downloading comment API JSON page 828 (24427/~219292)
[youtube]     Downloading comment API JSON reply thread 1 (24434/~219292)
[youtube]     Downloading comment API JSON reply thread 2 (24438/~219292)
[youtube]     Downloading comment API JSON reply thread 3 (24443/~219292)
[youtube]     Downloading comment API JSON reply thread 4 (24449/~219292)
[youtube] Downloading comment API JSON page 829 (24452/~219292)
[youtube]     Downloading comment API JSON reply thread 1 (24456/~219292)
[youtube]     Downloading comment API JSON reply thread 2 (24462/~219292)
[youtube]     Downloading comment API JSON reply thread 3 (24466/~219292)
[youtube]     Downloading comment API JSON reply thread 4 (24472/~219292)
[youtube]     Downloading comment API JSON reply thread 5 (24474/~219292)
[youtube]     Downloading comment API JSON reply thread 6 (24477/~219292)
[youtube]     Downloading comment API JSON reply thread 7 (24480/~219292)
[youtube]     Downloading comment API JSON reply thread 8 (24490/~219292)
[youtube]     Downloading comment API JSON reply thread 9 (24492/~219292)
[youtube]     Downloading comment API JSON reply thread 10 (24496/~219292)
[youtube] Downloading comment API JSON page 830 (24498/~219292)
[youtube]     Downloading comment API JSON reply thread 1 (24499/~219292)
[youtube]     Downloading comment API JSON reply thread 2 (24502/~219292)
[youtube]     Downloading comment API JSON reply thread 3 (24504/~219292)
[youtube]     Downloading comment API JSON reply thread 4 (24510/~219292)
[youtube]     Downloading comment API JSON reply thread 5 (24514/~219292)
[youtube]     Downloading comment API JSON reply thread 6 (24527/~219292)
[youtube]     Downloading comment API JSON reply thread 7 (24531/~219292)
[youtube]     Downloading comment API JSON reply thread 8 (24534/~219292)
[youtube] Downloading comment API JSON page 831 (24540/~219292)
[youtube]     Downloading comment API JSON reply thread 1 (24541/~219292)
[youtube]     Downloading comment API JSON reply thread 2 (24550/~219292)
[youtube]     Downloading comment API JSON reply thread 3 (24558/~219292)
[youtube] Downloading comment API JSON page 832 (24566/~219292)
[youtube]     Downloading comment API JSON reply thread 1 (24572/~219292)
[youtube]     Downloading comment API JSON reply thread 2 (24576/~219292)
[youtube]     Downloading comment API JSON reply thread 3 (24586/~219292)
[youtube]     Downloading comment API JSON reply thread 4 (24594/~219292)
[youtube] Downloading comment API JSON page 833 (24597/~219292)
[youtube]     Downloading comment API JSON reply thread 1 (24599/~219292)
[youtube]     Downloading comment API JSON reply thread 2 (24616/~219292)
[youtube] Downloading comment API JSON page 834 (24621/~219292)
[youtube]     Downloading comment API JSON reply thread 1 (24632/~219292)
[youtube]     Downloading comment API JSON reply thread 2 (24640/~219292)
[youtube]     Downloading comment API JSON reply thread 3 (24643/~219292)
[youtube] Downloading comment API JSON page 835 (24646/~219292)
[youtube]     Downloading comment API JSON reply thread 1 (24647/~219292)
[youtube]     Downloading comment API JSON reply thread 2 (24654/~219292)
[youtube]     Downloading comment API JSON reply thread 3 (24657/~219292)
[youtube]     Downloading comment API JSON reply thread 4 (24659/~219292)
[youtube]     Downloading comment API JSON reply thread 5 (24667/~219292)
[youtube] Downloading comment API JSON page 836 (24675/~219292)
[youtube]     Downloading comment API JSON reply thread 1 (24680/~219292)
[youtube]     Downloading comment API JSON reply thread 2 (24683/~219292)
[youtube]     Downloading comment API JSON reply thread 3 (24685/~219292)
[youtube]     Downloading comment API JSON reply thread 4 (24692/~219292)
[youtube]     Downloading comment API JSON reply thread 5 (24697/~219292)
[youtube]     Downloading comment API JSON reply thread 6 (24699/~219292)
[youtube]     Downloading comment API JSON reply thread 7 (24701/~219292)
[youtube]     Downloading comment API JSON reply thread 8 (24703/~219292)
[youtube] Downloading comment API JSON page 837 (24705/~219292)
[youtube]     Downloading comment API JSON reply thread 1 (24706/~219292)
[youtube]     Downloading comment API JSON reply thread 2 (24719/~219292)
[youtube]     Downloading comment API JSON reply thread 3 (24725/~219292)
[youtube]     Downloading comment API JSON reply thread 4 (24730/~219292)
[youtube] Downloading comment API JSON page 838 (24732/~219292)
[youtube]     Downloading comment API JSON reply thread 1 (24735/~219292)
[youtube]     Downloading comment API JSON reply thread 2 (24747/~219292)
[youtube]     Downloading comment API JSON reply thread 3 (24749/~219292)
[youtube]     Downloading comment API JSON reply thread 4 (24751/~219292)
[youtube]     Downloading comment API JSON reply thread 5 (24753/~219292)
[youtube]     Downloading comment API JSON reply thread 6 (24756/~219292)
[youtube]     Downloading comment API JSON reply thread 7 (24758/~219292)
[youtube] Downloading comment API JSON page 839 (24760/~219292)
[youtube]     Downloading comment API JSON reply thread 1 (24763/~219292)
[youtube]     Downloading comment API JSON reply thread 2 (24767/~219292)
[youtube] Downloading comment API JSON page 840 (24782/~219292)
[youtube]     Downloading comment API JSON reply thread 1 (24785/~219292)
[youtube]     Downloading comment API JSON reply thread 2 (24788/~219292)
[youtube]     Downloading comment API JSON reply thread 3 (24794/~219292)
[youtube] Downloading comment API JSON page 841 (24807/~219292)
[youtube]     Downloading comment API JSON reply thread 1 (24818/~219292)
[youtube] Downloading comment API JSON page 842 (24831/~219292)
[youtube]     Downloading comment API JSON reply thread 1 (24837/~219292)
[youtube] Downloading comment API JSON page 843 (24852/~219292)
[youtube]     Downloading comment API JSON reply thread 1 (24861/~219292)
[youtube]     Downloading comment API JSON reply thread 2 (24871/~219292)
[youtube]     Downloading comment API JSON reply thread 3 (24876/~219292)
[youtube] Downloading comment API JSON page 844 (24881/~219292)
[youtube]     Downloading comment API JSON reply thread 1 (24893/~219292)
[youtube]     Downloading comment API JSON reply thread 2 (24896/~219292)
[youtube]     Downloading comment API JSON reply thread 3 (24900/~219292)
[youtube]     Downloading comment API JSON reply thread 4 (24904/~219292)
[youtube]     Downloading comment API JSON reply thread 5 (24907/~219292)
[youtube] Downloading comment API JSON page 845 (24912/~219292)
[youtube]     Downloading comment API JSON reply thread 1 (24913/~219292)
[youtube]     Downloading comment API JSON reply thread 2 (24930/~219292)
[youtube] Downloading comment API JSON page 846 (24939/~219292)
[youtube]     Downloading comment API JSON reply thread 1 (24941/~219292)
[youtube]     Downloading comment API JSON reply thread 2 (24945/~219292)
[youtube]     Downloading comment API JSON reply thread 3 (24947/~219292)
[youtube]     Downloading comment API JSON reply thread 4 (24951/~219292)
[youtube]     Downloading comment API JSON reply thread 5 (24968/~219292)
[youtube]     Downloading comment API JSON reply thread 6 (24970/~219292)
[youtube] Downloading comment API JSON page 847 (24972/~219292)
[youtube]     Downloading comment API JSON reply thread 1 (24974/~219292)
[youtube]     Downloading comment API JSON reply thread 2 (24978/~219292)
[youtube]     Downloading comment API JSON reply thread 3 (24980/~219292)
[youtube]     Downloading comment API JSON reply thread 4 (24982/~219292)
[youtube]     Downloading comment API JSON reply thread 5 (24986/~219292)
[youtube]     Downloading comment API JSON reply thread 6 (24990/~219292)
[youtube]     Downloading comment API JSON reply thread 7 (24997/~219292)
[youtube] Downloading comment API JSON page 848 (25002/~219292)
[youtube]     Downloading comment API JSON reply thread 1 (25007/~219292)
[youtube]     Downloading comment API JSON reply thread 2 (25022/~219292)
[youtube] Downloading comment API JSON page 849 (25027/~219292)
[youtube]     Downloading comment API JSON reply thread 1 (25031/~219292)
[youtube]     Downloading comment API JSON reply thread 2 (25037/~219292)
[youtube]     Downloading comment API JSON reply thread 3 (25041/~219292)
[youtube]     Downloading comment API JSON reply thread 4 (25048/~219292)
[youtube]     Downloading comment API JSON reply thread 5 (25050/~219292)
[youtube]     Downloading comment API JSON reply thread 6 (25054/~219292)
[youtube] Downloading comment API JSON page 850 (25057/~219292)
[youtube]     Downloading comment API JSON reply thread 1 (25062/~219292)
[youtube]     Downloading comment API JSON reply thread 2 (25067/~219292)
[youtube]     Downloading comment API JSON reply thread 3 (25075/~219292)
[youtube] Downloading comment API JSON page 851 (25081/~219292)
[youtube]     Downloading comment API JSON reply thread 1 (25097/~219292)
[youtube]     Downloading comment API JSON reply thread 2 (25104/~219292)
[youtube] Downloading comment API JSON page 852 (25105/~219292)
[youtube]     Downloading comment API JSON reply thread 1 (25111/~219292)
[youtube]     Downloading comment API JSON reply thread 2 (25114/~219292)
[youtube]     Downloading comment API JSON reply thread 3 (25118/~219292)
[youtube]     Downloading comment API JSON reply thread 4 (25120/~219292)
[youtube]     Downloading comment API JSON reply thread 5 (25126/~219292)
[youtube] Downloading comment API JSON page 853 (25130/~219292)
[youtube]     Downloading comment API JSON reply thread 1 (25141/~219292)
[youtube]     Downloading comment API JSON reply thread 2 (25144/~219292)
[youtube] Downloading comment API JSON page 854 (25153/~219292)
[youtube]     Downloading comment API JSON reply thread 1 (25165/~219292)
[youtube]     Downloading comment API JSON reply thread 2 (25168/~219292)
[youtube] Downloading comment API JSON page 855 (25175/~219292)
[youtube]     Downloading comment API JSON reply thread 1 (25176/~219292)
[youtube]     Downloading comment API JSON reply thread 2 (25181/~219292)
[youtube]     Downloading comment API JSON reply thread 3 (25185/~219292)
[youtube]     Downloading comment API JSON reply thread 4 (25199/~219292)
[youtube] Downloading comment API JSON page 856 (25205/~219292)
[youtube]     Downloading comment API JSON reply thread 1 (25213/~219292)
[youtube]     Downloading comment API JSON reply thread 2 (25222/~219292)
[youtube]     Downloading comment API JSON reply thread 3 (25226/~219292)
[youtube] Downloading comment API JSON page 857 (25232/~219292)
[youtube]     Downloading comment API JSON reply thread 1 (25235/~219292)
[youtube]     Downloading comment API JSON reply thread 2 (25246/~219292)
[youtube] Downloading comment API JSON page 858 (25254/~219292)
[youtube]     Downloading comment API JSON reply thread 1 (25267/~219292)
[youtube]     Downloading comment API JSON reply thread 2 (25270/~219292)
[youtube] Downloading comment API JSON page 859 (25277/~219292)
[youtube]     Downloading comment API JSON reply thread 1 (25280/~219292)
[youtube]     Downloading comment API JSON reply thread 2 (25283/~219292)
[youtube]     Downloading comment API JSON reply thread 3 (25286/~219292)
[youtube]     Downloading comment API JSON reply thread 4 (25291/~219292)
[youtube]     Downloading comment API JSON reply thread 5 (25293/~219292)
[youtube]     Downloading comment API JSON reply thread 6 (25296/~219292)
[youtube]     Downloading comment API JSON reply thread 7 (25298/~219292)
[youtube]     Downloading comment API JSON reply thread 8 (25302/~219292)
[youtube]     Downloading comment API JSON reply thread 9 (25306/~219292)
[youtube]     Downloading comment API JSON reply thread 10 (25310/~219292)
[youtube] Downloading comment API JSON page 860 (25312/~219292)
[youtube]     Downloading comment API JSON reply thread 1 (25317/~219292)
[youtube]     Downloading comment API JSON reply thread 2 (25325/~219292)
[youtube] Downloading comment API JSON page 861 (25334/~219292)
[youtube]     Downloading comment API JSON reply thread 1 (25335/~219292)
[youtube]     Downloading comment API JSON reply thread 2 (25340/~219292)
[youtube]     Downloading comment API JSON reply thread 3 (25343/~219292)
[youtube]     Downloading comment API JSON reply thread 4 (25345/~219292)
[youtube]     Downloading comment API JSON reply thread 5 (25350/~219292)
[youtube]     Downloading comment API JSON reply thread 6 (25352/~219292)
[youtube]     Downloading comment API JSON reply thread 7 (25356/~219292)
[youtube]     Downloading comment API JSON reply thread 8 (25360/~219292)
[youtube]     Downloading comment API JSON reply thread 9 (25364/~219292)
[youtube] Downloading comment API JSON page 862 (25366/~219292)
[youtube]     Downloading comment API JSON reply thread 1 (25367/~219292)
[youtube]     Downloading comment API JSON reply thread 2 (25374/~219292)
[youtube]     Downloading comment API JSON reply thread 3 (25380/~219292)
[youtube]     Downloading comment API JSON reply thread 4 (25385/~219292)
[youtube]     Downloading comment API JSON reply thread 5 (25389/~219292)
[youtube]     Downloading comment API JSON reply thread 6 (25393/~219292)
[youtube]     Downloading comment API JSON reply thread 7 (25396/~219292)
[youtube] Downloading comment API JSON page 863 (25399/~219292)
[youtube]     Downloading comment API JSON reply thread 1 (25407/~219292)
[youtube]     Downloading comment API JSON reply thread 2 (25413/~219292)
[youtube]     Downloading comment API JSON reply thread 3 (25421/~219292)
[youtube] Downloading comment API JSON page 864 (25423/~219292)
[youtube]     Downloading comment API JSON reply thread 1 (25429/~219292)
[youtube]     Downloading comment API JSON reply thread 2 (25434/~219292)
[youtube]     Downloading comment API JSON reply thread 3 (25440/~219292)
[youtube] Downloading comment API JSON page 865 (25446/~219292)
[youtube]     Downloading comment API JSON reply thread 1 (25456/~219292)
[youtube]     Downloading comment API JSON reply thread 2 (25459/~219292)
[youtube]     Downloading comment API JSON reply thread 3 (25466/~219292)
[youtube] Downloading comment API JSON page 866 (25470/~219292)
[youtube]     Downloading comment API JSON reply thread 1 (25472/~219292)
[youtube]     Downloading comment API JSON reply thread 2 (25475/~219292)
[youtube]     Downloading comment API JSON reply thread 3 (25477/~219292)
[youtube]     Downloading comment API JSON reply thread 4 (25483/~219292)
[youtube] Downloading comment API JSON page 867 (25495/~219292)
[youtube]     Downloading comment API JSON reply thread 1 (25501/~219292)
[youtube] Downloading comment API JSON page 868 (25517/~219292)
[youtube]     Downloading comment API JSON reply thread 1 (25518/~219292)
[youtube]     Downloading comment API JSON reply thread 2 (25521/~219292)
[youtube]     Downloading comment API JSON reply thread 3 (25526/~219292)
[youtube]     Downloading comment API JSON reply thread 4 (25528/~219292)
[youtube]     Downloading comment API JSON reply thread 5 (25533/~219292)
[youtube]     Downloading comment API JSON reply thread 6 (25535/~219292)
[youtube]     Downloading comment API JSON reply thread 7 (25541/~219292)
[youtube] Downloading comment API JSON page 869 (25548/~219292)
[youtube]     Downloading comment API JSON reply thread 1 (25553/~219292)
[youtube]     Downloading comment API JSON reply thread 2 (25558/~219292)
[youtube]     Downloading comment API JSON reply thread 3 (25569/~219292)
[youtube] Downloading comment API JSON page 870 (25575/~219292)
[youtube]     Downloading comment API JSON reply thread 1 (25591/~219292)
[youtube] Downloading comment API JSON page 871 (25598/~219292)
[youtube]     Downloading comment API JSON reply thread 1 (25608/~219292)
[youtube]     Downloading comment API JSON reply thread 2 (25616/~219292)
[youtube]     Downloading comment API JSON reply thread 3 (25619/~219292)
[youtube] Downloading comment API JSON page 872 (25622/~219292)
[youtube]     Downloading comment API JSON reply thread 1 (25630/~219292)
[youtube]     Downloading comment API JSON reply thread 2 (25633/~219292)
[youtube]     Downloading comment API JSON reply thread 3 (25639/~219292)
[youtube]     Downloading comment API JSON reply thread 4 (25647/~219292)
[youtube] Downloading comment API JSON page 873 (25650/~219292)
[youtube]     Downloading comment API JSON reply thread 1 (25661/~219292)
[youtube]     Downloading comment API JSON reply thread 2 (25663/~219292)
[youtube]     Downloading comment API JSON reply thread 3 (25672/~219292)
[youtube] Downloading comment API JSON page 874 (25673/~219292)
[youtube]     Downloading comment API JSON reply thread 1 (25678/~219292)
[youtube]     Downloading comment API JSON reply thread 2 (25689/~219292)
[youtube]     Downloading comment API JSON reply thread 3 (25691/~219292)
[youtube] Downloading comment API JSON page 875 (25698/~219292)
[youtube]     Downloading comment API JSON reply thread 1 (25700/~219292)
[youtube]     Downloading comment API JSON reply thread 2 (25704/~219292)
[youtube]     Downloading comment API JSON reply thread 3 (25707/~219292)
[youtube]     Downloading comment API JSON reply thread 4 (25712/~219292)
[youtube]     Downloading comment API JSON reply thread 5 (25720/~219292)
[youtube]     Downloading comment API JSON reply thread 6 (25722/~219292)
[youtube]     Downloading comment API JSON reply thread 7 (25724/~219292)
[youtube]     Downloading comment API JSON reply thread 8 (25726/~219292)
[youtube] Downloading comment API JSON page 876 (25729/~219292)
[youtube]     Downloading comment API JSON reply thread 1 (25736/~219292)
[youtube]     Downloading comment API JSON reply thread 2 (25742/~219292)
[youtube] Downloading comment API JSON page 877 (25753/~219292)
[youtube]     Downloading comment API JSON reply thread 1 (25763/~219292)
[youtube]     Downloading comment API JSON reply thread 2 (25767/~219292)
[youtube] Downloading comment API JSON page 878 (25777/~219292)
[youtube]     Downloading comment API JSON reply thread 1 (25787/~219292)
[youtube]     Downloading comment API JSON reply thread 2 (25796/~219292)
[youtube]     Downloading comment API JSON reply thread 3 (25809/~219292)
[youtube] Downloading comment API JSON page 879 (25810/~219292)
[youtube]     Downloading comment API JSON reply thread 1 (25826/~219292)
[youtube]     Downloading comment API JSON reply thread 2 (25828/~219292)
[youtube] Downloading comment API JSON page 880 (25834/~219292)
[youtube] Downloading comment API JSON page 881 (25854/~219292)
[youtube] Downloading comment API JSON page 882 (25874/~219292)
[youtube]     Downloading comment API JSON reply thread 1 (25890/~219292)
[youtube] Downloading comment API JSON page 883 (25896/~219292)
[youtube]     Downloading comment API JSON reply thread 1 (25903/~219292)
[youtube]     Downloading comment API JSON reply thread 2 (25906/~219292)
[youtube]     Downloading comment API JSON reply thread 3 (25909/~219292)
[youtube]     Downloading comment API JSON reply thread 4 (25918/~219292)
[youtube]     Downloading comment API JSON reply thread 5 (25920/~219292)
[youtube] Downloading comment API JSON page 884 (25926/~219292)
[youtube]     Downloading comment API JSON reply thread 1 (25929/~219292)
[youtube]     Downloading comment API JSON reply thread 2 (25940/~219292)
[youtube] Downloading comment API JSON page 885 (25950/~219292)
[youtube]     Downloading comment API JSON reply thread 1 (25952/~219292)
[youtube]     Downloading comment API JSON reply thread 2 (25957/~219292)
[youtube]     Downloading comment API JSON reply thread 3 (25963/~219292)
[youtube]     Downloading comment API JSON reply thread 4 (25969/~219292)
[youtube] Downloading comment API JSON page 886 (25974/~219292)
[youtube]     Downloading comment API JSON reply thread 1 (25987/~219292)
[youtube] Downloading comment API JSON page 887 (25995/~219292)
[youtube]     Downloading comment API JSON reply thread 1 (26006/~219292)
[youtube]     Downloading comment API JSON reply thread 2 (26018/~219292)
[youtube] Downloading comment API JSON page 888 (26020/~219292)
[youtube]     Downloading comment API JSON reply thread 1 (26024/~219292)
[youtube]     Downloading comment API JSON reply thread 2 (26031/~219292)
[youtube]     Downloading comment API JSON reply thread 3 (26041/~219292)
[youtube] Downloading comment API JSON page 889 (26044/~219292)
[youtube]     Downloading comment API JSON reply thread 1 (26046/~219292)
[youtube] Downloading comment API JSON page 890 (26065/~219292)
[youtube]     Downloading comment API JSON reply thread 1 (26066/~219292)
[youtube]     Downloading comment API JSON reply thread 2 (26077/~219292)
[youtube] Downloading comment API JSON page 891 (26088/~219292)
[youtube]     Downloading comment API JSON reply thread 1 (26089/~219292)
[youtube]     Downloading comment API JSON reply thread 2 (26091/~219292)
[youtube]     Downloading comment API JSON reply thread 3 (26102/~219292)
[youtube]     Downloading comment API JSON reply thread 4 (26112/~219292)
[youtube] Downloading comment API JSON page 892 (26115/~219292)
[youtube]     Downloading comment API JSON reply thread 1 (26135/~219292)
WARNING: [youtube] Incomplete data received. Retrying (1/10)...
[youtube]     Downloading comment API JSON reply thread 1 (26135/~219292)
WARNING: [youtube] Incomplete data received. Retrying (2/10)...
[youtube]     Downloading comment API JSON reply thread 1 (26135/~219292)
WARNING: [youtube] Incomplete data received. Retrying (3/10)...
[youtube]     Downloading comment API JSON reply thread 1 (26135/~219292)
WARNING: [youtube] Incomplete data received. Retrying (4/10)...
[youtube]     Downloading comment API JSON reply thread 1 (26135/~219292)
WARNING: [youtube] Incomplete data received. Retrying (5/10)...
[youtube]     Downloading comment API JSON reply thread 1 (26135/~219292)
WARNING: [youtube] Incomplete data received. Retrying (6/10)...
[youtube]     Downloading comment API JSON reply thread 1 (26135/~219292)
WARNING: [youtube] Incomplete data received. Retrying (7/10)...
[youtube]     Downloading comment API JSON reply thread 1 (26135/~219292)
WARNING: [youtube] Incomplete data received. Retrying (8/10)...
[youtube]     Downloading comment API JSON reply thread 1 (26135/~219292)
WARNING: [youtube] Incomplete data received. Retrying (9/10)...
[youtube]     Downloading comment API JSON reply thread 1 (26135/~219292)
WARNING: [youtube] Incomplete data received. Retrying (10/10)...
[youtube]     Downloading comment API JSON reply thread 1 (26135/~219292)
WARNING: [youtube] Incomplete data received. Giving up after 10 retries
[youtube] Downloading comment API JSON page 893 (26135/~219292)
[youtube]     Downloading comment API JSON reply thread 1 (26139/~219292)
[youtube]     Downloading comment API JSON reply thread 2 (26150/~219292)
[youtube]        Downloading comment replies API JSON page 1 (26160/~219292)
[youtube]        Downloading comment replies API JSON page 2 (26170/~219292)
[youtube]        Downloading comment replies API JSON page 3 (26180/~219292)
[youtube]     Downloading comment API JSON reply thread 3 (26184/~219292)
[youtube]     Downloading comment API JSON reply thread 4 (26187/~219292)
[youtube]     Downloading comment API JSON reply thread 5 (26195/~219292)
[youtube]     Downloading comment API JSON reply thread 6 (26199/~219292)
[youtube]     Downloading comment API JSON reply thread 7 (26202/~219292)
[youtube] Downloading comment API JSON page 894 (26204/~219292)
[youtube]     Downloading comment API JSON reply thread 1 (26207/~219292)
[youtube]     Downloading comment API JSON reply thread 2 (26215/~219292)
[youtube]     Downloading comment API JSON reply thread 3 (26220/~219292)
[youtube] Downloading comment API JSON page 895 (26229/~219292)
[youtube]     Downloading comment API JSON reply thread 1 (26237/~219292)
[youtube]     Downloading comment API JSON reply thread 2 (26244/~219292)
[youtube]     Downloading comment API JSON reply thread 3 (26247/~219292)
[youtube]     Downloading comment API JSON reply thread 4 (26250/~219292)
[youtube]     Downloading comment API JSON reply thread 5 (26254/~219292)
[youtube] Downloading comment API JSON page 896 (26259/~219292)
[youtube]     Downloading comment API JSON reply thread 1 (26263/~219292)
[youtube]     Downloading comment API JSON reply thread 2 (26270/~219292)
[youtube]     Downloading comment API JSON reply thread 3 (26278/~219292)
[youtube] Downloading comment API JSON page 897 (26282/~219292)
[youtube]     Downloading comment API JSON reply thread 1 (26295/~219292)
[youtube]     Downloading comment API JSON reply thread 2 (26301/~219292)
[youtube] Downloading comment API JSON page 898 (26306/~219292)
[youtube]     Downloading comment API JSON reply thread 1 (26318/~219292)
[youtube]     Downloading comment API JSON reply thread 2 (26326/~219292)
[youtube] Downloading comment API JSON page 899 (26328/~219292)
[youtube]     Downloading comment API JSON reply thread 1 (26339/~219292)
[youtube]     Downloading comment API JSON reply thread 2 (26350/~219292)
[youtube]     Downloading comment API JSON reply thread 3 (26360/~219292)
[youtube]     Downloading comment API JSON reply thread 4 (26364/~219292)
[youtube] Downloading comment API JSON page 900 (26370/~219292)
[youtube]     Downloading comment API JSON reply thread 1 (26377/~219292)
[youtube]     Downloading comment API JSON reply thread 2 (26387/~219292)
[youtube] Downloading comment API JSON page 901 (26398/~219292)
[youtube]     Downloading comment API JSON reply thread 1 (26412/~219292)
[youtube]     Downloading comment API JSON reply thread 2 (26414/~219292)
[youtube] Downloading comment API JSON page 902 (26423/~219292)
[youtube]     Downloading comment API JSON reply thread 1 (26429/~219292)
[youtube]     Downloading comment API JSON reply thread 2 (26431/~219292)
[youtube]     Downloading comment API JSON reply thread 3 (26437/~219292)
[youtube]     Downloading comment API JSON reply thread 4 (26445/~219292)
[youtube] Downloading comment API JSON page 903 (26450/~219292)
[youtube]     Downloading comment API JSON reply thread 1 (26452/~219292)
[youtube]     Downloading comment API JSON reply thread 2 (26460/~219292)
[youtube] Downloading comment API JSON page 904 (26473/~219292)
[youtube]     Downloading comment API JSON reply thread 1 (26482/~219292)
[youtube]     Downloading comment API JSON reply thread 2 (26492/~219292)
[youtube]     Downloading comment API JSON reply thread 3 (26494/~219292)
[youtube]        Downloading comment replies API JSON page 1 (26504/~219292)
[youtube]        Downloading comment replies API JSON page 2 (26514/~219292)
[youtube]        Downloading comment replies API JSON page 3 (26526/~219292)
[youtube]        Downloading comment replies API JSON page 4 (26536/~219292)
[youtube]        Downloading comment replies API JSON page 5 (26548/~219292)
[youtube]        Downloading comment replies API JSON page 6 (26558/~219292)
[youtube]        Downloading comment replies API JSON page 7 (26568/~219292)
[youtube]        Downloading comment replies API JSON page 8 (26579/~219292)
[youtube]        Downloading comment replies API JSON page 9 (26589/~219292)
[youtube] Downloading comment API JSON page 905 (26599/~219292)
[youtube]     Downloading comment API JSON reply thread 1 (26612/~219292)
[youtube] Downloading comment API JSON page 906 (26622/~219292)
[youtube]     Downloading comment API JSON reply thread 1 (26631/~219292)
[youtube]     Downloading comment API JSON reply thread 2 (26641/~219292)
[youtube]     Downloading comment API JSON reply thread 3 (26644/~219292)
[youtube] Downloading comment API JSON page 907 (26646/~219292)
[youtube]     Downloading comment API JSON reply thread 1 (26649/~219292)
[youtube]     Downloading comment API JSON reply thread 2 (26652/~219292)
[youtube]        Downloading comment replies API JSON page 1 (26662/~219292)
[youtube]     Downloading comment API JSON reply thread 3 (26691/~219292)
[youtube]     Downloading comment API JSON reply thread 4 (26693/~219292)
[youtube]     Downloading comment API JSON reply thread 5 (26695/~219292)
[youtube] Downloading comment API JSON page 908 (26697/~219292)
[youtube] Downloading comment API JSON page 909 (26717/~219292)
[youtube]     Downloading comment API JSON reply thread 1 (26720/~219292)
[youtube]     Downloading comment API JSON reply thread 2 (26725/~219292)
[youtube]     Downloading comment API JSON reply thread 3 (26728/~219292)
[youtube]     Downloading comment API JSON reply thread 4 (26737/~219292)
[youtube] Downloading comment API JSON page 910 (26742/~219292)
[youtube]     Downloading comment API JSON reply thread 1 (26755/~219292)
[youtube]     Downloading comment API JSON reply thread 2 (26761/~219292)
[youtube]     Downloading comment API JSON reply thread 3 (26764/~219292)
[youtube]     Downloading comment API JSON reply thread 4 (26766/~219292)
[youtube] Downloading comment API JSON page 911 (26768/~219292)
[youtube]     Downloading comment API JSON reply thread 1 (26776/~219292)
[youtube]     Downloading comment API JSON reply thread 2 (26789/~219292)
[youtube] Downloading comment API JSON page 912 (26790/~219292)
[youtube]     Downloading comment API JSON reply thread 1 (26795/~219292)
[youtube]     Downloading comment API JSON reply thread 2 (26810/~219292)
[youtube] Downloading comment API JSON page 913 (26814/~219292)
[youtube]     Downloading comment API JSON reply thread 1 (26815/~219292)
[youtube]     Downloading comment API JSON reply thread 2 (26820/~219292)
[youtube]     Downloading comment API JSON reply thread 3 (26831/~219292)
[youtube]     Downloading comment API JSON reply thread 4 (26833/~219292)
[youtube]     Downloading comment API JSON reply thread 5 (26840/~219292)
[youtube] Downloading comment API JSON page 914 (26845/~219292)
[youtube]     Downloading comment API JSON reply thread 1 (26851/~219292)
[youtube]     Downloading comment API JSON reply thread 2 (26863/~219292)
[youtube]     Downloading comment API JSON reply thread 3 (26866/~219292)
[youtube] Downloading comment API JSON page 915 (26870/~219292)
[youtube]     Downloading comment API JSON reply thread 1 (26872/~219292)
[youtube]     Downloading comment API JSON reply thread 2 (26875/~219292)
[youtube]     Downloading comment API JSON reply thread 3 (26880/~219292)
[youtube]     Downloading comment API JSON reply thread 4 (26885/~219292)
[youtube] Downloading comment API JSON page 916 (26894/~219292)
[youtube]     Downloading comment API JSON reply thread 1 (26896/~219292)
[youtube]     Downloading comment API JSON reply thread 2 (26901/~219292)
[youtube]     Downloading comment API JSON reply thread 3 (26912/~219292)
[youtube]     Downloading comment API JSON reply thread 4 (26916/~219292)
[youtube] Downloading comment API JSON page 917 (26920/~219292)
[youtube]     Downloading comment API JSON reply thread 1 (26928/~219292)
[youtube]     Downloading comment API JSON reply thread 2 (26931/~219292)
[youtube]     Downloading comment API JSON reply thread 3 (26933/~219292)
[youtube]     Downloading comment API JSON reply thread 4 (26938/~219292)
[youtube]     Downloading comment API JSON reply thread 5 (26945/~219292)
[youtube]     Downloading comment API JSON reply thread 6 (26951/~219292)
[youtube]        Downloading comment replies API JSON page 1 (26961/~219292)
[youtube]     Downloading comment API JSON reply thread 7 (26968/~219292)
[youtube] Downloading comment API JSON page 918 (26972/~219292)
[youtube]     Downloading comment API JSON reply thread 1 (26983/~219292)
[youtube] Downloading comment API JSON page 919 (26993/~219292)
[youtube]     Downloading comment API JSON reply thread 1 (26996/~219292)
[youtube]     Downloading comment API JSON reply thread 2 (27005/~219292)
[youtube] Downloading comment API JSON page 920 (27015/~219292)
[youtube]     Downloading comment API JSON reply thread 1 (27018/~219292)
[youtube]     Downloading comment API JSON reply thread 2 (27021/~219292)
[youtube]     Downloading comment API JSON reply thread 3 (27028/~219292)
[youtube]     Downloading comment API JSON reply thread 4 (27034/~219292)
[youtube] Downloading comment API JSON page 921 (27047/~219292)
[youtube]     Downloading comment API JSON reply thread 1 (27050/~219292)
[youtube]     Downloading comment API JSON reply thread 2 (27057/~219292)
[youtube]     Downloading comment API JSON reply thread 3 (27059/~219292)
[youtube]     Downloading comment API JSON reply thread 4 (27068/~219292)
[youtube] Downloading comment API JSON page 922 (27072/~219292)
[youtube]     Downloading comment API JSON reply thread 1 (27073/~219292)
[youtube]     Downloading comment API JSON reply thread 2 (27075/~219292)
[youtube]     Downloading comment API JSON reply thread 3 (27083/~219292)
[youtube]     Downloading comment API JSON reply thread 4 (27089/~219292)
[youtube] Downloading comment API JSON page 923 (27096/~219292)
[youtube]     Downloading comment API JSON reply thread 1 (27099/~219292)
[youtube]     Downloading comment API JSON reply thread 2 (27113/~219292)
WARNING: [youtube] Incomplete data received. Retrying (1/10)...
[youtube]     Downloading comment API JSON reply thread 2 (27113/~219292)
WARNING: [youtube] Incomplete data received. Retrying (2/10)...
[youtube]     Downloading comment API JSON reply thread 2 (27113/~219292)
WARNING: [youtube] Incomplete data received. Retrying (3/10)...
[youtube]     Downloading comment API JSON reply thread 2 (27113/~219292)
WARNING: [youtube] Incomplete data received. Retrying (4/10)...
[youtube]     Downloading comment API JSON reply thread 2 (27113/~219292)
WARNING: [youtube] Incomplete data received. Retrying (5/10)...
[youtube]     Downloading comment API JSON reply thread 2 (27113/~219292)
WARNING: [youtube] Incomplete data received. Retrying (6/10)...
[youtube]     Downloading comment API JSON reply thread 2 (27113/~219292)
WARNING: [youtube] Incomplete data received. Retrying (7/10)...
[youtube]     Downloading comment API JSON reply thread 2 (27113/~219292)
WARNING: [youtube] Incomplete data received. Retrying (8/10)...
[youtube]     Downloading comment API JSON reply thread 2 (27113/~219292)
WARNING: [youtube] Incomplete data received. Retrying (9/10)...
[youtube]     Downloading comment API JSON reply thread 2 (27113/~219292)
WARNING: [youtube] Incomplete data received. Retrying (10/10)...
[youtube]     Downloading comment API JSON reply thread 2 (27113/~219292)
WARNING: [youtube] Incomplete data received. Giving up after 10 retries
[youtube]     Downloading comment API JSON reply thread 3 (27117/~219292)
[youtube] Downloading comment API JSON page 924 (27118/~219292)
[youtube]     Downloading comment API JSON reply thread 1 (27122/~219292)
[youtube]     Downloading comment API JSON reply thread 2 (27126/~219292)
[youtube]     Downloading comment API JSON reply thread 3 (27130/~219292)
[youtube]     Downloading comment API JSON reply thread 4 (27134/~219292)
[youtube]     Downloading comment API JSON reply thread 5 (27140/~219292)
[youtube] Downloading comment API JSON page 925 (27144/~219292)
[youtube]     Downloading comment API JSON reply thread 1 (27145/~219292)
[youtube]     Downloading comment API JSON reply thread 2 (27147/~219292)
[youtube]     Downloading comment API JSON reply thread 3 (27160/~219292)
[youtube]     Downloading comment API JSON reply thread 4 (27162/~219292)
[youtube]     Downloading comment API JSON reply thread 5 (27167/~219292)
[youtube] Downloading comment API JSON page 926 (27171/~219292)
[youtube]     Downloading comment API JSON reply thread 1 (27175/~219292)
[youtube]     Downloading comment API JSON reply thread 2 (27181/~219292)
[youtube]     Downloading comment API JSON reply thread 3 (27186/~219292)
[youtube]     Downloading comment API JSON reply thread 4 (27191/~219292)
[youtube] Downloading comment API JSON page 927 (27198/~219292)
[youtube]     Downloading comment API JSON reply thread 1 (27211/~219292)
[youtube]     Downloading comment API JSON reply thread 2 (27219/~219292)
[youtube] Downloading comment API JSON page 928 (27220/~219292)
[youtube]     Downloading comment API JSON reply thread 1 (27221/~219292)
[youtube]     Downloading comment API JSON reply thread 2 (27233/~219292)
[youtube]     Downloading comment API JSON reply thread 3 (27239/~219292)
[youtube]     Downloading comment API JSON reply thread 4 (27242/~219292)
[youtube]        Downloading comment replies API JSON page 1 (27247/~219292)
[youtube]     Downloading comment API JSON reply thread 5 (27255/~219292)
[youtube]     Downloading comment API JSON reply thread 6 (27260/~219292)
[youtube]     Downloading comment API JSON reply thread 7 (27262/~219292)
[youtube] Downloading comment API JSON page 929 (27263/~219292)
[youtube]     Downloading comment API JSON reply thread 1 (27274/~219292)
[youtube] Downloading comment API JSON page 930 (27286/~219292)
[youtube]     Downloading comment API JSON reply thread 1 (27297/~219292)
[youtube]     Downloading comment API JSON reply thread 2 (27299/~219292)
[youtube] Downloading comment API JSON page 931 (27308/~219292)
[youtube]     Downloading comment API JSON reply thread 1 (27312/~219292)
[youtube]     Downloading comment API JSON reply thread 2 (27315/~219292)
[youtube]     Downloading comment API JSON reply thread 3 (27318/~219292)
[youtube]     Downloading comment API JSON reply thread 4 (27320/~219292)
[youtube]     Downloading comment API JSON reply thread 5 (27325/~219292)
WARNING: [youtube] Incomplete data received. Retrying (1/10)...
[youtube]     Downloading comment API JSON reply thread 5 (27325/~219292)
WARNING: [youtube] Incomplete data received. Retrying (2/10)...
[youtube]     Downloading comment API JSON reply thread 5 (27325/~219292)
WARNING: [youtube] Incomplete data received. Retrying (3/10)...
[youtube]     Downloading comment API JSON reply thread 5 (27325/~219292)
WARNING: [youtube] Incomplete data received. Retrying (4/10)...
[youtube]     Downloading comment API JSON reply thread 5 (27325/~219292)
WARNING: [youtube] Incomplete data received. Retrying (5/10)...
[youtube]     Downloading comment API JSON reply thread 5 (27325/~219292)
WARNING: [youtube] Incomplete data received. Retrying (6/10)...
[youtube]     Downloading comment API JSON reply thread 5 (27325/~219292)
WARNING: [youtube] Incomplete data received. Retrying (7/10)...
[youtube]     Downloading comment API JSON reply thread 5 (27325/~219292)
WARNING: [youtube] Incomplete data received. Retrying (8/10)...
[youtube]     Downloading comment API JSON reply thread 5 (27325/~219292)
WARNING: [youtube] Incomplete data received. Retrying (9/10)...
[youtube]     Downloading comment API JSON reply thread 5 (27325/~219292)
WARNING: [youtube] Incomplete data received. Retrying (10/10)...
[youtube]     Downloading comment API JSON reply thread 5 (27325/~219292)
WARNING: [youtube] Incomplete data received. Giving up after 10 retries
[youtube]     Downloading comment API JSON reply thread 6 (27328/~219292)
[youtube]     Downloading comment API JSON reply thread 7 (27333/~219292)
[youtube]     Downloading comment API JSON reply thread 8 (27335/~219292)
[youtube] Downloading comment API JSON page 932 (27336/~219292)
[youtube]     Downloading comment API JSON reply thread 1 (27338/~219292)
[youtube]     Downloading comment API JSON reply thread 2 (27340/~219292)
[youtube]     Downloading comment API JSON reply thread 3 (27345/~219292)
[youtube]     Downloading comment API JSON reply thread 4 (27348/~219292)
[youtube]     Downloading comment API JSON reply thread 5 (27353/~219292)
[youtube]     Downloading comment API JSON reply thread 6 (27357/~219292)
[youtube]     Downloading comment API JSON reply thread 7 (27359/~219292)
[youtube]     Downloading comment API JSON reply thread 8 (27362/~219292)
[youtube] Downloading comment API JSON page 933 (27364/~219292)
[youtube]     Downloading comment API JSON reply thread 1 (27384/~219292)
[youtube] Downloading comment API JSON page 934 (27385/~219292)
[youtube]     Downloading comment API JSON reply thread 1 (27387/~219292)
[youtube]     Downloading comment API JSON reply thread 2 (27390/~219292)
[youtube]     Downloading comment API JSON reply thread 3 (27398/~219292)
[youtube]     Downloading comment API JSON reply thread 4 (27401/~219292)
[youtube] Downloading comment API JSON page 935 (27411/~219292)
[youtube]     Downloading comment API JSON reply thread 1 (27424/~219292)
[youtube]     Downloading comment API JSON reply thread 2 (27426/~219292)
[youtube]     Downloading comment API JSON reply thread 3 (27431/~219292)
[youtube]     Downloading comment API JSON reply thread 4 (27434/~219292)
[youtube] Downloading comment API JSON page 936 (27435/~219292)
[youtube]     Downloading comment API JSON reply thread 1 (27436/~219292)
WARNING: [youtube] Incomplete data received. Retrying (1/10)...
[youtube]     Downloading comment API JSON reply thread 1 (27436/~219292)
WARNING: [youtube] Incomplete data received. Retrying (2/10)...
[youtube]     Downloading comment API JSON reply thread 1 (27436/~219292)
WARNING: [youtube] Incomplete data received. Retrying (3/10)...
[youtube]     Downloading comment API JSON reply thread 1 (27436/~219292)
WARNING: [youtube] Incomplete data received. Retrying (4/10)...
[youtube]     Downloading comment API JSON reply thread 1 (27436/~219292)
WARNING: [youtube] Incomplete data received. Retrying (5/10)...
[youtube]     Downloading comment API JSON reply thread 1 (27436/~219292)
WARNING: [youtube] Incomplete data received. Retrying (6/10)...
[youtube]     Downloading comment API JSON reply thread 1 (27436/~219292)
WARNING: [youtube] Incomplete data received. Retrying (7/10)...
[youtube]     Downloading comment API JSON reply thread 1 (27436/~219292)
WARNING: [youtube] Incomplete data received. Retrying (8/10)...
[youtube]     Downloading comment API JSON reply thread 1 (27436/~219292)
WARNING: [youtube] Incomplete data received. Retrying (9/10)...
[youtube]     Downloading comment API JSON reply thread 1 (27436/~219292)
WARNING: [youtube] Incomplete data received. Retrying (10/10)...
[youtube]     Downloading comment API JSON reply thread 1 (27436/~219292)
WARNING: [youtube] Incomplete data received. Giving up after 10 retries
[youtube]     Downloading comment API JSON reply thread 2 (27437/~219292)
[youtube]     Downloading comment API JSON reply thread 3 (27442/~219292)
[youtube]     Downloading comment API JSON reply thread 4 (27447/~219292)
[youtube]     Downloading comment API JSON reply thread 5 (27449/~219292)
[youtube] Downloading comment API JSON page 937 (27462/~219292)
[youtube]     Downloading comment API JSON reply thread 1 (27464/~219292)
[youtube]     Downloading comment API JSON reply thread 2 (27468/~219292)
[youtube]     Downloading comment API JSON reply thread 3 (27476/~219292)
[youtube]     Downloading comment API JSON reply thread 4 (27487/~219292)
[youtube]     Downloading comment API JSON reply thread 5 (27494/~219292)
[youtube] Downloading comment API JSON page 938 (27495/~219292)
[youtube]     Downloading comment API JSON reply thread 1 (27498/~219292)
[youtube]     Downloading comment API JSON reply thread 2 (27503/~219292)
[youtube]     Downloading comment API JSON reply thread 3 (27506/~219292)
[youtube]     Downloading comment API JSON reply thread 4 (27508/~219292)
[youtube]     Downloading comment API JSON reply thread 5 (27514/~219292)
[youtube]     Downloading comment API JSON reply thread 6 (27517/~219292)
[youtube]     Downloading comment API JSON reply thread 7 (27519/~219292)
[youtube]     Downloading comment API JSON reply thread 8 (27524/~219292)
[youtube] Downloading comment API JSON page 939 (27525/~219292)
[youtube]     Downloading comment API JSON reply thread 1 (27532/~219292)
[youtube]     Downloading comment API JSON reply thread 2 (27534/~219292)
[youtube]     Downloading comment API JSON reply thread 3 (27536/~219292)
[youtube]     Downloading comment API JSON reply thread 4 (27539/~219292)
[youtube]     Downloading comment API JSON reply thread 5 (27545/~219292)
[youtube]     Downloading comment API JSON reply thread 6 (27547/~219292)
[youtube]     Downloading comment API JSON reply thread 7 (27549/~219292)
[youtube]     Downloading comment API JSON reply thread 8 (27553/~219292)
[youtube]     Downloading comment API JSON reply thread 9 (27555/~219292)
[youtube] Downloading comment API JSON page 940 (27556/~219292)
[youtube]     Downloading comment API JSON reply thread 1 (27558/~219292)
[youtube]     Downloading comment API JSON reply thread 2 (27560/~219292)
[youtube]     Downloading comment API JSON reply thread 3 (27564/~219292)
[youtube]     Downloading comment API JSON reply thread 4 (27574/~219292)
[youtube] Downloading comment API JSON page 941 (27580/~219292)
[youtube]     Downloading comment API JSON reply thread 1 (27592/~219292)
[youtube]     Downloading comment API JSON reply thread 2 (27594/~219292)
[youtube]     Downloading comment API JSON reply thread 3 (27598/~219292)
[youtube]     Downloading comment API JSON reply thread 4 (27601/~219292)
[youtube] Downloading comment API JSON page 942 (27606/~219292)
[youtube]     Downloading comment API JSON reply thread 1 (27607/~219292)
[youtube]     Downloading comment API JSON reply thread 2 (27609/~219292)
[youtube]     Downloading comment API JSON reply thread 3 (27611/~219292)
[youtube]     Downloading comment API JSON reply thread 4 (27613/~219292)
[youtube]     Downloading comment API JSON reply thread 5 (27616/~219292)
[youtube]     Downloading comment API JSON reply thread 6 (27621/~219292)
[youtube]     Downloading comment API JSON reply thread 7 (27629/~219292)
[youtube]     Downloading comment API JSON reply thread 8 (27631/~219292)
[youtube]     Downloading comment API JSON reply thread 9 (27633/~219292)
[youtube] Downloading comment API JSON page 943 (27637/~219292)
[youtube]     Downloading comment API JSON reply thread 1 (27638/~219292)
[youtube]     Downloading comment API JSON reply thread 2 (27645/~219292)
[youtube]     Downloading comment API JSON reply thread 3 (27647/~219292)
[youtube]     Downloading comment API JSON reply thread 4 (27649/~219292)
[youtube]     Downloading comment API JSON reply thread 5 (27655/~219292)
[youtube]     Downloading comment API JSON reply thread 6 (27658/~219292)
[youtube]     Downloading comment API JSON reply thread 7 (27660/~219292)
[youtube]     Downloading comment API JSON reply thread 8 (27663/~219292)
[youtube]     Downloading comment API JSON reply thread 9 (27667/~219292)
[youtube] Downloading comment API JSON page 944 (27669/~219292)
[youtube]     Downloading comment API JSON reply thread 1 (27671/~219292)
[youtube]     Downloading comment API JSON reply thread 2 (27673/~219292)
[youtube]     Downloading comment API JSON reply thread 3 (27675/~219292)
[youtube]     Downloading comment API JSON reply thread 4 (27679/~219292)
[youtube]     Downloading comment API JSON reply thread 5 (27689/~219292)
[youtube] Downloading comment API JSON page 945 (27694/~219292)
[youtube]     Downloading comment API JSON reply thread 1 (27696/~219292)
[youtube]     Downloading comment API JSON reply thread 2 (27698/~219292)
[youtube]     Downloading comment API JSON reply thread 3 (27701/~219292)
[youtube]     Downloading comment API JSON reply thread 4 (27704/~219292)
[youtube]     Downloading comment API JSON reply thread 5 (27706/~219292)
[youtube]     Downloading comment API JSON reply thread 6 (27716/~219292)
[youtube]     Downloading comment API JSON reply thread 7 (27720/~219292)
[youtube] Downloading comment API JSON page 946 (27722/~219292)
[youtube]     Downloading comment API JSON reply thread 1 (27726/~219292)
[youtube]     Downloading comment API JSON reply thread 2 (27731/~219292)
[youtube]     Downloading comment API JSON reply thread 3 (27733/~219292)
[youtube]     Downloading comment API JSON reply thread 4 (27738/~219292)
[youtube]     Downloading comment API JSON reply thread 5 (27746/~219292)
[youtube]     Downloading comment API JSON reply thread 6 (27751/~219292)
[youtube] Downloading comment API JSON page 947 (27752/~219292)
[youtube]     Downloading comment API JSON reply thread 1 (27754/~219292)
[youtube]     Downloading comment API JSON reply thread 2 (27757/~219292)
[youtube]     Downloading comment API JSON reply thread 3 (27764/~219292)
[youtube]     Downloading comment API JSON reply thread 4 (27767/~219292)
[youtube]     Downloading comment API JSON reply thread 5 (27770/~219292)
[youtube]     Downloading comment API JSON reply thread 6 (27779/~219292)
[youtube] Downloading comment API JSON page 948 (27784/~219292)
[youtube]     Downloading comment API JSON reply thread 1 (27785/~219292)
[youtube]     Downloading comment API JSON reply thread 2 (27801/~219292)
[youtube]     Downloading comment API JSON reply thread 3 (27805/~219292)
[youtube]     Downloading comment API JSON reply thread 4 (27807/~219292)
[youtube]        Downloading comment replies API JSON page 1 (27816/~219292)
[youtube]        Downloading comment replies API JSON page 2 (27826/~219292)
[youtube]     Downloading comment API JSON reply thread 5 (27828/~219292)
[youtube]        Downloading comment replies API JSON page 3 (27840/~219292)
[youtube]     Downloading comment API JSON reply thread 6 (27850/~219292)
[youtube]     Downloading comment API JSON reply thread 7 (27852/~219292)
[youtube] Downloading comment API JSON page 949 (27860/~219292)
[youtube]     Downloading comment API JSON reply thread 1 (27867/~219292)
[youtube]     Downloading comment API JSON reply thread 2 (27871/~219292)
[youtube]     Downloading comment API JSON reply thread 3 (27875/~219292)
[youtube]     Downloading comment API JSON reply thread 4 (27880/~219292)
[youtube] Downloading comment API JSON page 950 (27884/~219292)
[youtube]     Downloading comment API JSON reply thread 1 (27901/~219292)
[youtube] Downloading comment API JSON page 951 (27906/~219292)
[youtube]     Downloading comment API JSON reply thread 1 (27909/~219292)
[youtube]     Downloading comment API JSON reply thread 2 (27917/~219292)
[youtube]     Downloading comment API JSON reply thread 3 (27921/~219292)
[youtube]     Downloading comment API JSON reply thread 4 (27927/~219292)
[youtube] Downloading comment API JSON page 952 (27934/~219292)
[youtube]     Downloading comment API JSON reply thread 1 (27936/~219292)
[youtube]     Downloading comment API JSON reply thread 2 (27940/~219292)
[youtube]     Downloading comment API JSON reply thread 3 (27947/~219292)
[youtube]     Downloading comment API JSON reply thread 4 (27955/~219292)
[youtube]     Downloading comment API JSON reply thread 5 (27959/~219292)
[youtube]     Downloading comment API JSON reply thread 6 (27961/~219292)
[youtube]     Downloading comment API JSON reply thread 7 (27964/~219292)
[youtube] Downloading comment API JSON page 953 (27965/~219292)
[youtube]     Downloading comment API JSON reply thread 1 (27969/~219292)
[youtube]     Downloading comment API JSON reply thread 2 (27973/~219292)
[youtube]     Downloading comment API JSON reply thread 3 (27979/~219292)
[youtube]     Downloading comment API JSON reply thread 4 (27982/~219292)
[youtube]     Downloading comment API JSON reply thread 5 (27985/~219292)
[youtube]     Downloading comment API JSON reply thread 6 (27988/~219292)
[youtube]     Downloading comment API JSON reply thread 7 (27994/~219292)
[youtube] Downloading comment API JSON page 954 (27995/~219292)
[youtube]     Downloading comment API JSON reply thread 1 (27997/~219292)
[youtube]     Downloading comment API JSON reply thread 2 (28003/~219292)
[youtube]     Downloading comment API JSON reply thread 3 (28014/~219292)
[youtube] Downloading comment API JSON page 955 (28021/~219292)
[youtube]     Downloading comment API JSON reply thread 1 (28029/~219292)
[youtube]     Downloading comment API JSON reply thread 2 (28031/~219292)
[youtube]     Downloading comment API JSON reply thread 3 (28036/~219292)
[youtube]     Downloading comment API JSON reply thread 4 (28046/~219292)
[youtube] Downloading comment API JSON page 956 (28047/~219292)
[youtube]     Downloading comment API JSON reply thread 1 (28054/~219292)
[youtube]     Downloading comment API JSON reply thread 2 (28060/~219292)
[youtube]     Downloading comment API JSON reply thread 3 (28063/~219292)
[youtube] Downloading comment API JSON page 957 (28071/~219292)
[youtube]     Downloading comment API JSON reply thread 1 (28075/~219292)
[youtube]     Downloading comment API JSON reply thread 2 (28086/~219292)
[youtube] Downloading comment API JSON page 958 (28095/~219292)
[youtube]     Downloading comment API JSON reply thread 1 (28102/~219292)
[youtube]     Downloading comment API JSON reply thread 2 (28114/~219292)
[youtube]     Downloading comment API JSON reply thread 3 (28118/~219292)
[youtube] Downloading comment API JSON page 959 (28120/~219292)
[youtube]     Downloading comment API JSON reply thread 1 (28121/~219292)
[youtube]     Downloading comment API JSON reply thread 2 (28129/~219292)
[youtube]     Downloading comment API JSON reply thread 3 (28131/~219292)
[youtube]     Downloading comment API JSON reply thread 4 (28141/~219292)
[youtube]     Downloading comment API JSON reply thread 5 (28143/~219292)
[youtube]     Downloading comment API JSON reply thread 6 (28145/~219292)
[youtube] Downloading comment API JSON page 960 (28148/~219292)
[youtube]     Downloading comment API JSON reply thread 1 (28151/~219292)
^[[B^[[A^[[C^[[D[youtube]     Downloading comment API JSON reply thread 2 (28154/~219292)
WARNING: [youtube] Incomplete data received. Retrying (1/10)...
[youtube]     Downloading comment API JSON reply thread 2 (28154/~219292)
WARNING: [youtube] Incomplete data received. Retrying (2/10)...
[youtube]     Downloading comment API JSON reply thread 2 (28154/~219292)
WARNING: [youtube] Incomplete data received. Retrying (3/10)...
[youtube]     Downloading comment API JSON reply thread 2 (28154/~219292)
WARNING: [youtube] Incomplete data received. Retrying (4/10)...
[youtube]     Downloading comment API JSON reply thread 2 (28154/~219292)
WARNING: [youtube] Incomplete data received. Retrying (5/10)...
[youtube]     Downloading comment API JSON reply thread 2 (28154/~219292)
WARNING: [youtube] Incomplete data received. Retrying (6/10)...
[youtube]     Downloading comment API JSON reply thread 2 (28154/~219292)
WARNING: [youtube] Incomplete data received. Retrying (7/10)...
[youtube]     Downloading comment API JSON reply thread 2 (28154/~219292)
WARNING: [youtube] Incomplete data received. Retrying (8/10)...
[youtube]     Downloading comment API JSON reply thread 2 (28154/~219292)
WARNING: [youtube] Incomplete data received. Retrying (9/10)...
[youtube]     Downloading comment API JSON reply thread 2 (28154/~219292)
WARNING: [youtube] Incomplete data received. Retrying (10/10)...
[youtube]     Downloading comment API JSON reply thread 2 (28154/~219292)
WARNING: [youtube] Incomplete data received. Giving up after 10 retries
[youtube]     Downloading comment API JSON reply thread 3 (28158/~219292)
[youtube]     Downloading comment API JSON reply thread 4 (28171/~219292)
[youtube] Downloading comment API JSON page 961 (28175/~219292)
[youtube]     Downloading comment API JSON reply thread 1 (28177/~219292)
[youtube]     Downloading comment API JSON reply thread 2 (28179/~219292)
[youtube]     Downloading comment API JSON reply thread 3 (28185/~219292)
[youtube]        Downloading comment replies API JSON page 1 (28195/~219292)
[youtube]        Downloading comment replies API JSON page 2 (28205/~219292)
[youtube]     Downloading comment API JSON reply thread 4 (28208/~219292)
[youtube]     Downloading comment API JSON reply thread 5 (28212/~219292)
[youtube] Downloading comment API JSON page 962 (28222/~219292)
[youtube]     Downloading comment API JSON reply thread 1 (28235/~219292)
[youtube] Downloading comment API JSON page 963 (28243/~219292)
[youtube]     Downloading comment API JSON reply thread 1 (28250/~219292)
[youtube]     Downloading comment API JSON reply thread 2 (28254/~219292)
[youtube]     Downloading comment API JSON reply thread 3 (28256/~219292)
[youtube]     Downloading comment API JSON reply thread 4 (28261/~219292)
[youtube]     Downloading comment API JSON reply thread 5 (28264/~219292)
[youtube]     Downloading comment API JSON reply thread 6 (28271/~219292)
WARNING: [youtube] Incomplete data received. Retrying (1/10)...
[youtube]     Downloading comment API JSON reply thread 6 (28271/~219292)
WARNING: [youtube] Incomplete data received. Retrying (2/10)...
[youtube]     Downloading comment API JSON reply thread 6 (28271/~219292)
WARNING: [youtube] Incomplete data received. Retrying (3/10)...
[youtube]     Downloading comment API JSON reply thread 6 (28271/~219292)
WARNING: [youtube] Incomplete data received. Retrying (4/10)...
[youtube]     Downloading comment API JSON reply thread 6 (28271/~219292)
WARNING: [youtube] Incomplete data received. Retrying (5/10)...
[youtube]     Downloading comment API JSON reply thread 6 (28271/~219292)
WARNING: [youtube] Incomplete data received. Retrying (6/10)...
[youtube]     Downloading comment API JSON reply thread 6 (28271/~219292)
WARNING: [youtube] Incomplete data received. Retrying (7/10)...
[youtube]     Downloading comment API JSON reply thread 6 (28271/~219292)
WARNING: [youtube] Incomplete data received. Retrying (8/10)...
[youtube]     Downloading comment API JSON reply thread 6 (28271/~219292)
WARNING: [youtube] Incomplete data received. Retrying (9/10)...
[youtube]     Downloading comment API JSON reply thread 6 (28271/~219292)
WARNING: [youtube] Incomplete data received. Retrying (10/10)...
[youtube]     Downloading comment API JSON reply thread 6 (28271/~219292)
WARNING: [youtube] Incomplete data received. Giving up after 10 retries
[youtube] Downloading comment API JSON page 964 (28272/~219292)
[youtube]     Downloading comment API JSON reply thread 1 (28279/~219292)
[youtube]     Downloading comment API JSON reply thread 2 (28285/~219292)
[youtube] Downloading comment API JSON page 965 (28295/~219292)
[youtube]     Downloading comment API JSON reply thread 1 (28315/~219292)
[youtube] Downloading comment API JSON page 966 (28316/~219292)
[youtube]     Downloading comment API JSON reply thread 1 (28327/~219292)
[youtube]     Downloading comment API JSON reply thread 2 (28335/~219292)
[youtube] Downloading comment API JSON page 967 (28338/~219292)
[youtube]     Downloading comment API JSON reply thread 1 (28341/~219292)
[youtube]     Downloading comment API JSON reply thread 2 (28344/~219292)
[youtube]     Downloading comment API JSON reply thread 3 (28350/~219292)
[youtube]     Downloading comment API JSON reply thread 4 (28357/~219292)
[youtube]     Downloading comment API JSON reply thread 5 (28362/~219292)
[youtube] Downloading comment API JSON page 968 (28367/~219292)
[youtube]     Downloading comment API JSON reply thread 1 (28368/~219292)
[youtube]     Downloading comment API JSON reply thread 2 (28379/~219292)
[youtube]     Downloading comment API JSON reply thread 3 (28382/~219292)
[youtube]     Downloading comment API JSON reply thread 4 (28387/~219292)
[youtube]     Downloading comment API JSON reply thread 5 (28389/~219292)
[youtube] Downloading comment API JSON page 969 (28394/~219292)
[youtube]     Downloading comment API JSON reply thread 1 (28395/~219292)
[youtube] Downloading comment API JSON page 970 (28416/~219292)
[youtube]     Downloading comment API JSON reply thread 1 (28417/~219292)
[youtube]     Downloading comment API JSON reply thread 2 (28428/~219292)
[youtube] Downloading comment API JSON page 971 (28438/~219292)
[youtube]     Downloading comment API JSON reply thread 1 (28448/~219292)
[youtube]     Downloading comment API JSON reply thread 2 (28455/~219292)
[youtube]     Downloading comment API JSON reply thread 3 (28457/~219292)
[youtube]     Downloading comment API JSON reply thread 4 (28463/~219292)
[youtube] Downloading comment API JSON page 972 (28464/~219292)
[youtube]     Downloading comment API JSON reply thread 1 (28478/~219292)
[youtube]     Downloading comment API JSON reply thread 2 (28483/~219292)
[youtube]     Downloading comment API JSON reply thread 3 (28486/~219292)
[youtube] Downloading comment API JSON page 973 (28490/~219292)
[youtube]     Downloading comment API JSON reply thread 1 (28492/~219292)
[youtube]     Downloading comment API JSON reply thread 2 (28499/~219292)
[youtube]     Downloading comment API JSON reply thread 3 (28503/~219292)
[youtube]     Downloading comment API JSON reply thread 4 (28508/~219292)
[youtube] Downloading comment API JSON page 974 (28516/~219292)
[youtube]     Downloading comment API JSON reply thread 1 (28522/~219292)
[youtube]     Downloading comment API JSON reply thread 2 (28534/~219292)
[youtube] Downloading comment API JSON page 975 (28539/~219292)
[youtube]     Downloading comment API JSON reply thread 1 (28542/~219292)
[youtube]     Downloading comment API JSON reply thread 2 (28550/~219292)
[youtube]     Downloading comment API JSON reply thread 3 (28556/~219292)
[youtube]     Downloading comment API JSON reply thread 4 (28564/~219292)
[youtube] Downloading comment API JSON page 976 (28565/~219292)
[youtube]     Downloading comment API JSON reply thread 1 (28567/~219292)
[youtube] Downloading comment API JSON page 977 (28585/~219292)
[youtube]     Downloading comment API JSON reply thread 1 (28601/~219292)
[youtube]     Downloading comment API JSON reply thread 2 (28605/~219292)
[youtube]     Downloading comment API JSON reply thread 3 (28608/~219292)
[youtube]     Downloading comment API JSON reply thread 4 (28616/~219292)
[youtube]        Downloading comment replies API JSON page 1 (28617/~219292)
[youtube]        Downloading comment replies API JSON page 2 (28627/~219292)
[youtube]     Downloading comment API JSON reply thread 5 (28639/~219292)
[youtube]        Downloading comment replies API JSON page 3 (28643/~219292)
[youtube] Downloading comment API JSON page 978 (28648/~219292)
[youtube]     Downloading comment API JSON reply thread 1 (28654/~219292)
[youtube]     Downloading comment API JSON reply thread 2 (28656/~219292)
[youtube]     Downloading comment API JSON reply thread 3 (28670/~219292)
[youtube] Downloading comment API JSON page 979 (28674/~219292)
[youtube]     Downloading comment API JSON reply thread 1 (28682/~219292)
[youtube]     Downloading comment API JSON reply thread 2 (28688/~219292)
[youtube]        Downloading comment replies API JSON page 1 (28698/~219292)
[youtube]     Downloading comment API JSON reply thread 3 (28703/~219292)
[youtube]     Downloading comment API JSON reply thread 4 (28706/~219292)
[youtube] Downloading comment API JSON page 980 (28711/~219292)
[youtube]     Downloading comment API JSON reply thread 1 (28714/~219292)
[youtube]     Downloading comment API JSON reply thread 2 (28716/~219292)
[youtube]     Downloading comment API JSON reply thread 3 (28726/~219292)
[youtube] Downloading comment API JSON page 981 (28735/~219292)
[youtube]     Downloading comment API JSON reply thread 1 (28736/~219292)
[youtube]     Downloading comment API JSON reply thread 2 (28749/~219292)
[youtube]     Downloading comment API JSON reply thread 3 (28754/~219292)
[youtube]     Downloading comment API JSON reply thread 4 (28757/~219292)
[youtube] Downloading comment API JSON page 982 (28760/~219292)
[youtube]     Downloading comment API JSON reply thread 1 (28761/~219292)
[youtube]     Downloading comment API JSON reply thread 2 (28766/~219292)
[youtube]     Downloading comment API JSON reply thread 3 (28783/~219292)
[youtube] Downloading comment API JSON page 983 (28785/~219292)
[youtube]     Downloading comment API JSON reply thread 1 (28788/~219292)
[youtube] Downloading comment API JSON page 984 (28808/~219292)
[youtube]     Downloading comment API JSON reply thread 1 (28809/~219292)
[youtube]     Downloading comment API JSON reply thread 2 (28816/~219292)
[youtube] Downloading comment API JSON page 985 (28832/~219292)
[youtube]     Downloading comment API JSON reply thread 1 (28843/~219292)
[youtube]     Downloading comment API JSON reply thread 2 (28845/~219292)
[youtube] Downloading comment API JSON page 986 (28855/~219292)
[youtube]     Downloading comment API JSON reply thread 1 (28856/~219292)
[youtube]     Downloading comment API JSON reply thread 2 (28874/~219292)
[youtube] Downloading comment API JSON page 987 (28877/~219292)
[youtube]     Downloading comment API JSON reply thread 1 (28886/~219292)
[youtube]        Downloading comment replies API JSON page 1 (28896/~219292)
[youtube]     Downloading comment API JSON reply thread 2 (28899/~219292)
[youtube]     Downloading comment API JSON reply thread 3 (28904/~219292)
[youtube]     Downloading comment API JSON reply thread 4 (28907/~219292)
[youtube] Downloading comment API JSON page 988 (28914/~219292)
[youtube]     Downloading comment API JSON reply thread 1 (28915/~219292)
[youtube]     Downloading comment API JSON reply thread 2 (28919/~219292)
[youtube]     Downloading comment API JSON reply thread 3 (28922/~219292)
[youtube]     Downloading comment API JSON reply thread 4 (28933/~219292)
[youtube]     Downloading comment API JSON reply thread 5 (28937/~219292)
[youtube]     Downloading comment API JSON reply thread 6 (28942/~219292)
[youtube] Downloading comment API JSON page 989 (28944/~219292)
[youtube]     Downloading comment API JSON reply thread 1 (28947/~219292)
[youtube]     Downloading comment API JSON reply thread 2 (28954/~219292)
[youtube]     Downloading comment API JSON reply thread 3 (28961/~219292)
[youtube]     Downloading comment API JSON reply thread 4 (28971/~219292)
[youtube]        Downloading comment replies API JSON page 1 (28972/~219292)
[youtube] Downloading comment API JSON page 990 (28987/~219292)
[youtube]     Downloading comment API JSON reply thread 1 (29005/~219292)
WARNING: [youtube] Incomplete data received. Retrying (1/10)...
[youtube]     Downloading comment API JSON reply thread 1 (29005/~219292)
WARNING: [youtube] Incomplete data received. Retrying (2/10)...
[youtube]     Downloading comment API JSON reply thread 1 (29005/~219292)
WARNING: [youtube] Incomplete data received. Retrying (3/10)...
[youtube]     Downloading comment API JSON reply thread 1 (29005/~219292)
WARNING: [youtube] Incomplete data received. Retrying (4/10)...
[youtube]     Downloading comment API JSON reply thread 1 (29005/~219292)
WARNING: [youtube] Incomplete data received. Retrying (5/10)...
[youtube]     Downloading comment API JSON reply thread 1 (29005/~219292)
WARNING: [youtube] Incomplete data received. Retrying (6/10)...
[youtube]     Downloading comment API JSON reply thread 1 (29005/~219292)
WARNING: [youtube] Incomplete data received. Retrying (7/10)...
[youtube]     Downloading comment API JSON reply thread 1 (29005/~219292)
WARNING: [youtube] Incomplete data received. Retrying (8/10)...
[youtube]     Downloading comment API JSON reply thread 1 (29005/~219292)
WARNING: [youtube] Incomplete data received. Retrying (9/10)...
[youtube]     Downloading comment API JSON reply thread 1 (29005/~219292)
WARNING: [youtube] Incomplete data received. Retrying (10/10)...
[youtube]     Downloading comment API JSON reply thread 1 (29005/~219292)
WARNING: [youtube] Incomplete data received. Giving up after 10 retries
[youtube] Downloading comment API JSON page 991 (29007/~219292)
[youtube]     Downloading comment API JSON reply thread 1 (29018/~219292)
[youtube]     Downloading comment API JSON reply thread 2 (29021/~219292)
[youtube] Downloading comment API JSON page 992 (29031/~219292)
[youtube]     Downloading comment API JSON reply thread 1 (29041/~219292)
[youtube]     Downloading comment API JSON reply thread 2 (29046/~219292)
[youtube]     Downloading comment API JSON reply thread 3 (29050/~219292)
[youtube] Downloading comment API JSON page 993 (29056/~219292)
[youtube]     Downloading comment API JSON reply thread 1 (29065/~219292)
[youtube] Downloading comment API JSON page 994 (29077/~219292)
[youtube]     Downloading comment API JSON reply thread 1 (29083/~219292)
[youtube]     Downloading comment API JSON reply thread 2 (29086/~219292)
[youtube]     Downloading comment API JSON reply thread 3 (29093/~219292)
[youtube]     Downloading comment API JSON reply thread 4 (29101/~219292)
[youtube] Downloading comment API JSON page 995 (29105/~219292)
[youtube]     Downloading comment API JSON reply thread 1 (29120/~219292)
[youtube] Downloading comment API JSON page 996 (29126/~219292)
[youtube]     Downloading comment API JSON reply thread 1 (29136/~219292)
[youtube]     Downloading comment API JSON reply thread 2 (29144/~219292)
[youtube]     Downloading comment API JSON reply thread 3 (29148/~219292)
[youtube] Downloading comment API JSON page 997 (29156/~219292)
[youtube]     Downloading comment API JSON reply thread 1 (29157/~219292)
[youtube]     Downloading comment API JSON reply thread 2 (29166/~219292)
[youtube]     Downloading comment API JSON reply thread 3 (29171/~219292)
[youtube] Downloading comment API JSON page 998 (29180/~219292)
[youtube]     Downloading comment API JSON reply thread 1 (29187/~219292)
[youtube]     Downloading comment API JSON reply thread 2 (29196/~219292)
[youtube] Downloading comment API JSON page 999 (29202/~219292)
[youtube]     Downloading comment API JSON reply thread 1 (29205/~219292)
[youtube]     Downloading comment API JSON reply thread 2 (29218/~219292)
[youtube]     Downloading comment API JSON reply thread 3 (29224/~219292)
[youtube] Downloading comment API JSON page 1000 (29227/~219292)
[youtube]     Downloading comment API JSON reply thread 1 (29235/~219292)
[youtube]     Downloading comment API JSON reply thread 2 (29238/~219292)
[youtube] Downloading comment API JSON page 1001 (29249/~219292)
[youtube]     Downloading comment API JSON reply thread 1 (29256/~219292)
[youtube]     Downloading comment API JSON reply thread 2 (29261/~219292)
[youtube]     Downloading comment API JSON reply thread 3 (29263/~219292)
[youtube]     Downloading comment API JSON reply thread 4 (29265/~219292)
[youtube]     Downloading comment API JSON reply thread 5 (29271/~219292)
[youtube] Downloading comment API JSON page 1002 (29277/~219292)
[youtube]     Downloading comment API JSON reply thread 1 (29278/~219292)
[youtube]     Downloading comment API JSON reply thread 2 (29281/~219292)
[youtube]     Downloading comment API JSON reply thread 3 (29285/~219292)
[youtube] Downloading comment API JSON page 1003 (29300/~219292)
[youtube]     Downloading comment API JSON reply thread 1 (29309/~219292)
[youtube]     Downloading comment API JSON reply thread 2 (29317/~219292)
[youtube] Downloading comment API JSON page 1004 (29325/~219292)
[youtube]     Downloading comment API JSON reply thread 1 (29328/~219292)
[youtube] Downloading comment API JSON page 1005 (29346/~219292)
[youtube]     Downloading comment API JSON reply thread 1 (29347/~219292)
[youtube]     Downloading comment API JSON reply thread 2 (29351/~219292)
[youtube]     Downloading comment API JSON reply thread 3 (29353/~219292)
[youtube]     Downloading comment API JSON reply thread 4 (29357/~219292)
[youtube]     Downloading comment API JSON reply thread 5 (29365/~219292)
[youtube]     Downloading comment API JSON reply thread 6 (29369/~219292)
[youtube] Downloading comment API JSON page 1006 (29379/~219292)
[youtube]     Downloading comment API JSON reply thread 1 (29381/~219292)
[youtube]     Downloading comment API JSON reply thread 2 (29388/~219292)
[youtube]     Downloading comment API JSON reply thread 3 (29391/~219292)
[youtube]     Downloading comment API JSON reply thread 4 (29394/~219292)
[youtube] Downloading comment API JSON page 1007 (29410/~219292)
[youtube]     Downloading comment API JSON reply thread 1 (29418/~219292)
[youtube]     Downloading comment API JSON reply thread 2 (29420/~219292)
[youtube]     Downloading comment API JSON reply thread 3 (29425/~219292)
WARNING: [youtube] Incomplete data received. Retrying (1/10)...
[youtube]     Downloading comment API JSON reply thread 3 (29425/~219292)
WARNING: [youtube] Incomplete data received. Retrying (2/10)...
[youtube]     Downloading comment API JSON reply thread 3 (29425/~219292)
WARNING: [youtube] Incomplete data received. Retrying (3/10)...
[youtube]     Downloading comment API JSON reply thread 3 (29425/~219292)
WARNING: [youtube] Incomplete data received. Retrying (4/10)...
[youtube]     Downloading comment API JSON reply thread 3 (29425/~219292)
WARNING: [youtube] Incomplete data received. Retrying (5/10)...
[youtube]     Downloading comment API JSON reply thread 3 (29425/~219292)
WARNING: [youtube] Incomplete data received. Retrying (6/10)...
[youtube]     Downloading comment API JSON reply thread 3 (29425/~219292)
WARNING: [youtube] Incomplete data received. Retrying (7/10)...
[youtube]     Downloading comment API JSON reply thread 3 (29425/~219292)
WARNING: [youtube] Incomplete data received. Retrying (8/10)...
[youtube]     Downloading comment API JSON reply thread 3 (29425/~219292)
WARNING: [youtube] Incomplete data received. Retrying (9/10)...
[youtube]     Downloading comment API JSON reply thread 3 (29425/~219292)
WARNING: [youtube] Incomplete data received. Retrying (10/10)...
[youtube]     Downloading comment API JSON reply thread 3 (29425/~219292)
WARNING: [youtube] Incomplete data received. Giving up after 10 retries
[youtube]     Downloading comment API JSON reply thread 4 (29427/~219292)
[youtube]     Downloading comment API JSON reply thread 5 (29429/~219292)
[youtube]     Downloading comment API JSON reply thread 6 (29432/~219292)
[youtube] Downloading comment API JSON page 1008 (29435/~219292)
[youtube]     Downloading comment API JSON reply thread 1 (29438/~219292)
[youtube]     Downloading comment API JSON reply thread 2 (29450/~219292)
[youtube]     Downloading comment API JSON reply thread 3 (29454/~219292)
[youtube] Downloading comment API JSON page 1009 (29458/~219292)
[youtube]     Downloading comment API JSON reply thread 1 (29460/~219292)
[youtube]     Downloading comment API JSON reply thread 2 (29463/~219292)
[youtube]     Downloading comment API JSON reply thread 3 (29467/~219292)
[youtube]     Downloading comment API JSON reply thread 4 (29471/~219292)
[youtube]     Downloading comment API JSON reply thread 5 (29473/~219292)
[youtube]     Downloading comment API JSON reply thread 6 (29475/~219292)
[youtube]     Downloading comment API JSON reply thread 7 (29485/~219292)
[youtube]     Downloading comment API JSON reply thread 8 (29489/~219292)
[youtube] Downloading comment API JSON page 1010 (29490/~219292)
[youtube]     Downloading comment API JSON reply thread 1 (29491/~219292)
[youtube]     Downloading comment API JSON reply thread 2 (29500/~219292)
[youtube]     Downloading comment API JSON reply thread 3 (29513/~219292)
[youtube] Downloading comment API JSON page 1011 (29514/~219292)
[youtube]     Downloading comment API JSON reply thread 1 (29517/~219292)
[youtube]     Downloading comment API JSON reply thread 2 (29522/~219292)
[youtube]     Downloading comment API JSON reply thread 3 (29526/~219292)
[youtube]     Downloading comment API JSON reply thread 4 (29534/~219292)
[youtube]     Downloading comment API JSON reply thread 5 (29539/~219292)
[youtube] Downloading comment API JSON page 1012 (29546/~219292)
[youtube]     Downloading comment API JSON reply thread 1 (29562/~219292)
[youtube]     Downloading comment API JSON reply thread 2 (29567/~219292)
[youtube] Downloading comment API JSON page 1013 (29577/~219292)
[youtube]     Downloading comment API JSON reply thread 1 (29578/~219292)
[youtube]     Downloading comment API JSON reply thread 2 (29581/~219292)
[youtube]     Downloading comment API JSON reply thread 3 (29585/~219292)
[youtube] Downloading comment API JSON page 1014 (29602/~219292)
[youtube]     Downloading comment API JSON reply thread 1 (29604/~219292)
[youtube]     Downloading comment API JSON reply thread 2 (29606/~219292)
[youtube]     Downloading comment API JSON reply thread 3 (29614/~219292)
[youtube]     Downloading comment API JSON reply thread 4 (29626/~219292)
[youtube]     Downloading comment API JSON reply thread 5 (29629/~219292)
[youtube]     Downloading comment API JSON reply thread 6 (29638/~219292)
[youtube] Downloading comment API JSON page 1015 (29651/~219292)
[youtube]     Downloading comment API JSON reply thread 1 (29658/~219292)
[youtube]     Downloading comment API JSON reply thread 2 (29668/~219292)
[youtube]     Downloading comment API JSON reply thread 3 (29672/~219292)
[youtube] Downloading comment API JSON page 1016 (29675/~219292)
[youtube]     Downloading comment API JSON reply thread 1 (29676/~219292)
[youtube]     Downloading comment API JSON reply thread 2 (29682/~219292)
[youtube]     Downloading comment API JSON reply thread 3 (29691/~219292)
[youtube]     Downloading comment API JSON reply thread 4 (29696/~219292)
[youtube] Downloading comment API JSON page 1017 (29701/~219292)
[youtube]     Downloading comment API JSON reply thread 1 (29707/~219292)
[youtube]     Downloading comment API JSON reply thread 2 (29719/~219292)
[youtube] Downloading comment API JSON page 1018 (29724/~219292)
[youtube]     Downloading comment API JSON reply thread 1 (29739/~219292)
[youtube] Downloading comment API JSON page 1019 (29747/~219292)
[youtube]     Downloading comment API JSON reply thread 1 (29748/~219292)
[youtube]     Downloading comment API JSON reply thread 2 (29755/~219292)
[youtube]     Downloading comment API JSON reply thread 3 (29759/~219292)
[youtube]     Downloading comment API JSON reply thread 4 (29767/~219292)
[youtube]     Downloading comment API JSON reply thread 5 (29770/~219292)
[youtube] Downloading comment API JSON page 1020 (29781/~219292)
[youtube]     Downloading comment API JSON reply thread 1 (29799/~219292)
[youtube] Downloading comment API JSON page 1021 (29802/~219292)
[youtube]     Downloading comment API JSON reply thread 1 (29805/~219292)
[youtube]     Downloading comment API JSON reply thread 2 (29815/~219292)
[youtube]     Downloading comment API JSON reply thread 3 (29824/~219292)
[youtube]     Downloading comment API JSON reply thread 4 (29828/~219292)
[youtube]     Downloading comment API JSON reply thread 5 (29832/~219292)
[youtube] Downloading comment API JSON page 1022 (29835/~219292)
[youtube]     Downloading comment API JSON reply thread 1 (29837/~219292)
[youtube]     Downloading comment API JSON reply thread 2 (29843/~219292)
[youtube]     Downloading comment API JSON reply thread 3 (29848/~219292)
[youtube]     Downloading comment API JSON reply thread 4 (29861/~219292)
[youtube]     Downloading comment API JSON reply thread 5 (29867/~219292)
WARNING: [youtube] Incomplete data received. Retrying (1/10)...
[youtube]     Downloading comment API JSON reply thread 5 (29867/~219292)
WARNING: [youtube] Incomplete data received. Retrying (2/10)...
[youtube]     Downloading comment API JSON reply thread 5 (29867/~219292)
WARNING: [youtube] Incomplete data received. Retrying (3/10)...
[youtube]     Downloading comment API JSON reply thread 5 (29867/~219292)
WARNING: [youtube] Incomplete data received. Retrying (4/10)...
[youtube]     Downloading comment API JSON reply thread 5 (29867/~219292)
WARNING: [youtube] Incomplete data received. Retrying (5/10)...
[youtube]     Downloading comment API JSON reply thread 5 (29867/~219292)
WARNING: [youtube] Incomplete data received. Retrying (6/10)...
[youtube]     Downloading comment API JSON reply thread 5 (29867/~219292)
WARNING: [youtube] Incomplete data received. Retrying (7/10)...
[youtube]     Downloading comment API JSON reply thread 5 (29867/~219292)
WARNING: [youtube] Incomplete data received. Retrying (8/10)...
[youtube]     Downloading comment API JSON reply thread 5 (29867/~219292)
WARNING: [youtube] Incomplete data received. Retrying (9/10)...
[youtube]     Downloading comment API JSON reply thread 5 (29867/~219292)
WARNING: [youtube] Incomplete data received. Retrying (10/10)...
[youtube]     Downloading comment API JSON reply thread 5 (29867/~219292)
WARNING: [youtube] Incomplete data received. Giving up after 10 retries
[youtube] Downloading comment API JSON page 1023 (29872/~219292)
[youtube]     Downloading comment API JSON reply thread 1 (29874/~219292)
[youtube]     Downloading comment API JSON reply thread 2 (29876/~219292)
[youtube]     Downloading comment API JSON reply thread 3 (29882/~219292)
[youtube]     Downloading comment API JSON reply thread 4 (29887/~219292)
[youtube]     Downloading comment API JSON reply thread 5 (29893/~219292)
[youtube]     Downloading comment API JSON reply thread 6 (29899/~219292)
[youtube]     Downloading comment API JSON reply thread 7 (29901/~219292)
[youtube]     Downloading comment API JSON reply thread 8 (29906/~219292)
[youtube]     Downloading comment API JSON reply thread 9 (29913/~219292)
[youtube]     Downloading comment API JSON reply thread 10 (29919/~219292)
[youtube] Downloading comment API JSON page 1024 (29920/~219292)
[youtube]     Downloading comment API JSON reply thread 1 (29922/~219292)
[youtube]     Downloading comment API JSON reply thread 2 (29924/~219292)
[youtube]     Downloading comment API JSON reply thread 3 (29931/~219292)
[youtube]     Downloading comment API JSON reply thread 4 (29934/~219292)
[youtube]     Downloading comment API JSON reply thread 5 (29937/~219292)
[youtube]     Downloading comment API JSON reply thread 6 (29944/~219292)
[youtube]     Downloading comment API JSON reply thread 7 (29947/~219292)
[youtube]     Downloading comment API JSON reply thread 8 (29949/~219292)
WARNING: [youtube] Incomplete data received. Retrying (1/10)...
[youtube]     Downloading comment API JSON reply thread 8 (29949/~219292)
WARNING: [youtube] Incomplete data received. Retrying (2/10)...
[youtube]     Downloading comment API JSON reply thread 8 (29949/~219292)
WARNING: [youtube] Incomplete data received. Retrying (3/10)...
[youtube]     Downloading comment API JSON reply thread 8 (29949/~219292)
WARNING: [youtube] Incomplete data received. Retrying (4/10)...
[youtube]     Downloading comment API JSON reply thread 8 (29949/~219292)
WARNING: [youtube] Incomplete data received. Retrying (5/10)...
[youtube]     Downloading comment API JSON reply thread 8 (29949/~219292)
WARNING: [youtube] Incomplete data received. Retrying (6/10)...
[youtube]     Downloading comment API JSON reply thread 8 (29949/~219292)
WARNING: [youtube] Incomplete data received. Retrying (7/10)...
[youtube]     Downloading comment API JSON reply thread 8 (29949/~219292)
WARNING: [youtube] Incomplete data received. Retrying (8/10)...
[youtube]     Downloading comment API JSON reply thread 8 (29949/~219292)
WARNING: [youtube] Incomplete data received. Retrying (9/10)...
[youtube]     Downloading comment API JSON reply thread 8 (29949/~219292)
WARNING: [youtube] Incomplete data received. Retrying (10/10)...
[youtube]     Downloading comment API JSON reply thread 8 (29949/~219292)
WARNING: [youtube] Incomplete data received. Giving up after 10 retries
[youtube]     Downloading comment API JSON reply thread 9 (29950/~219292)
[youtube]     Downloading comment API JSON reply thread 10 (29952/~219292)
[youtube]     Downloading comment API JSON reply thread 11 (29954/~219292)
[youtube]     Downloading comment API JSON reply thread 12 (29960/~219292)
[youtube]     Downloading comment API JSON reply thread 13 (29962/~219292)
[youtube] Downloading comment API JSON page 1025 (29963/~219292)
[youtube]     Downloading comment API JSON reply thread 1 (29970/~219292)
WARNING: [youtube] Incomplete data received. Retrying (1/10)...
[youtube]     Downloading comment API JSON reply thread 1 (29970/~219292)
WARNING: [youtube] Incomplete data received. Retrying (2/10)...
[youtube]     Downloading comment API JSON reply thread 1 (29970/~219292)
WARNING: [youtube] Incomplete data received. Retrying (3/10)...
[youtube]     Downloading comment API JSON reply thread 1 (29970/~219292)
WARNING: [youtube] Incomplete data received. Retrying (4/10)...
[youtube]     Downloading comment API JSON reply thread 1 (29970/~219292)
WARNING: [youtube] Incomplete data received. Retrying (5/10)...
[youtube]     Downloading comment API JSON reply thread 1 (29970/~219292)
WARNING: [youtube] Incomplete data received. Retrying (6/10)...
[youtube]     Downloading comment API JSON reply thread 1 (29970/~219292)
WARNING: [youtube] Incomplete data received. Retrying (7/10)...
[youtube]     Downloading comment API JSON reply thread 1 (29970/~219292)
WARNING: [youtube] Incomplete data received. Retrying (8/10)...
[youtube]     Downloading comment API JSON reply thread 1 (29970/~219292)
WARNING: [youtube] Incomplete data received. Retrying (9/10)...
[youtube]     Downloading comment API JSON reply thread 1 (29970/~219292)
WARNING: [youtube] Incomplete data received. Retrying (10/10)...
[youtube]     Downloading comment API JSON reply thread 1 (29970/~219292)
WARNING: [youtube] Incomplete data received. Giving up after 10 retries
[youtube]     Downloading comment API JSON reply thread 2 (29972/~219292)
[youtube]     Downloading comment API JSON reply thread 3 (29974/~219292)
[youtube]     Downloading comment API JSON reply thread 4 (29978/~219292)
WARNING: [youtube] Incomplete data received. Retrying (1/10)...
[youtube]     Downloading comment API JSON reply thread 4 (29978/~219292)
WARNING: [youtube] Incomplete data received. Retrying (2/10)...
[youtube]     Downloading comment API JSON reply thread 4 (29978/~219292)
WARNING: [youtube] Incomplete data received. Retrying (3/10)...
[youtube]     Downloading comment API JSON reply thread 4 (29978/~219292)
WARNING: [youtube] Incomplete data received. Retrying (4/10)...
[youtube]     Downloading comment API JSON reply thread 4 (29978/~219292)
WARNING: [youtube] Incomplete data received. Retrying (5/10)...
[youtube]     Downloading comment API JSON reply thread 4 (29978/~219292)
WARNING: [youtube] Incomplete data received. Retrying (6/10)...
[youtube]     Downloading comment API JSON reply thread 4 (29978/~219292)
WARNING: [youtube] Incomplete data received. Retrying (7/10)...
[youtube]     Downloading comment API JSON reply thread 4 (29978/~219292)
WARNING: [youtube] Incomplete data received. Retrying (8/10)...
[youtube]     Downloading comment API JSON reply thread 4 (29978/~219292)
WARNING: [youtube] Incomplete data received. Retrying (9/10)...
[youtube]     Downloading comment API JSON reply thread 4 (29978/~219292)
WARNING: [youtube] Incomplete data received. Retrying (10/10)...
[youtube]     Downloading comment API JSON reply thread 4 (29978/~219292)
WARNING: [youtube] Incomplete data received. Giving up after 10 retries
[youtube]     Downloading comment API JSON reply thread 5 (29980/~219292)
[youtube]     Downloading comment API JSON reply thread 6 (29985/~219292)
WARNING: [youtube] Incomplete data received. Retrying (1/10)...
[youtube]     Downloading comment API JSON reply thread 6 (29985/~219292)
WARNING: [youtube] Incomplete data received. Retrying (2/10)...
[youtube]     Downloading comment API JSON reply thread 6 (29985/~219292)
WARNING: [youtube] Incomplete data received. Retrying (3/10)...
[youtube]     Downloading comment API JSON reply thread 6 (29985/~219292)
WARNING: [youtube] Incomplete data received. Retrying (4/10)...
[youtube]     Downloading comment API JSON reply thread 6 (29985/~219292)
WARNING: [youtube] Incomplete data received. Retrying (5/10)...
[youtube]     Downloading comment API JSON reply thread 6 (29985/~219292)
WARNING: [youtube] Incomplete data received. Retrying (6/10)...
[youtube]     Downloading comment API JSON reply thread 6 (29985/~219292)
WARNING: [youtube] Incomplete data received. Retrying (7/10)...
[youtube]     Downloading comment API JSON reply thread 6 (29985/~219292)
WARNING: [youtube] Incomplete data received. Retrying (8/10)...
[youtube]     Downloading comment API JSON reply thread 6 (29985/~219292)
WARNING: [youtube] Incomplete data received. Retrying (9/10)...
[youtube]     Downloading comment API JSON reply thread 6 (29985/~219292)
WARNING: [youtube] Incomplete data received. Retrying (10/10)...
[youtube]     Downloading comment API JSON reply thread 6 (29985/~219292)
WARNING: [youtube] Incomplete data received. Giving up after 10 retries
[youtube]     Downloading comment API JSON reply thread 7 (29986/~219292)
WARNING: [youtube] Incomplete data received. Retrying (1/10)...
[youtube]     Downloading comment API JSON reply thread 7 (29986/~219292)
WARNING: [youtube] Incomplete data received. Retrying (2/10)...
[youtube]     Downloading comment API JSON reply thread 7 (29986/~219292)
WARNING: [youtube] Incomplete data received. Retrying (3/10)...
[youtube]     Downloading comment API JSON reply thread 7 (29986/~219292)
WARNING: [youtube] Incomplete data received. Retrying (4/10)...
[youtube]     Downloading comment API JSON reply thread 7 (29986/~219292)
WARNING: [youtube] Incomplete data received. Retrying (5/10)...
[youtube]     Downloading comment API JSON reply thread 7 (29986/~219292)
WARNING: [youtube] Incomplete data received. Retrying (6/10)...
[youtube]     Downloading comment API JSON reply thread 7 (29986/~219292)
WARNING: [youtube] Incomplete data received. Retrying (7/10)...
[youtube]     Downloading comment API JSON reply thread 7 (29986/~219292)
WARNING: [youtube] Incomplete data received. Retrying (8/10)...
[youtube]     Downloading comment API JSON reply thread 7 (29986/~219292)
WARNING: [youtube] Incomplete data received. Retrying (9/10)...
[youtube]     Downloading comment API JSON reply thread 7 (29986/~219292)
WARNING: [youtube] Incomplete data received. Retrying (10/10)...
[youtube]     Downloading comment API JSON reply thread 7 (29986/~219292)
WARNING: [youtube] Incomplete data received. Giving up after 10 retries
[youtube]     Downloading comment API JSON reply thread 8 (29987/~219292)
[youtube]     Downloading comment API JSON reply thread 9 (29989/~219292)
[youtube] Downloading comment API JSON page 1026 (29990/~219292)
[youtube]     Downloading comment API JSON reply thread 1 (29991/~219292)
WARNING: [youtube] Incomplete data received. Retrying (1/10)...
[youtube]     Downloading comment API JSON reply thread 1 (29991/~219292)
WARNING: [youtube] Incomplete data received. Retrying (2/10)...
[youtube]     Downloading comment API JSON reply thread 1 (29991/~219292)
WARNING: [youtube] Incomplete data received. Retrying (3/10)...
[youtube]     Downloading comment API JSON reply thread 1 (29991/~219292)
WARNING: [youtube] Incomplete data received. Retrying (4/10)...
[youtube]     Downloading comment API JSON reply thread 1 (29991/~219292)
WARNING: [youtube] Incomplete data received. Retrying (5/10)...
[youtube]     Downloading comment API JSON reply thread 1 (29991/~219292)
WARNING: [youtube] Incomplete data received. Retrying (6/10)...
[youtube]     Downloading comment API JSON reply thread 1 (29991/~219292)
WARNING: [youtube] Incomplete data received. Retrying (7/10)...
[youtube]     Downloading comment API JSON reply thread 1 (29991/~219292)
WARNING: [youtube] Incomplete data received. Retrying (8/10)...
[youtube]     Downloading comment API JSON reply thread 1 (29991/~219292)
WARNING: [youtube] Incomplete data received. Retrying (9/10)...
[youtube]     Downloading comment API JSON reply thread 1 (29991/~219292)
WARNING: [youtube] Incomplete data received. Retrying (10/10)...
[youtube]     Downloading comment API JSON reply thread 1 (29991/~219292)
WARNING: [youtube] Incomplete data received. Giving up after 10 retries
[youtube]     Downloading comment API JSON reply thread 2 (29993/~219292)
[youtube]     Downloading comment API JSON reply thread 3 (29998/~219292)
[youtube]     Downloading comment API JSON reply thread 4 (30004/~219292)
[youtube]     Downloading comment API JSON reply thread 5 (30006/~219292)
[youtube]     Downloading comment API JSON reply thread 6 (30009/~219292)
[youtube]     Downloading comment API JSON reply thread 7 (30012/~219292)
WARNING: [youtube] Incomplete data received. Retrying (1/10)...
[youtube]     Downloading comment API JSON reply thread 7 (30012/~219292)
WARNING: [youtube] Incomplete data received. Retrying (2/10)...
[youtube]     Downloading comment API JSON reply thread 7 (30012/~219292)
WARNING: [youtube] Incomplete data received. Retrying (3/10)...
[youtube]     Downloading comment API JSON reply thread 7 (30012/~219292)
WARNING: [youtube] Incomplete data received. Retrying (4/10)...
[youtube]     Downloading comment API JSON reply thread 7 (30012/~219292)
WARNING: [youtube] Incomplete data received. Retrying (5/10)...
[youtube]     Downloading comment API JSON reply thread 7 (30012/~219292)
WARNING: [youtube] Incomplete data received. Retrying (6/10)...
[youtube]     Downloading comment API JSON reply thread 7 (30012/~219292)
WARNING: [youtube] Incomplete data received. Retrying (7/10)...
[youtube]     Downloading comment API JSON reply thread 7 (30012/~219292)
WARNING: [youtube] Incomplete data received. Retrying (8/10)...
[youtube]     Downloading comment API JSON reply thread 7 (30012/~219292)
WARNING: [youtube] Incomplete data received. Retrying (9/10)...
[youtube]     Downloading comment API JSON reply thread 7 (30012/~219292)
WARNING: [youtube] Incomplete data received. Retrying (10/10)...
[youtube]     Downloading comment API JSON reply thread 7 (30012/~219292)
WARNING: [youtube] Incomplete data received. Giving up after 10 retries
[youtube]     Downloading comment API JSON reply thread 8 (30013/~219292)
WARNING: [youtube] Incomplete data received. Retrying (1/10)...
[youtube]     Downloading comment API JSON reply thread 8 (30013/~219292)
WARNING: [youtube] Incomplete data received. Retrying (2/10)...
[youtube]     Downloading comment API JSON reply thread 8 (30013/~219292)
WARNING: [youtube] Incomplete data received. Retrying (3/10)...
[youtube]     Downloading comment API JSON reply thread 8 (30013/~219292)
WARNING: [youtube] Incomplete data received. Retrying (4/10)...
[youtube]     Downloading comment API JSON reply thread 8 (30013/~219292)
WARNING: [youtube] Incomplete data received. Retrying (5/10)...
[youtube]     Downloading comment API JSON reply thread 8 (30013/~219292)
WARNING: [youtube] Incomplete data received. Retrying (6/10)...
[youtube]     Downloading comment API JSON reply thread 8 (30013/~219292)
WARNING: [youtube] Incomplete data received. Retrying (7/10)...
[youtube]     Downloading comment API JSON reply thread 8 (30013/~219292)
WARNING: [youtube] Incomplete data received. Retrying (8/10)...
[youtube]     Downloading comment API JSON reply thread 8 (30013/~219292)
WARNING: [youtube] Incomplete data received. Retrying (9/10)...
[youtube]     Downloading comment API JSON reply thread 8 (30013/~219292)
WARNING: [youtube] Incomplete data received. Retrying (10/10)...
[youtube]     Downloading comment API JSON reply thread 8 (30013/~219292)
WARNING: [youtube] Incomplete data received. Giving up after 10 retries
[youtube]     Downloading comment API JSON reply thread 9 (30014/~219292)
[youtube]     Downloading comment API JSON reply thread 10 (30017/~219292)
[youtube]     Downloading comment API JSON reply thread 11 (30021/~219292)
WARNING: [youtube] Incomplete data received. Retrying (1/10)...
[youtube]     Downloading comment API JSON reply thread 11 (30021/~219292)
WARNING: [youtube] Incomplete data received. Retrying (2/10)...
[youtube]     Downloading comment API JSON reply thread 11 (30021/~219292)
WARNING: [youtube] Incomplete data received. Retrying (3/10)...
[youtube]     Downloading comment API JSON reply thread 11 (30021/~219292)
WARNING: [youtube] Incomplete data received. Retrying (4/10)...
[youtube]     Downloading comment API JSON reply thread 11 (30021/~219292)
WARNING: [youtube] Incomplete data received. Retrying (5/10)...
[youtube]     Downloading comment API JSON reply thread 11 (30021/~219292)
WARNING: [youtube] Incomplete data received. Retrying (6/10)...
[youtube]     Downloading comment API JSON reply thread 11 (30021/~219292)
WARNING: [youtube] Incomplete data received. Retrying (7/10)...
[youtube]     Downloading comment API JSON reply thread 11 (30021/~219292)
WARNING: [youtube] Incomplete data received. Retrying (8/10)...
[youtube]     Downloading comment API JSON reply thread 11 (30021/~219292)
WARNING: [youtube] Incomplete data received. Retrying (9/10)...
[youtube]     Downloading comment API JSON reply thread 11 (30021/~219292)
WARNING: [youtube] Incomplete data received. Retrying (10/10)...
[youtube]     Downloading comment API JSON reply thread 11 (30021/~219292)
WARNING: [youtube] Incomplete data received. Giving up after 10 retries
[youtube]     Downloading comment API JSON reply thread 12 (30023/~219292)
[youtube]     Downloading comment API JSON reply thread 13 (30026/~219292)
[youtube]     Downloading comment API JSON reply thread 14 (30031/~219292)
[youtube] Downloading comment API JSON page 1027 (30032/~219292)
[youtube]     Downloading comment API JSON reply thread 1 (30035/~219292)
[youtube]     Downloading comment API JSON reply thread 2 (30042/~219292)
[youtube]     Downloading comment API JSON reply thread 3 (30045/~219292)
[youtube]     Downloading comment API JSON reply thread 4 (30049/~219292)
[youtube]     Downloading comment API JSON reply thread 5 (30061/~219292)
[youtube]     Downloading comment API JSON reply thread 6 (30063/~219292)
[youtube]     Downloading comment API JSON reply thread 7 (30065/~219292)
[youtube] Downloading comment API JSON page 1028 (30067/~219292)
[youtube]     Downloading comment API JSON reply thread 1 (30073/~219292)
[youtube]     Downloading comment API JSON reply thread 2 (30076/~219292)
[youtube]     Downloading comment API JSON reply thread 3 (30078/~219292)
[youtube]     Downloading comment API JSON reply thread 4 (30081/~219292)
[youtube]     Downloading comment API JSON reply thread 5 (30084/~219292)
[youtube]     Downloading comment API JSON reply thread 6 (30087/~219292)
[youtube] Downloading comment API JSON page 1029 (30096/~219292)
[youtube]     Downloading comment API JSON reply thread 1 (30097/~219292)
[youtube]     Downloading comment API JSON reply thread 2 (30100/~219292)
[youtube]     Downloading comment API JSON reply thread 3 (30102/~219292)
[youtube]     Downloading comment API JSON reply thread 4 (30107/~219292)
[youtube]     Downloading comment API JSON reply thread 5 (30111/~219292)
[youtube]     Downloading comment API JSON reply thread 6 (30118/~219292)
[youtube]     Downloading comment API JSON reply thread 7 (30130/~219292)
WARNING: [youtube] Incomplete data received. Retrying (1/10)...
[youtube]     Downloading comment API JSON reply thread 7 (30130/~219292)
WARNING: [youtube] Incomplete data received. Retrying (2/10)...
[youtube]     Downloading comment API JSON reply thread 7 (30130/~219292)
WARNING: [youtube] Incomplete data received. Retrying (3/10)...
[youtube]     Downloading comment API JSON reply thread 7 (30130/~219292)
WARNING: [youtube] Incomplete data received. Retrying (4/10)...
[youtube]     Downloading comment API JSON reply thread 7 (30130/~219292)
WARNING: [youtube] Incomplete data received. Retrying (5/10)...
[youtube]     Downloading comment API JSON reply thread 7 (30130/~219292)
WARNING: [youtube] Incomplete data received. Retrying (6/10)...
[youtube]     Downloading comment API JSON reply thread 7 (30130/~219292)
WARNING: [youtube] Incomplete data received. Retrying (7/10)...
[youtube]     Downloading comment API JSON reply thread 7 (30130/~219292)
WARNING: [youtube] Incomplete data received. Retrying (8/10)...
[youtube]     Downloading comment API JSON reply thread 7 (30130/~219292)
WARNING: [youtube] Incomplete data received. Retrying (9/10)...
[youtube]     Downloading comment API JSON reply thread 7 (30130/~219292)
WARNING: [youtube] Incomplete data received. Retrying (10/10)...
[youtube]     Downloading comment API JSON reply thread 7 (30130/~219292)
WARNING: [youtube] Incomplete data received. Giving up after 10 retries
[youtube]     Downloading comment API JSON reply thread 8 (30133/~219292)
[youtube] Downloading comment API JSON page 1030 (30135/~219292)
[youtube]     Downloading comment API JSON reply thread 1 (30136/~219292)
[youtube]     Downloading comment API JSON reply thread 2 (30141/~219292)
[youtube]     Downloading comment API JSON reply thread 3 (30144/~219292)
[youtube]     Downloading comment API JSON reply thread 4 (30146/~219292)
[youtube]     Downloading comment API JSON reply thread 5 (30152/~219292)
[youtube]     Downloading comment API JSON reply thread 6 (30155/~219292)
[youtube]     Downloading comment API JSON reply thread 7 (30159/~219292)
[youtube]     Downloading comment API JSON reply thread 8 (30163/~219292)
[youtube]     Downloading comment API JSON reply thread 9 (30166/~219292)
WARNING: [youtube] Incomplete data received. Retrying (1/10)...
[youtube]     Downloading comment API JSON reply thread 9 (30166/~219292)
WARNING: [youtube] Incomplete data received. Retrying (2/10)...
[youtube]     Downloading comment API JSON reply thread 9 (30166/~219292)
WARNING: [youtube] Incomplete data received. Retrying (3/10)...
[youtube]     Downloading comment API JSON reply thread 9 (30166/~219292)
WARNING: [youtube] Incomplete data received. Retrying (4/10)...
[youtube]     Downloading comment API JSON reply thread 9 (30166/~219292)
WARNING: [youtube] Incomplete data received. Retrying (5/10)...
[youtube]     Downloading comment API JSON reply thread 9 (30166/~219292)
WARNING: [youtube] Incomplete data received. Retrying (6/10)...
[youtube]     Downloading comment API JSON reply thread 9 (30166/~219292)
WARNING: [youtube] Incomplete data received. Retrying (7/10)...
[youtube]     Downloading comment API JSON reply thread 9 (30166/~219292)
WARNING: [youtube] Incomplete data received. Retrying (8/10)...
[youtube]     Downloading comment API JSON reply thread 9 (30166/~219292)
WARNING: [youtube] Incomplete data received. Retrying (9/10)...
[youtube]     Downloading comment API JSON reply thread 9 (30166/~219292)
WARNING: [youtube] Incomplete data received. Retrying (10/10)...
[youtube]     Downloading comment API JSON reply thread 9 (30166/~219292)
WARNING: [youtube] Incomplete data received. Giving up after 10 retries
[youtube]     Downloading comment API JSON reply thread 10 (30167/~219292)
[youtube]     Downloading comment API JSON reply thread 11 (30169/~219292)
[youtube] Downloading comment API JSON page 1031 (30170/~219292)
[youtube]     Downloading comment API JSON reply thread 1 (30174/~219292)
[youtube]     Downloading comment API JSON reply thread 2 (30177/~219292)
[youtube]     Downloading comment API JSON reply thread 3 (30190/~219292)
[youtube]     Downloading comment API JSON reply thread 4 (30194/~219292)
WARNING: [youtube] Incomplete data received. Retrying (1/10)...
[youtube]     Downloading comment API JSON reply thread 4 (30194/~219292)
WARNING: [youtube] Incomplete data received. Retrying (2/10)...
[youtube]     Downloading comment API JSON reply thread 4 (30194/~219292)
WARNING: [youtube] Incomplete data received. Retrying (3/10)...
[youtube]     Downloading comment API JSON reply thread 4 (30194/~219292)
WARNING: [youtube] Incomplete data received. Retrying (4/10)...
[youtube]     Downloading comment API JSON reply thread 4 (30194/~219292)
WARNING: [youtube] Incomplete data received. Retrying (5/10)...
[youtube]     Downloading comment API JSON reply thread 4 (30194/~219292)
WARNING: [youtube] Incomplete data received. Retrying (6/10)...
[youtube]     Downloading comment API JSON reply thread 4 (30194/~219292)
WARNING: [youtube] Incomplete data received. Retrying (7/10)...
[youtube]     Downloading comment API JSON reply thread 4 (30194/~219292)
WARNING: [youtube] Incomplete data received. Retrying (8/10)...
[youtube]     Downloading comment API JSON reply thread 4 (30194/~219292)
WARNING: [youtube] Incomplete data received. Retrying (9/10)...
[youtube]     Downloading comment API JSON reply thread 4 (30194/~219292)
WARNING: [youtube] Incomplete data received. Retrying (10/10)...
[youtube]     Downloading comment API JSON reply thread 4 (30194/~219292)
WARNING: [youtube] Incomplete data received. Giving up after 10 retries
[youtube] Downloading comment API JSON page 1032 (30195/~219292)
[youtube]     Downloading comment API JSON reply thread 1 (30198/~219292)
[youtube]     Downloading comment API JSON reply thread 2 (30200/~219292)
[youtube]     Downloading comment API JSON reply thread 3 (30202/~219292)
[youtube]     Downloading comment API JSON reply thread 4 (30211/~219292)
WARNING: [youtube] Incomplete data received. Retrying (1/10)...
[youtube]     Downloading comment API JSON reply thread 4 (30211/~219292)
WARNING: [youtube] Incomplete data received. Retrying (2/10)...
[youtube]     Downloading comment API JSON reply thread 4 (30211/~219292)
WARNING: [youtube] Incomplete data received. Retrying (3/10)...
[youtube]     Downloading comment API JSON reply thread 4 (30211/~219292)
WARNING: [youtube] Incomplete data received. Retrying (4/10)...
[youtube]     Downloading comment API JSON reply thread 4 (30211/~219292)
WARNING: [youtube] Incomplete data received. Retrying (5/10)...
[youtube]     Downloading comment API JSON reply thread 4 (30211/~219292)
WARNING: [youtube] Incomplete data received. Retrying (6/10)...
[youtube]     Downloading comment API JSON reply thread 4 (30211/~219292)
WARNING: [youtube] Incomplete data received. Retrying (7/10)...
[youtube]     Downloading comment API JSON reply thread 4 (30211/~219292)
WARNING: [youtube] Incomplete data received. Retrying (8/10)...
[youtube]     Downloading comment API JSON reply thread 4 (30211/~219292)
WARNING: [youtube] Incomplete data received. Retrying (9/10)...
[youtube]     Downloading comment API JSON reply thread 4 (30211/~219292)
WARNING: [youtube] Incomplete data received. Retrying (10/10)...
[youtube]     Downloading comment API JSON reply thread 4 (30211/~219292)
WARNING: [youtube] Incomplete data received. Giving up after 10 retries
[youtube]     Downloading comment API JSON reply thread 5 (30213/~219292)
[youtube]     Downloading comment API JSON reply thread 6 (30217/~219292)
[youtube] Downloading comment API JSON page 1033 (30221/~219292)
[youtube]     Downloading comment API JSON reply thread 1 (30223/~219292)
[youtube]     Downloading comment API JSON reply thread 2 (30229/~219292)
[youtube]     Downloading comment API JSON reply thread 3 (30231/~219292)
WARNING: [youtube] Incomplete data received. Retrying (1/10)...
[youtube]     Downloading comment API JSON reply thread 3 (30231/~219292)
WARNING: [youtube] Incomplete data received. Retrying (2/10)...
[youtube]     Downloading comment API JSON reply thread 3 (30231/~219292)
WARNING: [youtube] Incomplete data received. Retrying (3/10)...
[youtube]     Downloading comment API JSON reply thread 3 (30231/~219292)
WARNING: [youtube] Incomplete data received. Retrying (4/10)...
[youtube]     Downloading comment API JSON reply thread 3 (30231/~219292)
WARNING: [youtube] Incomplete data received. Retrying (5/10)...
[youtube]     Downloading comment API JSON reply thread 3 (30231/~219292)
WARNING: [youtube] Incomplete data received. Retrying (6/10)...
[youtube]     Downloading comment API JSON reply thread 3 (30231/~219292)
WARNING: [youtube] Incomplete data received. Retrying (7/10)...
[youtube]     Downloading comment API JSON reply thread 3 (30231/~219292)
WARNING: [youtube] Incomplete data received. Retrying (8/10)...
[youtube]     Downloading comment API JSON reply thread 3 (30231/~219292)
WARNING: [youtube] Incomplete data received. Retrying (9/10)...
[youtube]     Downloading comment API JSON reply thread 3 (30231/~219292)
WARNING: [youtube] Incomplete data received. Retrying (10/10)...
[youtube]     Downloading comment API JSON reply thread 3 (30231/~219292)
WARNING: [youtube] Incomplete data received. Giving up after 10 retries
[youtube]     Downloading comment API JSON reply thread 4 (30232/~219292)
[youtube]     Downloading comment API JSON reply thread 5 (30236/~219292)
WARNING: [youtube] Incomplete data received. Retrying (1/10)...
[youtube]     Downloading comment API JSON reply thread 5 (30236/~219292)
WARNING: [youtube] Incomplete data received. Retrying (2/10)...
[youtube]     Downloading comment API JSON reply thread 5 (30236/~219292)
WARNING: [youtube] Incomplete data received. Retrying (3/10)...
[youtube]     Downloading comment API JSON reply thread 5 (30236/~219292)
WARNING: [youtube] Incomplete data received. Retrying (4/10)...
[youtube]     Downloading comment API JSON reply thread 5 (30236/~219292)
WARNING: [youtube] Incomplete data received. Retrying (5/10)...
[youtube]     Downloading comment API JSON reply thread 5 (30236/~219292)
WARNING: [youtube] Incomplete data received. Retrying (6/10)...
[youtube]     Downloading comment API JSON reply thread 5 (30236/~219292)
WARNING: [youtube] Incomplete data received. Retrying (7/10)...
[youtube]     Downloading comment API JSON reply thread 5 (30236/~219292)
WARNING: [youtube] Incomplete data received. Retrying (8/10)...
[youtube]     Downloading comment API JSON reply thread 5 (30236/~219292)
WARNING: [youtube] Incomplete data received. Retrying (9/10)...
[youtube]     Downloading comment API JSON reply thread 5 (30236/~219292)
WARNING: [youtube] Incomplete data received. Retrying (10/10)...
[youtube]     Downloading comment API JSON reply thread 5 (30236/~219292)
WARNING: [youtube] Incomplete data received. Giving up after 10 retries
[youtube]     Downloading comment API JSON reply thread 6 (30237/~219292)
WARNING: [youtube] Incomplete data received. Retrying (1/10)...
[youtube]     Downloading comment API JSON reply thread 6 (30237/~219292)
WARNING: [youtube] Incomplete data received. Retrying (2/10)...
[youtube]     Downloading comment API JSON reply thread 6 (30237/~219292)
WARNING: [youtube] Incomplete data received. Retrying (3/10)...
[youtube]     Downloading comment API JSON reply thread 6 (30237/~219292)
WARNING: [youtube] Incomplete data received. Retrying (4/10)...
[youtube]     Downloading comment API JSON reply thread 6 (30237/~219292)
WARNING: [youtube] Incomplete data received. Retrying (5/10)...
[youtube]     Downloading comment API JSON reply thread 6 (30237/~219292)
WARNING: [youtube] Incomplete data received. Retrying (6/10)...
[youtube]     Downloading comment API JSON reply thread 6 (30237/~219292)
WARNING: [youtube] Incomplete data received. Retrying (7/10)...
[youtube]     Downloading comment API JSON reply thread 6 (30237/~219292)
WARNING: [youtube] Incomplete data received. Retrying (8/10)...
[youtube]     Downloading comment API JSON reply thread 6 (30237/~219292)
WARNING: [youtube] Incomplete data received. Retrying (9/10)...
[youtube]     Downloading comment API JSON reply thread 6 (30237/~219292)
WARNING: [youtube] Incomplete data received. Retrying (10/10)...
[youtube]     Downloading comment API JSON reply thread 6 (30237/~219292)
WARNING: [youtube] Incomplete data received. Giving up after 10 retries
[youtube]     Downloading comment API JSON reply thread 7 (30238/~219292)
[youtube]     Downloading comment API JSON reply thread 8 (30241/~219292)
[youtube]     Downloading comment API JSON reply thread 9 (30244/~219292)
[youtube]     Downloading comment API JSON reply thread 10 (30247/~219292)
[youtube]     Downloading comment API JSON reply thread 11 (30251/~219292)
[youtube]     Downloading comment API JSON reply thread 12 (30255/~219292)
[youtube] Downloading comment API JSON page 1034 (30263/~219292)
[youtube]     Downloading comment API JSON reply thread 1 (30274/~219292)
[youtube]     Downloading comment API JSON reply thread 2 (30276/~219292)
[youtube]     Downloading comment API JSON reply thread 3 (30281/~219292)
[youtube]     Downloading comment API JSON reply thread 4 (30283/~219292)
[youtube]     Downloading comment API JSON reply thread 5 (30289/~219292)
[youtube]     Downloading comment API JSON reply thread 6 (30293/~219292)
[youtube]     Downloading comment API JSON reply thread 7 (30297/~219292)
[youtube] Downloading comment API JSON page 1035 (30300/~219292)
[youtube]     Downloading comment API JSON reply thread 1 (30301/~219292)
[youtube]     Downloading comment API JSON reply thread 2 (30303/~219292)
[youtube]     Downloading comment API JSON reply thread 3 (30312/~219292)
[youtube]     Downloading comment API JSON reply thread 4 (30316/~219292)
[youtube]     Downloading comment API JSON reply thread 5 (30323/~219292)
[youtube]     Downloading comment API JSON reply thread 6 (30325/~219292)
WARNING: [youtube] Incomplete data received. Retrying (1/10)...
[youtube]     Downloading comment API JSON reply thread 6 (30325/~219292)
WARNING: [youtube] Incomplete data received. Retrying (2/10)...
[youtube]     Downloading comment API JSON reply thread 6 (30325/~219292)
WARNING: [youtube] Incomplete data received. Retrying (3/10)...
[youtube]     Downloading comment API JSON reply thread 6 (30325/~219292)
WARNING: [youtube] Incomplete data received. Retrying (4/10)...
[youtube]     Downloading comment API JSON reply thread 6 (30325/~219292)
WARNING: [youtube] Incomplete data received. Retrying (5/10)...
[youtube]     Downloading comment API JSON reply thread 6 (30325/~219292)
WARNING: [youtube] Incomplete data received. Retrying (6/10)...
[youtube]     Downloading comment API JSON reply thread 6 (30325/~219292)
WARNING: [youtube] Incomplete data received. Retrying (7/10)...
[youtube]     Downloading comment API JSON reply thread 6 (30325/~219292)
WARNING: [youtube] Incomplete data received. Retrying (8/10)...
[youtube]     Downloading comment API JSON reply thread 6 (30325/~219292)
WARNING: [youtube] Incomplete data received. Retrying (9/10)...
[youtube]     Downloading comment API JSON reply thread 6 (30325/~219292)
WARNING: [youtube] Incomplete data received. Retrying (10/10)...
[youtube]     Downloading comment API JSON reply thread 6 (30325/~219292)
WARNING: [youtube] Incomplete data received. Giving up after 10 retries
[youtube]     Downloading comment API JSON reply thread 7 (30327/~219292)
[youtube]     Downloading comment API JSON reply thread 8 (30329/~219292)
[youtube]     Downloading comment API JSON reply thread 9 (30331/~219292)
[youtube]     Downloading comment API JSON reply thread 10 (30333/~219292)
[youtube]     Downloading comment API JSON reply thread 11 (30338/~219292)
WARNING: [youtube] Incomplete data received. Retrying (1/10)...
[youtube]     Downloading comment API JSON reply thread 11 (30338/~219292)
WARNING: [youtube] Incomplete data received. Retrying (2/10)...
[youtube]     Downloading comment API JSON reply thread 11 (30338/~219292)
WARNING: [youtube] Incomplete data received. Retrying (3/10)...
[youtube]     Downloading comment API JSON reply thread 11 (30338/~219292)
WARNING: [youtube] Incomplete data received. Retrying (4/10)...
[youtube]     Downloading comment API JSON reply thread 11 (30338/~219292)
WARNING: [youtube] Incomplete data received. Retrying (5/10)...
[youtube]     Downloading comment API JSON reply thread 11 (30338/~219292)
WARNING: [youtube] Incomplete data received. Retrying (6/10)...
[youtube]     Downloading comment API JSON reply thread 11 (30338/~219292)
WARNING: [youtube] Incomplete data received. Retrying (7/10)...
[youtube]     Downloading comment API JSON reply thread 11 (30338/~219292)
WARNING: [youtube] Incomplete data received. Retrying (8/10)...
[youtube]     Downloading comment API JSON reply thread 11 (30338/~219292)
WARNING: [youtube] Incomplete data received. Retrying (9/10)...
[youtube]     Downloading comment API JSON reply thread 11 (30338/~219292)
WARNING: [youtube] Incomplete data received. Retrying (10/10)...
[youtube]     Downloading comment API JSON reply thread 11 (30338/~219292)
WARNING: [youtube] Incomplete data received. Giving up after 10 retries
[youtube] Downloading comment API JSON page 1036 (30338/~219292)
[youtube]     Downloading comment API JSON reply thread 1 (30341/~219292)
[youtube]     Downloading comment API JSON reply thread 2 (30346/~219292)
[youtube]     Downloading comment API JSON reply thread 3 (30348/~219292)
[youtube]     Downloading comment API JSON reply thread 4 (30351/~219292)
[youtube]     Downloading comment API JSON reply thread 5 (30353/~219292)
[youtube]     Downloading comment API JSON reply thread 6 (30355/~219292)
[youtube]     Downloading comment API JSON reply thread 7 (30357/~219292)
[youtube]     Downloading comment API JSON reply thread 8 (30359/~219292)
[youtube]     Downloading comment API JSON reply thread 9 (30361/~219292)
[youtube]     Downloading comment API JSON reply thread 10 (30363/~219292)
[youtube]     Downloading comment API JSON reply thread 11 (30365/~219292)
[youtube]     Downloading comment API JSON reply thread 12 (30367/~219292)
[youtube]     Downloading comment API JSON reply thread 13 (30369/~219292)
[youtube]     Downloading comment API JSON reply thread 14 (30371/~219292)
[youtube] Downloading comment API JSON page 1037 (30372/~219292)
[youtube]     Downloading comment API JSON reply thread 1 (30373/~219292)
[youtube]     Downloading comment API JSON reply thread 2 (30375/~219292)
[youtube]     Downloading comment API JSON reply thread 3 (30377/~219292)
[youtube]     Downloading comment API JSON reply thread 4 (30379/~219292)
[youtube]     Downloading comment API JSON reply thread 5 (30387/~219292)
[youtube]     Downloading comment API JSON reply thread 6 (30393/~219292)
[youtube]     Downloading comment API JSON reply thread 7 (30400/~219292)
[youtube]     Downloading comment API JSON reply thread 8 (30402/~219292)
[youtube]     Downloading comment API JSON reply thread 9 (30407/~219292)
[youtube]     Downloading comment API JSON reply thread 10 (30410/~219292)
[youtube] Downloading comment API JSON page 1038 (30413/~219292)
[youtube]     Downloading comment API JSON reply thread 1 (30417/~219292)
[youtube]     Downloading comment API JSON reply thread 2 (30421/~219292)
[youtube]     Downloading comment API JSON reply thread 3 (30426/~219292)
[youtube]     Downloading comment API JSON reply thread 4 (30429/~219292)
[youtube]     Downloading comment API JSON reply thread 5 (30431/~219292)
[youtube]     Downloading comment API JSON reply thread 6 (30438/~219292)
[youtube]     Downloading comment API JSON reply thread 7 (30444/~219292)
WARNING: [youtube] Incomplete data received. Retrying (1/10)...
[youtube]     Downloading comment API JSON reply thread 7 (30444/~219292)
WARNING: [youtube] Incomplete data received. Retrying (2/10)...
[youtube]     Downloading comment API JSON reply thread 7 (30444/~219292)
WARNING: [youtube] Incomplete data received. Retrying (3/10)...
[youtube]     Downloading comment API JSON reply thread 7 (30444/~219292)
WARNING: [youtube] Incomplete data received. Retrying (4/10)...
[youtube]     Downloading comment API JSON reply thread 7 (30444/~219292)
WARNING: [youtube] Incomplete data received. Retrying (5/10)...
[youtube]     Downloading comment API JSON reply thread 7 (30444/~219292)
WARNING: [youtube] Incomplete data received. Retrying (6/10)...
[youtube]     Downloading comment API JSON reply thread 7 (30444/~219292)
WARNING: [youtube] Incomplete data received. Retrying (7/10)...
[youtube]     Downloading comment API JSON reply thread 7 (30444/~219292)
WARNING: [youtube] Incomplete data received. Retrying (8/10)...
[youtube]     Downloading comment API JSON reply thread 7 (30444/~219292)
WARNING: [youtube] Incomplete data received. Retrying (9/10)...
[youtube]     Downloading comment API JSON reply thread 7 (30444/~219292)
WARNING: [youtube] Incomplete data received. Retrying (10/10)...
[youtube]     Downloading comment API JSON reply thread 7 (30444/~219292)
WARNING: [youtube] Incomplete data received. Giving up after 10 retries
[youtube]     Downloading comment API JSON reply thread 8 (30445/~219292)
[youtube]     Downloading comment API JSON reply thread 9 (30447/~219292)
[youtube] Downloading comment API JSON page 1039 (30453/~219292)
[youtube]     Downloading comment API JSON reply thread 1 (30454/~219292)
[youtube]     Downloading comment API JSON reply thread 2 (30461/~219292)
[youtube]     Downloading comment API JSON reply thread 3 (30464/~219292)
[youtube]     Downloading comment API JSON reply thread 4 (30466/~219292)
[youtube]     Downloading comment API JSON reply thread 5 (30470/~219292)
WARNING: [youtube] Incomplete data received. Retrying (1/10)...
[youtube]     Downloading comment API JSON reply thread 5 (30470/~219292)
WARNING: [youtube] Incomplete data received. Retrying (2/10)...
[youtube]     Downloading comment API JSON reply thread 5 (30470/~219292)
WARNING: [youtube] Incomplete data received. Retrying (3/10)...
[youtube]     Downloading comment API JSON reply thread 5 (30470/~219292)
WARNING: [youtube] Incomplete data received. Retrying (4/10)...
[youtube]     Downloading comment API JSON reply thread 5 (30470/~219292)
WARNING: [youtube] Incomplete data received. Retrying (5/10)...
[youtube]     Downloading comment API JSON reply thread 5 (30470/~219292)
WARNING: [youtube] Incomplete data received. Retrying (6/10)...
[youtube]     Downloading comment API JSON reply thread 5 (30470/~219292)
WARNING: [youtube] Incomplete data received. Retrying (7/10)...
[youtube]     Downloading comment API JSON reply thread 5 (30470/~219292)
WARNING: [youtube] Incomplete data received. Retrying (8/10)...
[youtube]     Downloading comment API JSON reply thread 5 (30470/~219292)
WARNING: [youtube] Incomplete data received. Retrying (9/10)...
[youtube]     Downloading comment API JSON reply thread 5 (30470/~219292)
WARNING: [youtube] Incomplete data received. Retrying (10/10)...
[youtube]     Downloading comment API JSON reply thread 5 (30470/~219292)
WARNING: [youtube] Incomplete data received. Giving up after 10 retries
[youtube]        Downloading comment replies API JSON page 1 (30476/~219292)
[youtube]     Downloading comment API JSON reply thread 6 (30479/~219292)
[youtube]     Downloading comment API JSON reply thread 7 (30482/~219292)
[youtube]     Downloading comment API JSON reply thread 8 (30484/~219292)
[youtube]     Downloading comment API JSON reply thread 9 (30487/~219292)
[youtube]     Downloading comment API JSON reply thread 10 (30489/~219292)
WARNING: [youtube] Incomplete data received. Retrying (1/10)...
[youtube]     Downloading comment API JSON reply thread 10 (30489/~219292)
WARNING: [youtube] Incomplete data received. Retrying (2/10)...
[youtube]     Downloading comment API JSON reply thread 10 (30489/~219292)
WARNING: [youtube] Incomplete data received. Retrying (3/10)...
[youtube]     Downloading comment API JSON reply thread 10 (30489/~219292)
WARNING: [youtube] Incomplete data received. Retrying (4/10)...
[youtube]     Downloading comment API JSON reply thread 10 (30489/~219292)
WARNING: [youtube] Incomplete data received. Retrying (5/10)...
[youtube]     Downloading comment API JSON reply thread 10 (30489/~219292)
WARNING: [youtube] Incomplete data received. Retrying (6/10)...
[youtube]     Downloading comment API JSON reply thread 10 (30489/~219292)
WARNING: [youtube] Incomplete data received. Retrying (7/10)...
[youtube]     Downloading comment API JSON reply thread 10 (30489/~219292)
WARNING: [youtube] Incomplete data received. Retrying (8/10)...
[youtube]     Downloading comment API JSON reply thread 10 (30489/~219292)
WARNING: [youtube] Incomplete data received. Retrying (9/10)...
[youtube]     Downloading comment API JSON reply thread 10 (30489/~219292)
WARNING: [youtube] Incomplete data received. Retrying (10/10)...
[youtube]     Downloading comment API JSON reply thread 10 (30489/~219292)
WARNING: [youtube] Incomplete data received. Giving up after 10 retries
[youtube]     Downloading comment API JSON reply thread 11 (30490/~219292)
[youtube]     Downloading comment API JSON reply thread 12 (30492/~219292)
[youtube] Downloading comment API JSON page 1040 (30499/~219292)
[youtube]     Downloading comment API JSON reply thread 1 (30501/~219292)
[youtube]     Downloading comment API JSON reply thread 2 (30505/~219292)
[youtube]     Downloading comment API JSON reply thread 3 (30507/~219292)
WARNING: [youtube] Incomplete data received. Retrying (1/10)...
[youtube]     Downloading comment API JSON reply thread 3 (30507/~219292)
WARNING: [youtube] Incomplete data received. Retrying (2/10)...
[youtube]     Downloading comment API JSON reply thread 3 (30507/~219292)
WARNING: [youtube] Incomplete data received. Retrying (3/10)...
[youtube]     Downloading comment API JSON reply thread 3 (30507/~219292)
WARNING: [youtube] Incomplete data received. Retrying (4/10)...
[youtube]     Downloading comment API JSON reply thread 3 (30507/~219292)
WARNING: [youtube] Incomplete data received. Retrying (5/10)...
[youtube]     Downloading comment API JSON reply thread 3 (30507/~219292)
WARNING: [youtube] Incomplete data received. Retrying (6/10)...
[youtube]     Downloading comment API JSON reply thread 3 (30507/~219292)
WARNING: [youtube] Incomplete data received. Retrying (7/10)...
[youtube]     Downloading comment API JSON reply thread 3 (30507/~219292)
WARNING: [youtube] Incomplete data received. Retrying (8/10)...
[youtube]     Downloading comment API JSON reply thread 3 (30507/~219292)
WARNING: [youtube] Incomplete data received. Retrying (9/10)...
[youtube]     Downloading comment API JSON reply thread 3 (30507/~219292)
WARNING: [youtube] Incomplete data received. Retrying (10/10)...
[youtube]     Downloading comment API JSON reply thread 3 (30507/~219292)
WARNING: [youtube] Incomplete data received. Giving up after 10 retries
[youtube]     Downloading comment API JSON reply thread 4 (30513/~219292)
[youtube]     Downloading comment API JSON reply thread 5 (30521/~219292)
[youtube] Downloading comment API JSON page 1041 (30527/~219292)
[youtube]     Downloading comment API JSON reply thread 1 (30529/~219292)
[youtube]     Downloading comment API JSON reply thread 2 (30537/~219292)
[youtube]     Downloading comment API JSON reply thread 3 (30541/~219292)
[youtube]     Downloading comment API JSON reply thread 4 (30543/~219292)
[youtube]     Downloading comment API JSON reply thread 5 (30550/~219292)
[youtube]     Downloading comment API JSON reply thread 6 (30557/~219292)
[youtube] Downloading comment API JSON page 1042 (30559/~219292)
[youtube]     Downloading comment API JSON reply thread 1 (30561/~219292)
[youtube]     Downloading comment API JSON reply thread 2 (30563/~219292)
[youtube]     Downloading comment API JSON reply thread 3 (30570/~219292)
[youtube]     Downloading comment API JSON reply thread 4 (30572/~219292)
[youtube]     Downloading comment API JSON reply thread 5 (30574/~219292)
[youtube]     Downloading comment API JSON reply thread 6 (30580/~219292)
[youtube]     Downloading comment API JSON reply thread 7 (30590/~219292)
[youtube] Downloading comment API JSON page 1043 (30597/~219292)
[youtube]     Downloading comment API JSON reply thread 1 (30601/~219292)
[youtube]     Downloading comment API JSON reply thread 2 (30604/~219292)
[youtube]     Downloading comment API JSON reply thread 3 (30613/~219292)
[youtube]        Downloading comment replies API JSON page 1 (30623/~219292)
[youtube]     Downloading comment API JSON reply thread 4 (30630/~219292)
[youtube]     Downloading comment API JSON reply thread 5 (30632/~219292)
[youtube]     Downloading comment API JSON reply thread 6 (30638/~219292)
[youtube]     Downloading comment API JSON reply thread 7 (30640/~219292)
[youtube]     Downloading comment API JSON reply thread 8 (30644/~219292)
[youtube] Downloading comment API JSON page 1044 (30646/~219292)
[youtube]     Downloading comment API JSON reply thread 1 (30650/~219292)
[youtube]     Downloading comment API JSON reply thread 2 (30658/~219292)
[youtube]     Downloading comment API JSON reply thread 3 (30660/~219292)
[youtube]     Downloading comment API JSON reply thread 4 (30666/~219292)
[youtube]     Downloading comment API JSON reply thread 5 (30673/~219292)
[youtube] Downloading comment API JSON page 1045 (30675/~219292)
[youtube]     Downloading comment API JSON reply thread 1 (30676/~219292)
[youtube]     Downloading comment API JSON reply thread 2 (30678/~219292)
[youtube]     Downloading comment API JSON reply thread 3 (30681/~219292)
[youtube]     Downloading comment API JSON reply thread 4 (30688/~219292)
[youtube]     Downloading comment API JSON reply thread 5 (30692/~219292)
[youtube]     Downloading comment API JSON reply thread 6 (30694/~219292)
[youtube]     Downloading comment API JSON reply thread 7 (30704/~219292)
[youtube]     Downloading comment API JSON reply thread 8 (30707/~219292)
[youtube] Downloading comment API JSON page 1046 (30710/~219292)
[youtube]     Downloading comment API JSON reply thread 1 (30712/~219292)
[youtube]     Downloading comment API JSON reply thread 2 (30714/~219292)
[youtube]     Downloading comment API JSON reply thread 3 (30719/~219292)
[youtube]     Downloading comment API JSON reply thread 4 (30722/~219292)
[youtube]     Downloading comment API JSON reply thread 5 (30736/~219292)
[youtube] Downloading comment API JSON page 1047 (30738/~219292)
[youtube]     Downloading comment API JSON reply thread 1 (30739/~219292)
[youtube]     Downloading comment API JSON reply thread 2 (30747/~219292)
[youtube]     Downloading comment API JSON reply thread 3 (30754/~219292)
[youtube]     Downloading comment API JSON reply thread 4 (30757/~219292)
[youtube]     Downloading comment API JSON reply thread 5 (30763/~219292)
[youtube]     Downloading comment API JSON reply thread 6 (30765/~219292)
[youtube] Downloading comment API JSON page 1048 (30769/~219292)
[youtube]     Downloading comment API JSON reply thread 1 (30775/~219292)
[youtube]     Downloading comment API JSON reply thread 2 (30777/~219292)
[youtube]     Downloading comment API JSON reply thread 3 (30780/~219292)
[youtube]     Downloading comment API JSON reply thread 4 (30782/~219292)
[youtube]     Downloading comment API JSON reply thread 5 (30785/~219292)
[youtube]     Downloading comment API JSON reply thread 6 (30788/~219292)
[youtube]     Downloading comment API JSON reply thread 7 (30798/~219292)
[youtube] Downloading comment API JSON page 1049 (30801/~219292)
[youtube]     Downloading comment API JSON reply thread 1 (30804/~219292)
WARNING: [youtube] Incomplete data received. Retrying (1/10)...
[youtube]     Downloading comment API JSON reply thread 1 (30804/~219292)
WARNING: [youtube] Incomplete data received. Retrying (2/10)...
[youtube]     Downloading comment API JSON reply thread 1 (30804/~219292)
WARNING: [youtube] Incomplete data received. Retrying (3/10)...
[youtube]     Downloading comment API JSON reply thread 1 (30804/~219292)
WARNING: [youtube] Incomplete data received. Retrying (4/10)...
[youtube]     Downloading comment API JSON reply thread 1 (30804/~219292)
WARNING: [youtube] Incomplete data received. Retrying (5/10)...
[youtube]     Downloading comment API JSON reply thread 1 (30804/~219292)
WARNING: [youtube] Incomplete data received. Retrying (6/10)...
[youtube]     Downloading comment API JSON reply thread 1 (30804/~219292)
WARNING: [youtube] Incomplete data received. Retrying (7/10)...
[youtube]     Downloading comment API JSON reply thread 1 (30804/~219292)
WARNING: [youtube] Incomplete data received. Retrying (8/10)...
[youtube]     Downloading comment API JSON reply thread 1 (30804/~219292)
WARNING: [youtube] Incomplete data received. Retrying (9/10)...
[youtube]     Downloading comment API JSON reply thread 1 (30804/~219292)
WARNING: [youtube] Incomplete data received. Retrying (10/10)...
[youtube]     Downloading comment API JSON reply thread 1 (30804/~219292)
WARNING: [youtube] Incomplete data received. Giving up after 10 retries
[youtube]     Downloading comment API JSON reply thread 2 (30816/~219292)
[youtube]     Downloading comment API JSON reply thread 3 (30819/~219292)
[youtube]     Downloading comment API JSON reply thread 4 (30823/~219292)
[youtube]     Downloading comment API JSON reply thread 5 (30825/~219292)
[youtube] Downloading comment API JSON page 1050 (30834/~219292)
[youtube]     Downloading comment API JSON reply thread 1 (30835/~219292)
[youtube]     Downloading comment API JSON reply thread 2 (30844/~219292)
[youtube]     Downloading comment API JSON reply thread 3 (30848/~219292)
WARNING: [youtube] Incomplete data received. Retrying (1/10)...
[youtube]     Downloading comment API JSON reply thread 3 (30848/~219292)
WARNING: [youtube] Incomplete data received. Retrying (2/10)...
[youtube]     Downloading comment API JSON reply thread 3 (30848/~219292)
WARNING: [youtube] Incomplete data received. Retrying (3/10)...
[youtube]     Downloading comment API JSON reply thread 3 (30848/~219292)
WARNING: [youtube] Incomplete data received. Retrying (4/10)...
[youtube]     Downloading comment API JSON reply thread 3 (30848/~219292)
WARNING: [youtube] Incomplete data received. Retrying (5/10)...
[youtube]     Downloading comment API JSON reply thread 3 (30848/~219292)
WARNING: [youtube] Incomplete data received. Retrying (6/10)...
[youtube]     Downloading comment API JSON reply thread 3 (30848/~219292)
WARNING: [youtube] Incomplete data received. Retrying (7/10)...
[youtube]     Downloading comment API JSON reply thread 3 (30848/~219292)
WARNING: [youtube] Incomplete data received. Retrying (8/10)...
[youtube]     Downloading comment API JSON reply thread 3 (30848/~219292)
WARNING: [youtube] Incomplete data received. Retrying (9/10)...
[youtube]     Downloading comment API JSON reply thread 3 (30848/~219292)
WARNING: [youtube] Incomplete data received. Retrying (10/10)...
[youtube]     Downloading comment API JSON reply thread 3 (30848/~219292)
WARNING: [youtube] Incomplete data received. Giving up after 10 retries
[youtube]     Downloading comment API JSON reply thread 4 (30849/~219292)
[youtube]     Downloading comment API JSON reply thread 5 (30863/~219292)
[youtube]     Downloading comment API JSON reply thread 6 (30869/~219292)
[youtube]     Downloading comment API JSON reply thread 7 (30872/~219292)
[youtube]     Downloading comment API JSON reply thread 8 (30874/~219292)
[youtube]     Downloading comment API JSON reply thread 9 (30877/~219292)
[youtube]     Downloading comment API JSON reply thread 10 (30879/~219292)
[youtube]     Downloading comment API JSON reply thread 11 (30882/~219292)
[youtube] Downloading comment API JSON page 1051 (30885/~219292)
[youtube]     Downloading comment API JSON reply thread 1 (30887/~219292)
[youtube]     Downloading comment API JSON reply thread 2 (30890/~219292)
[youtube]     Downloading comment API JSON reply thread 3 (30899/~219292)
[youtube]     Downloading comment API JSON reply thread 4 (30912/~219292)
[youtube]     Downloading comment API JSON reply thread 5 (30914/~219292)
[youtube] Downloading comment API JSON page 1052 (30918/~219292)
WARNING: [youtube] [SSL: UNEXPECTED_EOF_WHILE_READING] EOF occurred in violation of protocol (_ssl.c:1000). Retrying (1/10)...
[youtube] Downloading comment API JSON page 1052 (30918/~219292)
[youtube]     Downloading comment API JSON reply thread 1 (30924/~219292)
WARNING: [youtube] EOF occurred in violation of protocol (_ssl.c:2406). Retrying (1/10)...
[youtube]     Downloading comment API JSON reply thread 1 (30924/~219292)
WARNING: [youtube] Remote end closed connection without response. Retrying (2/10)...
[youtube]     Downloading comment API JSON reply thread 1 (30924/~219292)
[youtube]     Downloading comment API JSON reply thread 2 (30928/~219292)
[youtube]     Downloading comment API JSON reply thread 3 (30932/~219292)
WARNING: [youtube] The read operation timed out. Retrying (1/10)...
[youtube]     Downloading comment API JSON reply thread 3 (30932/~219292)
WARNING: [youtube] [SSL: UNEXPECTED_EOF_WHILE_READING] EOF occurred in violation of protocol (_ssl.c:1000). Retrying (2/10)...
[youtube]     Downloading comment API JSON reply thread 3 (30932/~219292)
WARNING: [youtube] [SSL: UNEXPECTED_EOF_WHILE_READING] EOF occurred in violation of protocol (_ssl.c:1000). Retrying (3/10)...
[youtube]     Downloading comment API JSON reply thread 3 (30932/~219292)
WARNING: [youtube] [SSL: UNEXPECTED_EOF_WHILE_READING] EOF occurred in violation of protocol (_ssl.c:1000). Retrying (4/10)...
[youtube]     Downloading comment API JSON reply thread 3 (30932/~219292)
WARNING: [youtube] [SSL: UNEXPECTED_EOF_WHILE_READING] EOF occurred in violation of protocol (_ssl.c:1000). Retrying (5/10)...
[youtube]     Downloading comment API JSON reply thread 3 (30932/~219292)
WARNING: [youtube] [SSL: UNEXPECTED_EOF_WHILE_READING] EOF occurred in violation of protocol (_ssl.c:1000). Retrying (6/10)...
[youtube]     Downloading comment API JSON reply thread 3 (30932/~219292)
WARNING: [youtube] [SSL: UNEXPECTED_EOF_WHILE_READING] EOF occurred in violation of protocol (_ssl.c:1000). Retrying (7/10)...
[youtube]     Downloading comment API JSON reply thread 3 (30932/~219292)
WARNING: [youtube] [SSL: UNEXPECTED_EOF_WHILE_READING] EOF occurred in violation of protocol (_ssl.c:1000). Retrying (8/10)...
[youtube]     Downloading comment API JSON reply thread 3 (30932/~219292)
WARNING: [youtube] [SSL: UNEXPECTED_EOF_WHILE_READING] EOF occurred in violation of protocol (_ssl.c:1000). Retrying (9/10)...
[youtube]     Downloading comment API JSON reply thread 3 (30932/~219292)
WARNING: [youtube] [SSL: UNEXPECTED_EOF_WHILE_READING] EOF occurred in violation of protocol (_ssl.c:1000). Retrying (10/10)...
[youtube]     Downloading comment API JSON reply thread 3 (30932/~219292)
ERROR: Unable to download API page: [SSL: UNEXPECTED_EOF_WHILE_READING] EOF occurred in violation of protocol (_ssl.c:1000) (caused by SSLError('[SSL: UNEXPECTED_EOF_WHILE_READING] EOF occurred in violation of protocol (_ssl.c:1000)')); please report this issue on  https://github.com/yt-dlp/yt-dlp/issues?q= , filling out the appropriate issue template. Confirm you are on the latest version using  yt-dlp -U
Traceback (most recent call last):
  File "/usr/lib/python3.12/urllib/request.py", line 1344, in do_open
    h.request(req.get_method(), req.selector, req.data, headers,
  File "/usr/lib/python3.12/http/client.py", line 1356, in request
    self._send_request(method, url, body, headers, encode_chunked)
  File "/usr/lib/python3.12/http/client.py", line 1402, in _send_request
    self.endheaders(body, encode_chunked=encode_chunked)
  File "/usr/lib/python3.12/http/client.py", line 1351, in endheaders
    self._send_output(message_body, encode_chunked=encode_chunked)
  File "/usr/lib/python3.12/http/client.py", line 1111, in _send_output
    self.send(msg)
  File "/usr/lib/python3.12/http/client.py", line 1055, in send
    self.connect()
  File "[YT-DLP BIN]/yt_dlp/networking/_urllib.py", line 198, in connect
    self.sock = self._context.wrap_socket(self.sock, server_hostname=self.host)
                ^^^^^^^^^^^^^^^^^^^^^^^^^^^^^^^^^^^^^^^^^^^^^^^^^^^^^^^^^^^^^^^
  File "/usr/lib/python3.12/ssl.py", line 455, in wrap_socket
    return self.sslsocket_class._create(
           ^^^^^^^^^^^^^^^^^^^^^^^^^^^^^
  File "/usr/lib/python3.12/ssl.py", line 1042, in _create
    self.do_handshake()
  File "/usr/lib/python3.12/ssl.py", line 1320, in do_handshake
    self._sslobj.do_handshake()
ssl.SSLEOFError: [SSL: UNEXPECTED_EOF_WHILE_READING] EOF occurred in violation of protocol (_ssl.c:1000)

The above exception was the direct cause of the following exception:

Traceback (most recent call last):
  File "[YT-DLP BIN]/yt_dlp/extractor/common.py", line 910, in _request_webpage
    return self._downloader.urlopen(self._create_request(url_or_request, data, headers, query, extensions))
           ^^^^^^^^^^^^^^^^^^^^^^^^^^^^^^^^^^^^^^^^^^^^^^^^^^^^^^^^^^^^^^^^^^^^^^^^^^^^^^^^^^^^^^^^^^^^^^^^
  File "[YT-DLP BIN]/yt_dlp/YoutubeDL.py", line 4295, in urlopen
    return self._request_director.send(req)
           ^^^^^^^^^^^^^^^^^^^^^^^^^^^^^^^^
  File "[YT-DLP BIN]/yt_dlp/networking/common.py", line 117, in send
    response = handler.send(request)
               ^^^^^^^^^^^^^^^^^^^^^
  File "[YT-DLP BIN]/yt_dlp/networking/_helper.py", line 194, in wrapper
    return func(self, *args, **kwargs)
           ^^^^^^^^^^^^^^^^^^^^^^^^^^^
  File "[YT-DLP BIN]/yt_dlp/networking/common.py", line 359, in send
    return self._send(request)
           ^^^^^^^^^^^^^^^^^^^
  File "[YT-DLP BIN]/yt_dlp/networking/_urllib.py", line 433, in _send
    handle_response_read_exceptions(cause)
  File "[YT-DLP BIN]/yt_dlp/networking/_urllib.py", line 347, in handle_response_read_exceptions
    handle_sslerror(e)
  File "[YT-DLP BIN]/yt_dlp/networking/_urllib.py", line 340, in handle_sslerror
    raise SSLError(cause=e) from e
yt_dlp.networking.exceptions.SSLError: [SSL: UNEXPECTED_EOF_WHILE_READING] EOF occurred in violation of protocol (_ssl.c:1000)
Traceback (most recent call last):
  File "/usr/lib/python3.12/urllib/request.py", line 1344, in do_open
    h.request(req.get_method(), req.selector, req.data, headers,
  File "/usr/lib/python3.12/http/client.py", line 1356, in request
    self._send_request(method, url, body, headers, encode_chunked)
  File "/usr/lib/python3.12/http/client.py", line 1402, in _send_request
    self.endheaders(body, encode_chunked=encode_chunked)
  File "/usr/lib/python3.12/http/client.py", line 1351, in endheaders
    self._send_output(message_body, encode_chunked=encode_chunked)
  File "/usr/lib/python3.12/http/client.py", line 1111, in _send_output
    self.send(msg)
  File "/usr/lib/python3.12/http/client.py", line 1055, in send
    self.connect()
  File "[YT-DLP BIN]/yt_dlp/networking/_urllib.py", line 198, in connect
    self.sock = self._context.wrap_socket(self.sock, server_hostname=self.host)
                ^^^^^^^^^^^^^^^^^^^^^^^^^^^^^^^^^^^^^^^^^^^^^^^^^^^^^^^^^^^^^^^
  File "/usr/lib/python3.12/ssl.py", line 455, in wrap_socket
    return self.sslsocket_class._create(
           ^^^^^^^^^^^^^^^^^^^^^^^^^^^^^
  File "/usr/lib/python3.12/ssl.py", line 1042, in _create
    self.do_handshake()
  File "/usr/lib/python3.12/ssl.py", line 1320, in do_handshake
    self._sslobj.do_handshake()
ssl.SSLEOFError: [SSL: UNEXPECTED_EOF_WHILE_READING] EOF occurred in violation of protocol (_ssl.c:1000)

The above exception was the direct cause of the following exception:

Traceback (most recent call last):
  File "[YT-DLP BIN]/yt_dlp/extractor/common.py", line 910, in _request_webpage
    return self._downloader.urlopen(self._create_request(url_or_request, data, headers, query, extensions))
           ^^^^^^^^^^^^^^^^^^^^^^^^^^^^^^^^^^^^^^^^^^^^^^^^^^^^^^^^^^^^^^^^^^^^^^^^^^^^^^^^^^^^^^^^^^^^^^^^
  File "[YT-DLP BIN]/yt_dlp/YoutubeDL.py", line 4295, in urlopen
    return self._request_director.send(req)
           ^^^^^^^^^^^^^^^^^^^^^^^^^^^^^^^^
  File "[YT-DLP BIN]/yt_dlp/networking/common.py", line 117, in send
    response = handler.send(request)
               ^^^^^^^^^^^^^^^^^^^^^
  File "[YT-DLP BIN]/yt_dlp/networking/_helper.py", line 194, in wrapper
    return func(self, *args, **kwargs)
           ^^^^^^^^^^^^^^^^^^^^^^^^^^^
  File "[YT-DLP BIN]/yt_dlp/networking/common.py", line 359, in send
    return self._send(request)
           ^^^^^^^^^^^^^^^^^^^
  File "[YT-DLP BIN]/yt_dlp/networking/_urllib.py", line 433, in _send
    handle_response_read_exceptions(cause)
  File "[YT-DLP BIN]/yt_dlp/networking/_urllib.py", line 347, in handle_response_read_exceptions
    handle_sslerror(e)
  File "[YT-DLP BIN]/yt_dlp/networking/_urllib.py", line 340, in handle_sslerror
    raise SSLError(cause=e) from e
yt_dlp.networking.exceptions.SSLError: [SSL: UNEXPECTED_EOF_WHILE_READING] EOF occurred in violation of protocol (_ssl.c:1000)

During handling of the above exception, another exception occurred:

Traceback (most recent call last):
  File "[YT-DLP BIN]/yt_dlp/extractor/common.py", line 3907, in extractor
    comments.append(next(generator))
                    ^^^^^^^^^^^^^^^
  File "[YT-DLP BIN]/yt_dlp/extractor/youtube/_video.py", line 2691, in _real_comment_extract
    yield from self._comment_entries(renderer, ytcfg, video_id)
  File "[YT-DLP BIN]/yt_dlp/extractor/youtube/_video.py", line 2664, in _comment_entries
    for entry in extract_thread(continuation_items, mutations, parent, depth):
  File "[YT-DLP BIN]/yt_dlp/extractor/youtube/_video.py", line 2572, in extract_thread
    yield from itertools.islice(comment_entries_iter, min(
  File "[YT-DLP BIN]/yt_dlp/extractor/youtube/_video.py", line 2632, in _comment_entries
    response = self._extract_response(
               ^^^^^^^^^^^^^^^^^^^^^^^
  File "[YT-DLP BIN]/yt_dlp/extractor/youtube/_base.py", line 1252, in _extract_response
    next(main_retries)
  File "[YT-DLP BIN]/yt_dlp/utils/_utils.py", line 5276, in __iter__
    self.error_callback(self.error, self.attempt, self.retries)
  File "[YT-DLP BIN]/yt_dlp/extractor/common.py", line 4068, in _error_or_warning
    RetryManager.report_retry(
  File "[YT-DLP BIN]/yt_dlp/utils/_utils.py", line 5284, in report_retry
    raise e
  File "[YT-DLP BIN]/yt_dlp/extractor/youtube/_base.py", line 1242, in _extract_response
    response = self._call_api(
               ^^^^^^^^^^^^^^^
  File "[YT-DLP BIN]/yt_dlp/extractor/youtube/_base.py", line 805, in _call_api
    return self._download_json(
           ^^^^^^^^^^^^^^^^^^^^
  File "[YT-DLP BIN]/yt_dlp/extractor/common.py", line 1151, in download_content
    res = getattr(self, download_handle.__name__)(url_or_request, video_id, **kwargs)
          ^^^^^^^^^^^^^^^^^^^^^^^^^^^^^^^^^^^^^^^^^^^^^^^^^^^^^^^^^^^^^^^^^^^^^^^^^^^
  File "[YT-DLP BIN]/yt_dlp/extractor/common.py", line 1109, in download_handle
    res = self._download_webpage_handle(
          ^^^^^^^^^^^^^^^^^^^^^^^^^^^^^^
  File "[YT-DLP BIN]/yt_dlp/extractor/common.py", line 974, in _download_webpage_handle
    urlh = self._request_webpage(url_or_request, video_id, note, errnote, fatal, data=data,
           ^^^^^^^^^^^^^^^^^^^^^^^^^^^^^^^^^^^^^^^^^^^^^^^^^^^^^^^^^^^^^^^^^^^^^^^^^^^^^^^^
  File "[YT-DLP BIN]/yt_dlp/extractor/youtube/_base.py", line 783, in _request_webpage
    response = super()._request_webpage(*args, **kwargs)
               ^^^^^^^^^^^^^^^^^^^^^^^^^^^^^^^^^^^^^^^^^
  File "[YT-DLP BIN]/yt_dlp/extractor/common.py", line 923, in _request_webpage
    raise ExtractorError(errmsg, cause=err)
yt_dlp.utils.ExtractorError: Unable to download API page: [SSL: UNEXPECTED_EOF_WHILE_READING] EOF occurred in violation of protocol (_ssl.c:1000) (caused by SSLError('[SSL: UNEXPECTED_EOF_WHILE_READING] EOF occurred in violation of protocol (_ssl.c:1000)')); please report this issue on  https://github.com/yt-dlp/yt-dlp/issues?q= , filling out the appropriate issue template. Confirm you are on the latest version using  yt-dlp -U

[youtube] Extracted 30932 comments
[debug] Default format spec: bestvideo*+bestaudio/best
[info] AqI97zHMoQw: Downloading 1 format(s): 398+251
[info] Writing video description to: 椎名もた(siinamota) - Young Girl A ⧸ 少女A [AqI97zHMoQw].description
Deleting existing file 椎名もた(siinamota) - Young Girl A ⧸ 少女A [AqI97zHMoQw].en.srv3
[info] Writing video subtitles to: 椎名もた(siinamota) - Young Girl A ⧸ 少女A [AqI97zHMoQw].en.srv3
[debug] Invoking http downloader on "https://www.youtube.com/api/timedtext?v=AqI97zHMoQw&ei=aqIvaty4HvTImLAPgdL9oAk&caps=asr&opi=112496729&xoaf=5&xowf=1&hl=en&ip=0.0.0.0&ipbits=0&expire=1781531866&sparams=ip%2Cipbits%2Cexpire%2Cv%2Cei%2Ccaps%2Copi%2Cxoaf&signature=71C49AFEEAD8411ECC7780FE894D7CAC60E20197.95E126ACAE2B37247BD42E71A038E12D7C4CEC65&key=yt8&lang=en&fmt=srv3"
[download] Sleeping 5.00 seconds ...
WARNING: The extractor specified to use impersonation for this download, but no impersonate target is available. If you encounter errors, then see  https://github.com/yt-dlp/yt-dlp#impersonation  for information on installing the required dependencies
[download] Got error: [SSL: UNEXPECTED_EOF_WHILE_READING] EOF occurred in violation of protocol (_ssl.c:1000). Retrying (1/inf)...
Sleeping 3.00 seconds ...
[download] Got error: [SSL: UNEXPECTED_EOF_WHILE_READING] EOF occurred in violation of protocol (_ssl.c:1000). Retrying (2/inf)...
Sleeping 3.00 seconds ...
[download] Got error: [SSL: UNEXPECTED_EOF_WHILE_READING] EOF occurred in violation of protocol (_ssl.c:1000). Retrying (3/inf)...
Sleeping 3.00 seconds ...
[download] Got error: [SSL: UNEXPECTED_EOF_WHILE_READING] EOF occurred in violation of protocol (_ssl.c:1000). Retrying (4/inf)...
Sleeping 3.00 seconds ...
[download] Got error: [SSL: UNEXPECTED_EOF_WHILE_READING] EOF occurred in violation of protocol (_ssl.c:1000). Retrying (5/inf)...
Sleeping 3.00 seconds ...
[download] Got error: [SSL: UNEXPECTED_EOF_WHILE_READING] EOF occurred in violation of protocol (_ssl.c:1000). Retrying (6/inf)...
Sleeping 3.00 seconds ...
[download] Got error: [SSL: UNEXPECTED_EOF_WHILE_READING] EOF occurred in violation of protocol (_ssl.c:1000). Retrying (7/inf)...
Sleeping 3.00 seconds ...
[download] Got error: [SSL: UNEXPECTED_EOF_WHILE_READING] EOF occurred in violation of protocol (_ssl.c:1000). Retrying (8/inf)...
Sleeping 3.00 seconds ...
[download] Got error: [SSL: UNEXPECTED_EOF_WHILE_READING] EOF occurred in violation of protocol (_ssl.c:1000). Retrying (9/inf)...
Sleeping 3.00 seconds ...
[download] Got error: [SSL: UNEXPECTED_EOF_WHILE_READING] EOF occurred in violation of protocol (_ssl.c:1000). Retrying (10/inf)...
Sleeping 3.00 seconds ...
[download] Got error: [SSL: UNEXPECTED_EOF_WHILE_READING] EOF occurred in violation of protocol (_ssl.c:1000). Retrying (11/inf)...
Sleeping 3.00 seconds ...
[download] Got error: [SSL: UNEXPECTED_EOF_WHILE_READING] EOF occurred in violation of protocol (_ssl.c:1000). Retrying (12/inf)...
Sleeping 3.00 seconds ...
[download] Got error: [SSL: UNEXPECTED_EOF_WHILE_READING] EOF occurred in violation of protocol (_ssl.c:1000). Retrying (13/inf)...
Sleeping 3.00 seconds ...
[download] Got error: [SSL: UNEXPECTED_EOF_WHILE_READING] EOF occurred in violation of protocol (_ssl.c:1000). Retrying (14/inf)...
Sleeping 3.00 seconds ...
[download] Got error: [SSL: UNEXPECTED_EOF_WHILE_READING] EOF occurred in violation of protocol (_ssl.c:1000). Retrying (15/inf)...
Sleeping 3.00 seconds ...
[download] Got error: [SSL: UNEXPECTED_EOF_WHILE_READING] EOF occurred in violation of protocol (_ssl.c:1000). Retrying (16/inf)...
Sleeping 3.00 seconds ...
[download] Got error: [SSL: UNEXPECTED_EOF_WHILE_READING] EOF occurred in violation of protocol (_ssl.c:1000). Retrying (17/inf)...
Sleeping 3.00 seconds ...
[download] Got error: [SSL: UNEXPECTED_EOF_WHILE_READING] EOF occurred in violation of protocol (_ssl.c:1000). Retrying (18/inf)...
Sleeping 3.00 seconds ...
[download] Got error: [SSL: UNEXPECTED_EOF_WHILE_READING] EOF occurred in violation of protocol (_ssl.c:1000). Retrying (19/inf)...
Sleeping 3.00 seconds ...
[download] Got error: [SSL: UNEXPECTED_EOF_WHILE_READING] EOF occurred in violation of protocol (_ssl.c:1000). Retrying (20/inf)...
Sleeping 3.00 seconds ...
[download] Got error: [SSL: UNEXPECTED_EOF_WHILE_READING] EOF occurred in violation of protocol (_ssl.c:1000). Retrying (21/inf)...
Sleeping 3.00 seconds ...
[download] Got error: [SSL: UNEXPECTED_EOF_WHILE_READING] EOF occurred in violation of protocol (_ssl.c:1000). Retrying (22/inf)...
Sleeping 3.00 seconds ...
[download] Got error: [SSL: UNEXPECTED_EOF_WHILE_READING] EOF occurred in violation of protocol (_ssl.c:1000). Retrying (23/inf)...
Sleeping 3.00 seconds ...
[download] Got error: [SSL: UNEXPECTED_EOF_WHILE_READING] EOF occurred in violation of protocol (_ssl.c:1000). Retrying (24/inf)...
Sleeping 3.00 seconds ...
[download] Got error: [SSL: UNEXPECTED_EOF_WHILE_READING] EOF occurred in violation of protocol (_ssl.c:1000). Retrying (25/inf)...
Sleeping 3.00 seconds ...
[download] Got error: [SSL: UNEXPECTED_EOF_WHILE_READING] EOF occurred in violation of protocol (_ssl.c:1000). Retrying (26/inf)...
Sleeping 3.00 seconds ...
[download] Got error: [SSL: UNEXPECTED_EOF_WHILE_READING] EOF occurred in violation of protocol (_ssl.c:1000). Retrying (27/inf)...
Sleeping 3.00 seconds ...
[download] Got error: [SSL: UNEXPECTED_EOF_WHILE_READING] EOF occurred in violation of protocol (_ssl.c:1000). Retrying (28/inf)...
Sleeping 3.00 seconds ...
[download] Got error: [SSL: UNEXPECTED_EOF_WHILE_READING] EOF occurred in violation of protocol (_ssl.c:1000). Retrying (29/inf)...
Sleeping 3.00 seconds ...
[download] Got error: [SSL: UNEXPECTED_EOF_WHILE_READING] EOF occurred in violation of protocol (_ssl.c:1000). Retrying (30/inf)...
Sleeping 3.00 seconds ...
[download] Got error: [SSL: UNEXPECTED_EOF_WHILE_READING] EOF occurred in violation of protocol (_ssl.c:1000). Retrying (31/inf)...
Sleeping 3.00 seconds ...
[download] Got error: [SSL: UNEXPECTED_EOF_WHILE_READING] EOF occurred in violation of protocol (_ssl.c:1000). Retrying (32/inf)...
Sleeping 3.00 seconds ...
[download] Got error: [SSL: UNEXPECTED_EOF_WHILE_READING] EOF occurred in violation of protocol (_ssl.c:1000). Retrying (33/inf)...
Sleeping 3.00 seconds ...
[download] Got error: [SSL: UNEXPECTED_EOF_WHILE_READING] EOF occurred in violation of protocol (_ssl.c:1000). Retrying (34/inf)...
Sleeping 3.00 seconds ...
[download] Got error: [SSL: UNEXPECTED_EOF_WHILE_READING] EOF occurred in violation of protocol (_ssl.c:1000). Retrying (35/inf)...
Sleeping 3.00 seconds ...
[download] Got error: [SSL: UNEXPECTED_EOF_WHILE_READING] EOF occurred in violation of protocol (_ssl.c:1000). Retrying (36/inf)...
Sleeping 3.00 seconds ...
[download] Got error: [SSL: UNEXPECTED_EOF_WHILE_READING] EOF occurred in violation of protocol (_ssl.c:1000). Retrying (37/inf)...
Sleeping 3.00 seconds ...
[download] Got error: [SSL: UNEXPECTED_EOF_WHILE_READING] EOF occurred in violation of protocol (_ssl.c:1000). Retrying (38/inf)...
Sleeping 3.00 seconds ...
[download] Got error: [SSL: UNEXPECTED_EOF_WHILE_READING] EOF occurred in violation of protocol (_ssl.c:1000). Retrying (39/inf)...
Sleeping 3.00 seconds ...
[download] Got error: [SSL: UNEXPECTED_EOF_WHILE_READING] EOF occurred in violation of protocol (_ssl.c:1000). Retrying (40/inf)...
Sleeping 3.00 seconds ...
[download] Got error: [SSL: UNEXPECTED_EOF_WHILE_READING] EOF occurred in violation of protocol (_ssl.c:1000). Retrying (41/inf)...
Sleeping 3.00 seconds ...
[download] Got error: [SSL: UNEXPECTED_EOF_WHILE_READING] EOF occurred in violation of protocol (_ssl.c:1000). Retrying (42/inf)...
Sleeping 3.00 seconds ...
[download] Got error: [SSL: UNEXPECTED_EOF_WHILE_READING] EOF occurred in violation of protocol (_ssl.c:1000). Retrying (43/inf)...
Sleeping 3.00 seconds ...
[download] Got error: [SSL: UNEXPECTED_EOF_WHILE_READING] EOF occurred in violation of protocol (_ssl.c:1000). Retrying (44/inf)...
Sleeping 3.00 seconds ...
[download] Got error: [SSL: UNEXPECTED_EOF_WHILE_READING] EOF occurred in violation of protocol (_ssl.c:1000). Retrying (45/inf)...
Sleeping 3.00 seconds ...
[download] Got error: [SSL: UNEXPECTED_EOF_WHILE_READING] EOF occurred in violation of protocol (_ssl.c:1000). Retrying (46/inf)...
Sleeping 3.00 seconds ...
[download] Got error: [SSL: UNEXPECTED_EOF_WHILE_READING] EOF occurred in violation of protocol (_ssl.c:1000). Retrying (47/inf)...
Sleeping 3.00 seconds ...
[download] Got error: [SSL: UNEXPECTED_EOF_WHILE_READING] EOF occurred in violation of protocol (_ssl.c:1000). Retrying (48/inf)...
Sleeping 3.00 seconds ...
[download] Got error: [SSL: UNEXPECTED_EOF_WHILE_READING] EOF occurred in violation of protocol (_ssl.c:1000). Retrying (49/inf)...
Sleeping 3.00 seconds ...
[download] Got error: [SSL: UNEXPECTED_EOF_WHILE_READING] EOF occurred in violation of protocol (_ssl.c:1000). Retrying (50/inf)...
Sleeping 3.00 seconds ...
[download] Got error: [SSL: UNEXPECTED_EOF_WHILE_READING] EOF occurred in violation of protocol (_ssl.c:1000). Retrying (51/inf)...
Sleeping 3.00 seconds ...
[download] Got error: [SSL: UNEXPECTED_EOF_WHILE_READING] EOF occurred in violation of protocol (_ssl.c:1000). Retrying (52/inf)...
Sleeping 3.00 seconds ...
[download] Got error: [SSL: UNEXPECTED_EOF_WHILE_READING] EOF occurred in violation of protocol (_ssl.c:1000). Retrying (53/inf)...
Sleeping 3.00 seconds ...
[download] Got error: [SSL: UNEXPECTED_EOF_WHILE_READING] EOF occurred in violation of protocol (_ssl.c:1000). Retrying (54/inf)...
Sleeping 3.00 seconds ...
[download] Got error: [SSL: UNEXPECTED_EOF_WHILE_READING] EOF occurred in violation of protocol (_ssl.c:1000). Retrying (55/inf)...
Sleeping 3.00 seconds ...
[download] Got error: [SSL: UNEXPECTED_EOF_WHILE_READING] EOF occurred in violation of protocol (_ssl.c:1000). Retrying (56/inf)...
Sleeping 3.00 seconds ...
[download] Got error: [SSL: UNEXPECTED_EOF_WHILE_READING] EOF occurred in violation of protocol (_ssl.c:1000). Retrying (57/inf)...
Sleeping 3.00 seconds ...
[download] Got error: [SSL: UNEXPECTED_EOF_WHILE_READING] EOF occurred in violation of protocol (_ssl.c:1000). Retrying (58/inf)...
Sleeping 3.00 seconds ...
[download] Got error: [SSL: UNEXPECTED_EOF_WHILE_READING] EOF occurred in violation of protocol (_ssl.c:1000). Retrying (59/inf)...
Sleeping 3.00 seconds ...
[download] Got error: [SSL: UNEXPECTED_EOF_WHILE_READING] EOF occurred in violation of protocol (_ssl.c:1000). Retrying (60/inf)...
Sleeping 3.00 seconds ...
[download] Got error: [SSL: UNEXPECTED_EOF_WHILE_READING] EOF occurred in violation of protocol (_ssl.c:1000). Retrying (61/inf)...
Sleeping 3.00 seconds ...
[download] Got error: [SSL: UNEXPECTED_EOF_WHILE_READING] EOF occurred in violation of protocol (_ssl.c:1000). Retrying (62/inf)...
Sleeping 3.00 seconds ...
[download] Got error: [SSL: UNEXPECTED_EOF_WHILE_READING] EOF occurred in violation of protocol (_ssl.c:1000). Retrying (63/inf)...
Sleeping 3.00 seconds ...
[download] Got error: [SSL: UNEXPECTED_EOF_WHILE_READING] EOF occurred in violation of protocol (_ssl.c:1000). Retrying (64/inf)...
Sleeping 3.00 seconds ...
[download] Got error: [SSL: UNEXPECTED_EOF_WHILE_READING] EOF occurred in violation of protocol (_ssl.c:1000). Retrying (65/inf)...
Sleeping 3.00 seconds ...
[download] Got error: [SSL: UNEXPECTED_EOF_WHILE_READING] EOF occurred in violation of protocol (_ssl.c:1000). Retrying (66/inf)...
Sleeping 3.00 seconds ...
[download] Got error: [SSL: UNEXPECTED_EOF_WHILE_READING] EOF occurred in violation of protocol (_ssl.c:1000). Retrying (67/inf)...
Sleeping 3.00 seconds ...
[download] Got error: [SSL: UNEXPECTED_EOF_WHILE_READING] EOF occurred in violation of protocol (_ssl.c:1000). Retrying (68/inf)...
Sleeping 3.00 seconds ...
[download] Got error: [SSL: UNEXPECTED_EOF_WHILE_READING] EOF occurred in violation of protocol (_ssl.c:1000). Retrying (69/inf)...
Sleeping 3.00 seconds ...
[download] Got error: [SSL: UNEXPECTED_EOF_WHILE_READING] EOF occurred in violation of protocol (_ssl.c:1000). Retrying (70/inf)...
Sleeping 3.00 seconds ...
[download] Got error: [SSL: UNEXPECTED_EOF_WHILE_READING] EOF occurred in violation of protocol (_ssl.c:1000). Retrying (71/inf)...
Sleeping 3.00 seconds ...
[download] Got error: [SSL: UNEXPECTED_EOF_WHILE_READING] EOF occurred in violation of protocol (_ssl.c:1000). Retrying (72/inf)...
Sleeping 3.00 seconds ...
[download] Got error: [SSL: UNEXPECTED_EOF_WHILE_READING] EOF occurred in violation of protocol (_ssl.c:1000). Retrying (73/inf)...
Sleeping 3.00 seconds ...
[download] Got error: [SSL: UNEXPECTED_EOF_WHILE_READING] EOF occurred in violation of protocol (_ssl.c:1000). Retrying (74/inf)...
Sleeping 3.00 seconds ...
[download] Got error: [SSL: UNEXPECTED_EOF_WHILE_READING] EOF occurred in violation of protocol (_ssl.c:1000). Retrying (75/inf)...
Sleeping 3.00 seconds ...
[download] Got error: [SSL: UNEXPECTED_EOF_WHILE_READING] EOF occurred in violation of protocol (_ssl.c:1000). Retrying (76/inf)...
Sleeping 3.00 seconds ...
[download] Got error: [SSL: UNEXPECTED_EOF_WHILE_READING] EOF occurred in violation of protocol (_ssl.c:1000). Retrying (77/inf)...
Sleeping 3.00 seconds ...
[download] Got error: [SSL: UNEXPECTED_EOF_WHILE_READING] EOF occurred in violation of protocol (_ssl.c:1000). Retrying (78/inf)...
Sleeping 3.00 seconds ...
[download] Got error: [SSL: UNEXPECTED_EOF_WHILE_READING] EOF occurred in violation of protocol (_ssl.c:1000). Retrying (79/inf)...
Sleeping 3.00 seconds ...
[download] Got error: [SSL: UNEXPECTED_EOF_WHILE_READING] EOF occurred in violation of protocol (_ssl.c:1000). Retrying (80/inf)...
Sleeping 3.00 seconds ...
[download] Got error: [SSL: UNEXPECTED_EOF_WHILE_READING] EOF occurred in violation of protocol (_ssl.c:1000). Retrying (81/inf)...
Sleeping 3.00 seconds ...
[download] Got error: [SSL: UNEXPECTED_EOF_WHILE_READING] EOF occurred in violation of protocol (_ssl.c:1000). Retrying (82/inf)...
Sleeping 3.00 seconds ...
[download] Got error: [SSL: UNEXPECTED_EOF_WHILE_READING] EOF occurred in violation of protocol (_ssl.c:1000). Retrying (83/inf)...
Sleeping 3.00 seconds ...
[download] Got error: [SSL: UNEXPECTED_EOF_WHILE_READING] EOF occurred in violation of protocol (_ssl.c:1000). Retrying (84/inf)...
Sleeping 3.00 seconds ...
[download] Got error: [SSL: UNEXPECTED_EOF_WHILE_READING] EOF occurred in violation of protocol (_ssl.c:1000). Retrying (85/inf)...
Sleeping 3.00 seconds ...
[download] Got error: [SSL: UNEXPECTED_EOF_WHILE_READING] EOF occurred in violation of protocol (_ssl.c:1000). Retrying (86/inf)...
Sleeping 3.00 seconds ...
[download] Got error: [SSL: UNEXPECTED_EOF_WHILE_READING] EOF occurred in violation of protocol (_ssl.c:1000). Retrying (87/inf)...
Sleeping 3.00 seconds ...
[download] Got error: [SSL: UNEXPECTED_EOF_WHILE_READING] EOF occurred in violation of protocol (_ssl.c:1000). Retrying (88/inf)...
Sleeping 3.00 seconds ...
[download] Got error: [SSL: UNEXPECTED_EOF_WHILE_READING] EOF occurred in violation of protocol (_ssl.c:1000). Retrying (89/inf)...
Sleeping 3.00 seconds ...
[download] Got error: [SSL: UNEXPECTED_EOF_WHILE_READING] EOF occurred in violation of protocol (_ssl.c:1000). Retrying (90/inf)...
Sleeping 3.00 seconds ...
[download] Got error: [SSL: UNEXPECTED_EOF_WHILE_READING] EOF occurred in violation of protocol (_ssl.c:1000). Retrying (91/inf)...
Sleeping 3.00 seconds ...
[download] Got error: [SSL: UNEXPECTED_EOF_WHILE_READING] EOF occurred in violation of protocol (_ssl.c:1000). Retrying (92/inf)...
Sleeping 3.00 seconds ...
[download] Got error: [SSL: UNEXPECTED_EOF_WHILE_READING] EOF occurred in violation of protocol (_ssl.c:1000). Retrying (93/inf)...
Sleeping 3.00 seconds ...
[download] Got error: [SSL: UNEXPECTED_EOF_WHILE_READING] EOF occurred in violation of protocol (_ssl.c:1000). Retrying (94/inf)...
Sleeping 3.00 seconds ...
[download] Got error: [SSL: UNEXPECTED_EOF_WHILE_READING] EOF occurred in violation of protocol (_ssl.c:1000). Retrying (95/inf)...
Sleeping 3.00 seconds ...
[download] Got error: [SSL: UNEXPECTED_EOF_WHILE_READING] EOF occurred in violation of protocol (_ssl.c:1000). Retrying (96/inf)...
Sleeping 3.00 seconds ...
[download] Got error: [SSL: UNEXPECTED_EOF_WHILE_READING] EOF occurred in violation of protocol (_ssl.c:1000). Retrying (97/inf)...
Sleeping 3.00 seconds ...
[download] Got error: [SSL: UNEXPECTED_EOF_WHILE_READING] EOF occurred in violation of protocol (_ssl.c:1000). Retrying (98/inf)...
Sleeping 3.00 seconds ...
[download] Got error: [SSL: UNEXPECTED_EOF_WHILE_READING] EOF occurred in violation of protocol (_ssl.c:1000). Retrying (99/inf)...
Sleeping 3.00 seconds ...
[download] Got error: [SSL: UNEXPECTED_EOF_WHILE_READING] EOF occurred in violation of protocol (_ssl.c:1000). Retrying (100/inf)...
Sleeping 3.00 seconds ...
[download] Got error: [SSL: UNEXPECTED_EOF_WHILE_READING] EOF occurred in violation of protocol (_ssl.c:1000). Retrying (101/inf)...
Sleeping 3.00 seconds ...
[download] Got error: [SSL: UNEXPECTED_EOF_WHILE_READING] EOF occurred in violation of protocol (_ssl.c:1000). Retrying (102/inf)...
Sleeping 3.00 seconds ...
[download] Got error: [SSL: UNEXPECTED_EOF_WHILE_READING] EOF occurred in violation of protocol (_ssl.c:1000). Retrying (103/inf)...
Sleeping 3.00 seconds ...
[download] Got error: [SSL: UNEXPECTED_EOF_WHILE_READING] EOF occurred in violation of protocol (_ssl.c:1000). Retrying (104/inf)...
Sleeping 3.00 seconds ...
[download] Got error: [SSL: UNEXPECTED_EOF_WHILE_READING] EOF occurred in violation of protocol (_ssl.c:1000). Retrying (105/inf)...
Sleeping 3.00 seconds ...
[download] Got error: [SSL: UNEXPECTED_EOF_WHILE_READING] EOF occurred in violation of protocol (_ssl.c:1000). Retrying (106/inf)...
Sleeping 3.00 seconds ...
[download] Got error: [SSL: UNEXPECTED_EOF_WHILE_READING] EOF occurred in violation of protocol (_ssl.c:1000). Retrying (107/inf)...
Sleeping 3.00 seconds ...
[download] Got error: [SSL: UNEXPECTED_EOF_WHILE_READING] EOF occurred in violation of protocol (_ssl.c:1000). Retrying (108/inf)...
Sleeping 3.00 seconds ...
[download] Got error: [SSL: UNEXPECTED_EOF_WHILE_READING] EOF occurred in violation of protocol (_ssl.c:1000). Retrying (109/inf)...
Sleeping 3.00 seconds ...
[download] Got error: [SSL: UNEXPECTED_EOF_WHILE_READING] EOF occurred in violation of protocol (_ssl.c:1000). Retrying (110/inf)...
Sleeping 3.00 seconds ...
[download] Got error: [SSL: UNEXPECTED_EOF_WHILE_READING] EOF occurred in violation of protocol (_ssl.c:1000). Retrying (111/inf)...
Sleeping 3.00 seconds ...
[download] Got error: [SSL: UNEXPECTED_EOF_WHILE_READING] EOF occurred in violation of protocol (_ssl.c:1000). Retrying (112/inf)...
Sleeping 3.00 seconds ...
[download] Got error: [SSL: UNEXPECTED_EOF_WHILE_READING] EOF occurred in violation of protocol (_ssl.c:1000). Retrying (113/inf)...
Sleeping 3.00 seconds ...
[download] Got error: [SSL: UNEXPECTED_EOF_WHILE_READING] EOF occurred in violation of protocol (_ssl.c:1000). Retrying (114/inf)...
Sleeping 3.00 seconds ...
[download] Got error: [SSL: UNEXPECTED_EOF_WHILE_READING] EOF occurred in violation of protocol (_ssl.c:1000). Retrying (115/inf)...
Sleeping 3.00 seconds ...
[download] Got error: [SSL: UNEXPECTED_EOF_WHILE_READING] EOF occurred in violation of protocol (_ssl.c:1000). Retrying (116/inf)...
Sleeping 3.00 seconds ...
[download] Got error: [SSL: UNEXPECTED_EOF_WHILE_READING] EOF occurred in violation of protocol (_ssl.c:1000). Retrying (117/inf)...
Sleeping 3.00 seconds ...
[download] Got error: [SSL: UNEXPECTED_EOF_WHILE_READING] EOF occurred in violation of protocol (_ssl.c:1000). Retrying (118/inf)...
Sleeping 3.00 seconds ...
[download] Got error: [SSL: UNEXPECTED_EOF_WHILE_READING] EOF occurred in violation of protocol (_ssl.c:1000). Retrying (119/inf)...
Sleeping 3.00 seconds ...
[download] Got error: [SSL: UNEXPECTED_EOF_WHILE_READING] EOF occurred in violation of protocol (_ssl.c:1000). Retrying (120/inf)...
Sleeping 3.00 seconds ...
[download] Got error: [SSL: UNEXPECTED_EOF_WHILE_READING] EOF occurred in violation of protocol (_ssl.c:1000). Retrying (121/inf)...
Sleeping 3.00 seconds ...
[download] Got error: [SSL: UNEXPECTED_EOF_WHILE_READING] EOF occurred in violation of protocol (_ssl.c:1000). Retrying (122/inf)...
Sleeping 3.00 seconds ...
[download] Got error: [SSL: UNEXPECTED_EOF_WHILE_READING] EOF occurred in violation of protocol (_ssl.c:1000). Retrying (123/inf)...
Sleeping 3.00 seconds ...
[download] Got error: [SSL: UNEXPECTED_EOF_WHILE_READING] EOF occurred in violation of protocol (_ssl.c:1000). Retrying (124/inf)...
Sleeping 3.00 seconds ...
[download] Got error: [SSL: UNEXPECTED_EOF_WHILE_READING] EOF occurred in violation of protocol (_ssl.c:1000). Retrying (125/inf)...
Sleeping 3.00 seconds ...
[download] Got error: [SSL: UNEXPECTED_EOF_WHILE_READING] EOF occurred in violation of protocol (_ssl.c:1000). Retrying (126/inf)...
Sleeping 3.00 seconds ...
[download] Got error: [SSL: UNEXPECTED_EOF_WHILE_READING] EOF occurred in violation of protocol (_ssl.c:1000). Retrying (127/inf)...
Sleeping 3.00 seconds ...
[download] Got error: [SSL: UNEXPECTED_EOF_WHILE_READING] EOF occurred in violation of protocol (_ssl.c:1000). Retrying (128/inf)...
Sleeping 3.00 seconds ...
[download] Got error: [SSL: UNEXPECTED_EOF_WHILE_READING] EOF occurred in violation of protocol (_ssl.c:1000). Retrying (129/inf)...
Sleeping 3.00 seconds ...
[download] Got error: [SSL: UNEXPECTED_EOF_WHILE_READING] EOF occurred in violation of protocol (_ssl.c:1000). Retrying (130/inf)...
Sleeping 3.00 seconds ...
[download] Got error: [SSL: UNEXPECTED_EOF_WHILE_READING] EOF occurred in violation of protocol (_ssl.c:1000). Retrying (131/inf)...
Sleeping 3.00 seconds ...
[download] Got error: [SSL: UNEXPECTED_EOF_WHILE_READING] EOF occurred in violation of protocol (_ssl.c:1000). Retrying (132/inf)...
Sleeping 3.00 seconds ...
[download] Got error: [SSL: UNEXPECTED_EOF_WHILE_READING] EOF occurred in violation of protocol (_ssl.c:1000). Retrying (133/inf)...
Sleeping 3.00 seconds ...
[download] Got error: [SSL: UNEXPECTED_EOF_WHILE_READING] EOF occurred in violation of protocol (_ssl.c:1000). Retrying (134/inf)...
Sleeping 3.00 seconds ...
[download] Got error: [SSL: UNEXPECTED_EOF_WHILE_READING] EOF occurred in violation of protocol (_ssl.c:1000). Retrying (135/inf)...
Sleeping 3.00 seconds ...
[download] Got error: [SSL: UNEXPECTED_EOF_WHILE_READING] EOF occurred in violation of protocol (_ssl.c:1000). Retrying (136/inf)...
Sleeping 3.00 seconds ...
[download] Got error: [SSL: UNEXPECTED_EOF_WHILE_READING] EOF occurred in violation of protocol (_ssl.c:1000). Retrying (137/inf)...
Sleeping 3.00 seconds ...
[download] Got error: [SSL: UNEXPECTED_EOF_WHILE_READING] EOF occurred in violation of protocol (_ssl.c:1000). Retrying (138/inf)...
Sleeping 3.00 seconds ...
[download] Got error: [SSL: UNEXPECTED_EOF_WHILE_READING] EOF occurred in violation of protocol (_ssl.c:1000). Retrying (139/inf)...
Sleeping 3.00 seconds ...
[download] Got error: [SSL: UNEXPECTED_EOF_WHILE_READING] EOF occurred in violation of protocol (_ssl.c:1000). Retrying (140/inf)...
Sleeping 3.00 seconds ...
[download] Got error: [SSL: UNEXPECTED_EOF_WHILE_READING] EOF occurred in violation of protocol (_ssl.c:1000). Retrying (141/inf)...
Sleeping 3.00 seconds ...
[download] Got error: [SSL: UNEXPECTED_EOF_WHILE_READING] EOF occurred in violation of protocol (_ssl.c:1000). Retrying (142/inf)...
Sleeping 3.00 seconds ...
[download] Got error: [SSL: UNEXPECTED_EOF_WHILE_READING] EOF occurred in violation of protocol (_ssl.c:1000). Retrying (143/inf)...
Sleeping 3.00 seconds ...
[download] Got error: [SSL: UNEXPECTED_EOF_WHILE_READING] EOF occurred in violation of protocol (_ssl.c:1000). Retrying (144/inf)...
Sleeping 3.00 seconds ...
[download] Got error: [SSL: UNEXPECTED_EOF_WHILE_READING] EOF occurred in violation of protocol (_ssl.c:1000). Retrying (145/inf)...
Sleeping 3.00 seconds ...
[download] Got error: [SSL: UNEXPECTED_EOF_WHILE_READING] EOF occurred in violation of protocol (_ssl.c:1000). Retrying (146/inf)...
Sleeping 3.00 seconds ...
[download] Got error: [SSL: UNEXPECTED_EOF_WHILE_READING] EOF occurred in violation of protocol (_ssl.c:1000). Retrying (147/inf)...
Sleeping 3.00 seconds ...
[download] Got error: [SSL: UNEXPECTED_EOF_WHILE_READING] EOF occurred in violation of protocol (_ssl.c:1000). Retrying (148/inf)...
Sleeping 3.00 seconds ...
[download] Got error: [SSL: UNEXPECTED_EOF_WHILE_READING] EOF occurred in violation of protocol (_ssl.c:1000). Retrying (149/inf)...
Sleeping 3.00 seconds ...
[download] Got error: [SSL: UNEXPECTED_EOF_WHILE_READING] EOF occurred in violation of protocol (_ssl.c:1000). Retrying (150/inf)...
Sleeping 3.00 seconds ...
[download] Got error: [SSL: UNEXPECTED_EOF_WHILE_READING] EOF occurred in violation of protocol (_ssl.c:1000). Retrying (151/inf)...
Sleeping 3.00 seconds ...
[download] Got error: [SSL: UNEXPECTED_EOF_WHILE_READING] EOF occurred in violation of protocol (_ssl.c:1000). Retrying (152/inf)...
Sleeping 3.00 seconds ...
[download] Got error: [SSL: UNEXPECTED_EOF_WHILE_READING] EOF occurred in violation of protocol (_ssl.c:1000). Retrying (153/inf)...
Sleeping 3.00 seconds ...
[download] Got error: [SSL: UNEXPECTED_EOF_WHILE_READING] EOF occurred in violation of protocol (_ssl.c:1000). Retrying (154/inf)...
Sleeping 3.00 seconds ...
[download] Got error: [SSL: UNEXPECTED_EOF_WHILE_READING] EOF occurred in violation of protocol (_ssl.c:1000). Retrying (155/inf)...
Sleeping 3.00 seconds ...
[download] Got error: [SSL: UNEXPECTED_EOF_WHILE_READING] EOF occurred in violation of protocol (_ssl.c:1000). Retrying (156/inf)...
Sleeping 3.00 seconds ...
[download] Got error: [SSL: UNEXPECTED_EOF_WHILE_READING] EOF occurred in violation of protocol (_ssl.c:1000). Retrying (157/inf)...
Sleeping 3.00 seconds ...
[download] Got error: [SSL: UNEXPECTED_EOF_WHILE_READING] EOF occurred in violation of protocol (_ssl.c:1000). Retrying (158/inf)...
Sleeping 3.00 seconds ...
[download] Got error: [SSL: UNEXPECTED_EOF_WHILE_READING] EOF occurred in violation of protocol (_ssl.c:1000). Retrying (159/inf)...
Sleeping 3.00 seconds ...
[download] Got error: [SSL: UNEXPECTED_EOF_WHILE_READING] EOF occurred in violation of protocol (_ssl.c:1000). Retrying (160/inf)...
Sleeping 3.00 seconds ...
[download] Got error: [SSL: UNEXPECTED_EOF_WHILE_READING] EOF occurred in violation of protocol (_ssl.c:1000). Retrying (161/inf)...
Sleeping 3.00 seconds ...
[download] Got error: [SSL: UNEXPECTED_EOF_WHILE_READING] EOF occurred in violation of protocol (_ssl.c:1000). Retrying (162/inf)...
Sleeping 3.00 seconds ...
[download] Got error: [SSL: UNEXPECTED_EOF_WHILE_READING] EOF occurred in violation of protocol (_ssl.c:1000). Retrying (163/inf)...
Sleeping 3.00 seconds ...
[download] Got error: [SSL: UNEXPECTED_EOF_WHILE_READING] EOF occurred in violation of protocol (_ssl.c:1000). Retrying (164/inf)...
Sleeping 3.00 seconds ...
[download] Got error: [SSL: UNEXPECTED_EOF_WHILE_READING] EOF occurred in violation of protocol (_ssl.c:1000). Retrying (165/inf)...
Sleeping 3.00 seconds ...
[download] Got error: [SSL: UNEXPECTED_EOF_WHILE_READING] EOF occurred in violation of protocol (_ssl.c:1000). Retrying (166/inf)...
Sleeping 3.00 seconds ...
[download] Got error: [SSL: UNEXPECTED_EOF_WHILE_READING] EOF occurred in violation of protocol (_ssl.c:1000). Retrying (167/inf)...
Sleeping 3.00 seconds ...
[download] Got error: [SSL: UNEXPECTED_EOF_WHILE_READING] EOF occurred in violation of protocol (_ssl.c:1000). Retrying (168/inf)...
Sleeping 3.00 seconds ...
[download] Got error: [SSL: UNEXPECTED_EOF_WHILE_READING] EOF occurred in violation of protocol (_ssl.c:1000). Retrying (169/inf)...
Sleeping 3.00 seconds ...
[download] Got error: [SSL: UNEXPECTED_EOF_WHILE_READING] EOF occurred in violation of protocol (_ssl.c:1000). Retrying (170/inf)...
Sleeping 3.00 seconds ...
[download] Got error: [SSL: UNEXPECTED_EOF_WHILE_READING] EOF occurred in violation of protocol (_ssl.c:1000). Retrying (171/inf)...
Sleeping 3.00 seconds ...
[download] Got error: [SSL: UNEXPECTED_EOF_WHILE_READING] EOF occurred in violation of protocol (_ssl.c:1000). Retrying (172/inf)...
Sleeping 3.00 seconds ...
[download] Got error: [SSL: UNEXPECTED_EOF_WHILE_READING] EOF occurred in violation of protocol (_ssl.c:1000). Retrying (173/inf)...
Sleeping 3.00 seconds ...
[download] Got error: [SSL: UNEXPECTED_EOF_WHILE_READING] EOF occurred in violation of protocol (_ssl.c:1000). Retrying (174/inf)...
Sleeping 3.00 seconds ...
[download] Got error: [SSL: UNEXPECTED_EOF_WHILE_READING] EOF occurred in violation of protocol (_ssl.c:1000). Retrying (175/inf)...
Sleeping 3.00 seconds ...
[download] Got error: [SSL: UNEXPECTED_EOF_WHILE_READING] EOF occurred in violation of protocol (_ssl.c:1000). Retrying (176/inf)...
Sleeping 3.00 seconds ...
[download] Got error: [SSL: UNEXPECTED_EOF_WHILE_READING] EOF occurred in violation of protocol (_ssl.c:1000). Retrying (177/inf)...
Sleeping 3.00 seconds ...
[download] Got error: [SSL: UNEXPECTED_EOF_WHILE_READING] EOF occurred in violation of protocol (_ssl.c:1000). Retrying (178/inf)...
Sleeping 3.00 seconds ...
[download] Got error: [SSL: UNEXPECTED_EOF_WHILE_READING] EOF occurred in violation of protocol (_ssl.c:1000). Retrying (179/inf)...
Sleeping 3.00 seconds ...
[download] Got error: [SSL: UNEXPECTED_EOF_WHILE_READING] EOF occurred in violation of protocol (_ssl.c:1000). Retrying (180/inf)...
Sleeping 3.00 seconds ...
[download] Got error: [SSL: UNEXPECTED_EOF_WHILE_READING] EOF occurred in violation of protocol (_ssl.c:1000). Retrying (181/inf)...
Sleeping 3.00 seconds ...
[download] Got error: [SSL: UNEXPECTED_EOF_WHILE_READING] EOF occurred in violation of protocol (_ssl.c:1000). Retrying (182/inf)...
Sleeping 3.00 seconds ...
[download] Got error: [SSL: UNEXPECTED_EOF_WHILE_READING] EOF occurred in violation of protocol (_ssl.c:1000). Retrying (183/inf)...
Sleeping 3.00 seconds ...
[download] Got error: [SSL: UNEXPECTED_EOF_WHILE_READING] EOF occurred in violation of protocol (_ssl.c:1000). Retrying (184/inf)...
Sleeping 3.00 seconds ...
[download] Got error: [SSL: UNEXPECTED_EOF_WHILE_READING] EOF occurred in violation of protocol (_ssl.c:1000). Retrying (185/inf)...
Sleeping 3.00 seconds ...
[download] Got error: [SSL: UNEXPECTED_EOF_WHILE_READING] EOF occurred in violation of protocol (_ssl.c:1000). Retrying (186/inf)...
Sleeping 3.00 seconds ...
[download] Got error: [SSL: UNEXPECTED_EOF_WHILE_READING] EOF occurred in violation of protocol (_ssl.c:1000). Retrying (187/inf)...
Sleeping 3.00 seconds ...
[download] Got error: [SSL: UNEXPECTED_EOF_WHILE_READING] EOF occurred in violation of protocol (_ssl.c:1000). Retrying (188/inf)...
Sleeping 3.00 seconds ...
[download] Got error: [SSL: UNEXPECTED_EOF_WHILE_READING] EOF occurred in violation of protocol (_ssl.c:1000). Retrying (189/inf)...
Sleeping 3.00 seconds ...
[download] Got error: [SSL: UNEXPECTED_EOF_WHILE_READING] EOF occurred in violation of protocol (_ssl.c:1000). Retrying (190/inf)...
Sleeping 3.00 seconds ...
[download] Got error: [SSL: UNEXPECTED_EOF_WHILE_READING] EOF occurred in violation of protocol (_ssl.c:1000). Retrying (191/inf)...
Sleeping 3.00 seconds ...
[download] Got error: [SSL: UNEXPECTED_EOF_WHILE_READING] EOF occurred in violation of protocol (_ssl.c:1000). Retrying (192/inf)...
Sleeping 3.00 seconds ...
[download] Got error: [SSL: UNEXPECTED_EOF_WHILE_READING] EOF occurred in violation of protocol (_ssl.c:1000). Retrying (193/inf)...
Sleeping 3.00 seconds ...
[download] Got error: [SSL: UNEXPECTED_EOF_WHILE_READING] EOF occurred in violation of protocol (_ssl.c:1000). Retrying (194/inf)...
Sleeping 3.00 seconds ...
[download] Got error: [SSL: UNEXPECTED_EOF_WHILE_READING] EOF occurred in violation of protocol (_ssl.c:1000). Retrying (195/inf)...
Sleeping 3.00 seconds ...
[download] Got error: [SSL: UNEXPECTED_EOF_WHILE_READING] EOF occurred in violation of protocol (_ssl.c:1000). Retrying (196/inf)...
Sleeping 3.00 seconds ...
[download] Got error: [SSL: UNEXPECTED_EOF_WHILE_READING] EOF occurred in violation of protocol (_ssl.c:1000). Retrying (197/inf)...
Sleeping 3.00 seconds ...
[download] Got error: [SSL: UNEXPECTED_EOF_WHILE_READING] EOF occurred in violation of protocol (_ssl.c:1000). Retrying (198/inf)...
Sleeping 3.00 seconds ...
[download] Got error: [SSL: UNEXPECTED_EOF_WHILE_READING] EOF occurred in violation of protocol (_ssl.c:1000). Retrying (199/inf)...
Sleeping 3.00 seconds ...
[download] Got error: [SSL: UNEXPECTED_EOF_WHILE_READING] EOF occurred in violation of protocol (_ssl.c:1000). Retrying (200/inf)...
Sleeping 3.00 seconds ...
[download] Got error: [SSL: UNEXPECTED_EOF_WHILE_READING] EOF occurred in violation of protocol (_ssl.c:1000). Retrying (201/inf)...
Sleeping 3.00 seconds ...
[download] Got error: [SSL: UNEXPECTED_EOF_WHILE_READING] EOF occurred in violation of protocol (_ssl.c:1000). Retrying (202/inf)...
Sleeping 3.00 seconds ...
[download] Got error: [SSL: UNEXPECTED_EOF_WHILE_READING] EOF occurred in violation of protocol (_ssl.c:1000). Retrying (203/inf)...
Sleeping 3.00 seconds ...
[download] Got error: [SSL: UNEXPECTED_EOF_WHILE_READING] EOF occurred in violation of protocol (_ssl.c:1000). Retrying (204/inf)...
Sleeping 3.00 seconds ...
[download] Got error: [SSL: UNEXPECTED_EOF_WHILE_READING] EOF occurred in violation of protocol (_ssl.c:1000). Retrying (205/inf)...
Sleeping 3.00 seconds ...
[download] Got error: [SSL: UNEXPECTED_EOF_WHILE_READING] EOF occurred in violation of protocol (_ssl.c:1000). Retrying (206/inf)...
Sleeping 3.00 seconds ...
[download] Got error: [SSL: UNEXPECTED_EOF_WHILE_READING] EOF occurred in violation of protocol (_ssl.c:1000). Retrying (207/inf)...
Sleeping 3.00 seconds ...
[download] Got error: [SSL: UNEXPECTED_EOF_WHILE_READING] EOF occurred in violation of protocol (_ssl.c:1000). Retrying (208/inf)...
Sleeping 3.00 seconds ...
[download] Got error: [SSL: UNEXPECTED_EOF_WHILE_READING] EOF occurred in violation of protocol (_ssl.c:1000). Retrying (209/inf)...
Sleeping 3.00 seconds ...
[download] Got error: [SSL: UNEXPECTED_EOF_WHILE_READING] EOF occurred in violation of protocol (_ssl.c:1000). Retrying (210/inf)...
Sleeping 3.00 seconds ...
[download] Got error: [SSL: UNEXPECTED_EOF_WHILE_READING] EOF occurred in violation of protocol (_ssl.c:1000). Retrying (211/inf)...
Sleeping 3.00 seconds ...
[download] Got error: [SSL: UNEXPECTED_EOF_WHILE_READING] EOF occurred in violation of protocol (_ssl.c:1000). Retrying (212/inf)...
Sleeping 3.00 seconds ...
[download] Got error: [SSL: UNEXPECTED_EOF_WHILE_READING] EOF occurred in violation of protocol (_ssl.c:1000). Retrying (213/inf)...
Sleeping 3.00 seconds ...
[download] Got error: [SSL: UNEXPECTED_EOF_WHILE_READING] EOF occurred in violation of protocol (_ssl.c:1000). Retrying (214/inf)...
Sleeping 3.00 seconds ...
[download] Got error: [SSL: UNEXPECTED_EOF_WHILE_READING] EOF occurred in violation of protocol (_ssl.c:1000). Retrying (215/inf)...
Sleeping 3.00 seconds ...
[download] Got error: [SSL: UNEXPECTED_EOF_WHILE_READING] EOF occurred in violation of protocol (_ssl.c:1000). Retrying (216/inf)...
Sleeping 3.00 seconds ...
[download] Got error: [SSL: UNEXPECTED_EOF_WHILE_READING] EOF occurred in violation of protocol (_ssl.c:1000). Retrying (217/inf)...
Sleeping 3.00 seconds ...
[download] Got error: [SSL: UNEXPECTED_EOF_WHILE_READING] EOF occurred in violation of protocol (_ssl.c:1000). Retrying (218/inf)...
Sleeping 3.00 seconds ...
[download] Got error: [SSL: UNEXPECTED_EOF_WHILE_READING] EOF occurred in violation of protocol (_ssl.c:1000). Retrying (219/inf)...
Sleeping 3.00 seconds ...
[download] Got error: [SSL: UNEXPECTED_EOF_WHILE_READING] EOF occurred in violation of protocol (_ssl.c:1000). Retrying (220/inf)...
Sleeping 3.00 seconds ...
[download] Got error: [SSL: UNEXPECTED_EOF_WHILE_READING] EOF occurred in violation of protocol (_ssl.c:1000). Retrying (221/inf)...
Sleeping 3.00 seconds ...
[download] Got error: [SSL: UNEXPECTED_EOF_WHILE_READING] EOF occurred in violation of protocol (_ssl.c:1000). Retrying (222/inf)...
Sleeping 3.00 seconds ...
[download] Got error: [SSL: UNEXPECTED_EOF_WHILE_READING] EOF occurred in violation of protocol (_ssl.c:1000). Retrying (223/inf)...
Sleeping 3.00 seconds ...
[download] Got error: [SSL: UNEXPECTED_EOF_WHILE_READING] EOF occurred in violation of protocol (_ssl.c:1000). Retrying (224/inf)...
Sleeping 3.00 seconds ...
[download] Got error: [SSL: UNEXPECTED_EOF_WHILE_READING] EOF occurred in violation of protocol (_ssl.c:1000). Retrying (225/inf)...
Sleeping 3.00 seconds ...
[download] Got error: [SSL: UNEXPECTED_EOF_WHILE_READING] EOF occurred in violation of protocol (_ssl.c:1000). Retrying (226/inf)...
Sleeping 3.00 seconds ...
[download] Got error: [SSL: UNEXPECTED_EOF_WHILE_READING] EOF occurred in violation of protocol (_ssl.c:1000). Retrying (227/inf)...
Sleeping 3.00 seconds ...
[download] Got error: [SSL: UNEXPECTED_EOF_WHILE_READING] EOF occurred in violation of protocol (_ssl.c:1000). Retrying (228/inf)...
Sleeping 3.00 seconds ...
[download] Got error: [SSL: UNEXPECTED_EOF_WHILE_READING] EOF occurred in violation of protocol (_ssl.c:1000). Retrying (229/inf)...
Sleeping 3.00 seconds ...
[download] Got error: [SSL: UNEXPECTED_EOF_WHILE_READING] EOF occurred in violation of protocol (_ssl.c:1000). Retrying (230/inf)...
Sleeping 3.00 seconds ...
[download] Got error: [SSL: UNEXPECTED_EOF_WHILE_READING] EOF occurred in violation of protocol (_ssl.c:1000). Retrying (231/inf)...
Sleeping 3.00 seconds ...
[download] Got error: [SSL: UNEXPECTED_EOF_WHILE_READING] EOF occurred in violation of protocol (_ssl.c:1000). Retrying (232/inf)...
Sleeping 3.00 seconds ...
[download] Got error: [SSL: UNEXPECTED_EOF_WHILE_READING] EOF occurred in violation of protocol (_ssl.c:1000). Retrying (233/inf)...
Sleeping 3.00 seconds ...
[download] Got error: [SSL: UNEXPECTED_EOF_WHILE_READING] EOF occurred in violation of protocol (_ssl.c:1000). Retrying (234/inf)...
Sleeping 3.00 seconds ...
[download] Got error: [SSL: UNEXPECTED_EOF_WHILE_READING] EOF occurred in violation of protocol (_ssl.c:1000). Retrying (235/inf)...
Sleeping 3.00 seconds ...
[download] Destination: 椎名もた(siinamota) - Young Girl A ⧸ 少女A [AqI97zHMoQw].en.srv3
[download] 100% of    2.66KiB in 00:31:49 at 1.43B/s
[info] Downloading video thumbnail 41 ...
[info] Video Thumbnail 41 does not exist
Deleting existing file 椎名もた(siinamota) - Young Girl A ⧸ 少女A [AqI97zHMoQw].jpg
[info] Downloading video thumbnail 40 ...
[info] Writing video thumbnail 40 to: 椎名もた(siinamota) - Young Girl A ⧸ 少女A [AqI97zHMoQw].jpg
[info] Writing video metadata as JSON to: 椎名もた(siinamota) - Young Girl A ⧸ 少女A [AqI97zHMoQw].info.json
[download] 椎名もた(siinamota) - Young Girl A ⧸ 少女A [AqI97zHMoQw].webm has already been downloaded
[debug] Adding to archive: youtube AqI97zHMoQw
[youtube] Extracting URL: FAUrfwJqjtU
[youtube] FAUrfwJqjtU: Downloading webpage
[youtube] FAUrfwJqjtU: Downloading tv downgraded player API JSON
[youtube] [jsc:node] Solving JS challenges using node
[debug] [youtube] [jsc:node] Running node: [REDACTED]/node --permission -
[debug] [youtube] FAUrfwJqjtU: Detected experiment to bind GVS PO Token to video ID for web_safari client
[youtube] FAUrfwJqjtU: Downloading m3u8 information
[info] FAUrfwJqjtU: Downloading subtitles: en
[debug] Sort order given by extractor: quality, res, fps, hdr:12, source, vcodec, channels, acodec, lang, proto
[debug] Formats sorted by: hasvid, ie_pref, quality, res, fps, hdr:12(7), source, vcodec, channels, acodec, lang, proto, size, br, asr, vext, aext, hasaud, id
[youtube] Downloading comment section API JSON
[youtube] Downloading ~57 comments
[youtube] Sorting comments by newest
[youtube] Downloading comment API JSON page 1 (0/~57)
[youtube]     Downloading comment API JSON reply thread 1 (1/~57)
[youtube]     Downloading comment API JSON reply thread 2 (6/~57)
[youtube]     Downloading comment API JSON reply thread 3 (12/~57)
[youtube]     Downloading comment API JSON reply thread 4 (14/~57)
[youtube]     Downloading comment API JSON reply thread 5 (17/~57)
[youtube]     Downloading comment API JSON reply thread 6 (19/~57)
[youtube]     Downloading comment API JSON reply thread 7 (21/~57)
[youtube]     Downloading comment API JSON reply thread 8 (26/~57)
[youtube]     Downloading comment API JSON reply thread 9 (30/~57)
[youtube] Downloading comment API JSON page 2 (33/~57)
[youtube]     Downloading comment API JSON reply thread 1 (36/~57)
[youtube]     Downloading comment API JSON reply thread 2 (38/~57)
[youtube] Downloading comment API JSON page 3 (55/~57)
[youtube] Extracted 56 comments
[debug] Default format spec: bestvideo*+bestaudio/best
[info] FAUrfwJqjtU: Downloading 1 format(s): 137+251
[info] Writing video description to: I've Got a Little List (from The Mikado) - 2020 Edition [FAUrfwJqjtU].description
[info] Writing video subtitles to: I've Got a Little List (from The Mikado) - 2020 Edition [FAUrfwJqjtU].en.srv3
[debug] Invoking http downloader on "https://www.youtube.com/api/timedtext?v=FAUrfwJqjtU&ei=B74varOlL6-LvdIP66bKuQc&caps=asr&opi=112496729&xoaf=5&xowf=1&hl=en&ip=0.0.0.0&ipbits=0&expire=1781538935&sparams=ip%2Cipbits%2Cexpire%2Cv%2Cei%2Ccaps%2Copi%2Cxoaf&signature=3D3A3892758372B43C9AE48CC12BA39B385612CF.17DE3451B9B893D1F49AF488672145B1C37BD83C&key=yt8&lang=en&fmt=srv3"
[download] Sleeping 5.00 seconds ...
WARNING: The extractor specified to use impersonation for this download, but no impersonate target is available. If you encounter errors, then see  https://github.com/yt-dlp/yt-dlp#impersonation  for information on installing the required dependencies
[download] Destination: I've Got a Little List (from The Mikado) - 2020 Edition [FAUrfwJqjtU].en.srv3
[download] 100% of    2.86KiB in 00:00:03 at 946.88B/s
[info] Downloading video thumbnail 41 ...
[info] Writing video thumbnail 41 to: I've Got a Little List (from The Mikado) - 2020 Edition [FAUrfwJqjtU].webp
[info] Writing video metadata as JSON to: I've Got a Little List (from The Mikado) - 2020 Edition [FAUrfwJqjtU].info.json
[debug] Invoking http downloader on "[REDACTED]"
[download] Sleeping 9.36 seconds ...
[download] Destination: I've Got a Little List (from The Mikado) - 2020 Edition [FAUrfwJqjtU].f137.mp4
[download] 100% of   55.34MiB in 00:00:38 at 1.44MiB/s
[debug] Invoking http downloader on "[REDACTED]"
[download] Sleeping 10.61 seconds ...
[download] Destination: I've Got a Little List (from The Mikado) - 2020 Edition [FAUrfwJqjtU].f251.webm
[download] 100% of    1.75MiB in 00:00:04 at 390.43KiB/s
[Merger] Merging formats into "I've Got a Little List (from The Mikado) - 2020 Edition [FAUrfwJqjtU].mkv"
[debug] ffmpeg command line: ffmpeg -y -loglevel repeat+info -i 'file:I'"'"'ve Got a Little List (from The Mikado) - 2020 Edition [FAUrfwJqjtU].f137.mp4' -i 'file:I'"'"'ve Got a Little List (from The Mikado) - 2020 Edition [FAUrfwJqjtU].f251.webm' -c copy -map 0:v:0 -map 1:a:0 -movflags +faststart 'file:I'"'"'ve Got a Little List (from The Mikado) - 2020 Edition [FAUrfwJqjtU].temp.mkv'
Deleting original file I've Got a Little List (from The Mikado) - 2020 Edition [FAUrfwJqjtU].f251.webm (pass -k to keep)
Deleting original file I've Got a Little List (from The Mikado) - 2020 Edition [FAUrfwJqjtU].f137.mp4 (pass -k to keep)
[debug] Adding to archive: youtube FAUrfwJqjtU
